Sr No,Gateway,Scheme Name,Fund Name,ISIN,Plan Type,Option,IDCW Option,Active,Thresholds
1,cybrillapoa,ADITYA BIRLA SUN LIFE AGGRESSIVE HYBRID OMNI FOF-  REGULAR -  IDCW,ADITYA BIRLA SUN LIFE MUTUAL FUND,INF084M01093,regular,idcw,reinvestment,true,"[{""type"":""lumpsum"",""amount_min"":100,""additional_amount_min"":100,""amount_max"":999999999,""additional_amount_max"":999999999,""amount_multiples"":1,""additional_amount_multiples"":1},{""type"":""withdrawal"",""amount_min"":1,""amount_max"":999999999,""amount_multiples"":1,""units_min"":0.001,""units_max"":999999999,""units_multiples"":0.001},{""type"":""sip"",""frequency"":""monthly"",""amount_min"":100,""amount_max"":999999999,""amount_multiples"":1,""installments_min"":6,""dates"":[1,2,3,4,5,6,7,8,9,10,11,12,13,14,15,16,17,18,19,20,21,22,23,24,25,26,27,28]}]"
2,cybrillapoa,ADITYA BIRLA SUN LIFE AGGRESSIVE HYBRID OMNI FOF- REGULAR PLAN - GROWTH OPTION,ADITYA BIRLA SUN LIFE MUTUAL FUND,INF084M01077,regular,growth,,true,"[{""type"":""lumpsum"",""amount_min"":100,""additional_amount_min"":100,""amount_max"":999999999,""additional_amount_max"":999999999,""amount_multiples"":1,""additional_amount_multiples"":1},{""type"":""withdrawal"",""amount_min"":1,""amount_max"":999999999,""amount_multiples"":1,""units_min"":0.001,""units_max"":999999999,""units_multiples"":0.001},{""type"":""sip"",""frequency"":""monthly"",""amount_min"":100,""amount_max"":999999999,""amount_multiples"":1,""installments_min"":6,""dates"":[1,2,3,4,5,6,7,8,9,10,11,12,13,14,15,16,17,18,19,20,21,22,23,24,25,26,27,28]}]"
3,cybrillapoa,ADITYA BIRLA SUN LIFE ARBITRAGE FUND - REGULAR PLAN - GROWTH,ADITYA BIRLA SUN LIFE MUTUAL FUND,INF209K01264,regular,growth,,true,"[{""type"":""lumpsum"",""amount_min"":1000,""additional_amount_min"":1000,""amount_max"":999999999,""additional_amount_max"":999999999,""amount_multiples"":1,""additional_amount_multiples"":1},{""type"":""withdrawal"",""amount_min"":1,""amount_max"":999999999,""amount_multiples"":1,""units_min"":0.001,""units_max"":999999999,""units_multiples"":0.001},{""type"":""sip"",""frequency"":""monthly"",""amount_min"":100,""amount_max"":999999999,""amount_multiples"":1,""installments_min"":6,""dates"":[1,2,3,4,5,6,7,8,9,10,11,12,13,14,15,16,17,18,19,20,21,22,23,24,25,26,27,28]},{""type"":""sip"",""frequency"":""calendar_day_daily"",""amount_min"":100,""amount_max"":999999999,""amount_multiples"":1,""installments_min"":60,""dates"":[]},{""type"":""sip"",""frequency"":""daily"",""amount_min"":100,""amount_max"":999999999,""amount_multiples"":1,""installments_min"":60,""dates"":[]}]"
4,cybrillapoa,ADITYA BIRLA SUN LIFE ARBITRAGE FUND-REGULAR - IDCW,ADITYA BIRLA SUN LIFE MUTUAL FUND,INF209K01256,regular,idcw,payout,true,"[{""type"":""lumpsum"",""amount_min"":1000,""additional_amount_min"":1000,""amount_max"":999999999,""additional_amount_max"":999999999,""amount_multiples"":1,""additional_amount_multiples"":1},{""type"":""withdrawal"",""amount_min"":1,""amount_max"":999999999,""amount_multiples"":1,""units_min"":0.001,""units_max"":999999999,""units_multiples"":0.001},{""type"":""sip"",""frequency"":""monthly"",""amount_min"":100,""amount_max"":999999999,""amount_multiples"":1,""installments_min"":6,""dates"":[1,2,3,4,5,6,7,8,9,10,11,12,13,14,15,16,17,18,19,20,21,22,23,24,25,26,27,28]},{""type"":""sip"",""frequency"":""calendar_day_daily"",""amount_min"":100,""amount_max"":999999999,""amount_multiples"":1,""installments_min"":60,""dates"":[]},{""type"":""sip"",""frequency"":""daily"",""amount_min"":100,""amount_max"":999999999,""amount_multiples"":1,""installments_min"":60,""dates"":[]}]"
5,cybrillapoa,ADITYA BIRLA SUN LIFE BAL BHAVISHYA YOJNA REGULAR GROWTH,ADITYA BIRLA SUN LIFE MUTUAL FUND,INF209KB1E76,regular,growth,,true,"[{""type"":""lumpsum"",""amount_min"":1000,""additional_amount_min"":1000,""amount_max"":999999999,""additional_amount_max"":999999999,""amount_multiples"":1,""additional_amount_multiples"":1},{""type"":""withdrawal"",""amount_min"":1,""amount_max"":999999999,""amount_multiples"":1,""units_min"":1,""units_max"":999999999,""units_multiples"":0.001},{""type"":""sip"",""frequency"":""monthly"",""amount_min"":500,""amount_max"":999999999,""amount_multiples"":1,""installments_min"":6,""dates"":[1,2,3,4,5,6,7,8,9,10,11,12,13,14,15,16,17,18,19,20,21,22,23,24,25,26,27,28]}]"
6,cybrillapoa,ADITYA BIRLA SUN LIFE BAL BHAVISHYA YOJNA- REGULAR - IDCW,ADITYA BIRLA SUN LIFE MUTUAL FUND,INF209KB1E92,regular,idcw,payout,true,"[{""type"":""lumpsum"",""amount_min"":1000,""additional_amount_min"":1000,""amount_max"":999999999,""additional_amount_max"":999999999,""amount_multiples"":1,""additional_amount_multiples"":1},{""type"":""withdrawal"",""amount_min"":1,""amount_max"":999999999,""amount_multiples"":1,""units_min"":1,""units_max"":999999999,""units_multiples"":0.001},{""type"":""sip"",""frequency"":""monthly"",""amount_min"":500,""amount_max"":999999999,""amount_multiples"":1,""installments_min"":6,""dates"":[1,2,3,4,5,6,7,8,9,10,11,12,13,14,15,16,17,18,19,20,21,22,23,24,25,26,27,28]}]"
7,cybrillapoa,ADITYA BIRLA SUN LIFE BAL BHAVISHYA YOJNA- REGULAR - IDCW,ADITYA BIRLA SUN LIFE MUTUAL FUND,INF209KB1F00,regular,idcw,reinvestment,true,"[{""type"":""withdrawal"",""amount_min"":1,""amount_max"":999999999,""amount_multiples"":1,""units_min"":1,""units_max"":999999999,""units_multiples"":0.001}]"
8,cybrillapoa,ADITYA BIRLA SUN LIFE BALANCED ADVANTAGE FUND - REGULAR PLAN - GROWTH OPTION,ADITYA BIRLA SUN LIFE MUTUAL FUND,INF084M01AB8,regular,growth,,true,"[{""type"":""lumpsum"",""amount_min"":100,""additional_amount_min"":100,""amount_max"":999999999,""additional_amount_max"":999999999,""amount_multiples"":1,""additional_amount_multiples"":1},{""type"":""withdrawal"",""amount_min"":1,""amount_max"":999999999,""amount_multiples"":1,""units_min"":0.001,""units_max"":999999999,""units_multiples"":0.001},{""type"":""sip"",""frequency"":""monthly"",""amount_min"":100,""amount_max"":999999999,""amount_multiples"":1,""installments_min"":6,""dates"":[1,2,3,4,5,6,7,8,9,10,11,12,13,14,15,16,17,18,19,20,21,22,23,24,25,26,27,28]},{""type"":""sip"",""frequency"":""calendar_day_daily"",""amount_min"":100,""amount_max"":999999999,""amount_multiples"":1,""installments_min"":60,""dates"":[]},{""type"":""sip"",""frequency"":""daily"",""amount_min"":100,""amount_max"":999999999,""amount_multiples"":1,""installments_min"":60,""dates"":[]}]"
9,cybrillapoa,ADITYA BIRLA SUN LIFE BALANCED ADVANTAGE FUND -REGULAR - IDCW,ADITYA BIRLA SUN LIFE MUTUAL FUND,INF084M01AD4,regular,idcw,reinvestment,true,"[{""type"":""lumpsum"",""amount_min"":100,""additional_amount_min"":100,""amount_max"":999999999,""additional_amount_max"":999999999,""amount_multiples"":1,""additional_amount_multiples"":1},{""type"":""withdrawal"",""amount_min"":1,""amount_max"":999999999,""amount_multiples"":1,""units_min"":0.001,""units_max"":999999999,""units_multiples"":0.001},{""type"":""sip"",""frequency"":""monthly"",""amount_min"":100,""amount_max"":999999999,""amount_multiples"":1,""installments_min"":6,""dates"":[1,2,3,4,5,6,7,8,9,10,11,12,13,14,15,16,17,18,19,20,21,22,23,24,25,26,27,28]},{""type"":""sip"",""frequency"":""calendar_day_daily"",""amount_min"":100,""amount_max"":999999999,""amount_multiples"":1,""installments_min"":60,""dates"":[]},{""type"":""sip"",""frequency"":""daily"",""amount_min"":100,""amount_max"":999999999,""amount_multiples"":1,""installments_min"":60,""dates"":[]}]"
10,cybrillapoa,ADITYA BIRLA SUN LIFE BANKING & PSU DEBT FUND  - REGULAR - IDCW,ADITYA BIRLA SUN LIFE MUTUAL FUND,INF209K01LX6,regular,idcw,payout,true,"[{""type"":""lumpsum"",""amount_min"":1000,""additional_amount_min"":1000,""amount_max"":999999999,""additional_amount_max"":999999999,""amount_multiples"":1,""additional_amount_multiples"":1},{""type"":""withdrawal"",""amount_min"":1,""amount_max"":999999999,""amount_multiples"":1,""units_min"":0.001,""units_max"":999999999,""units_multiples"":0.001},{""type"":""sip"",""frequency"":""monthly"",""amount_min"":1000,""amount_max"":999999999,""amount_multiples"":1,""installments_min"":6,""dates"":[1,2,3,4,5,6,7,8,9,10,11,12,13,14,15,16,17,18,19,20,21,22,23,24,25,26,27,28]}]"
11,cybrillapoa,ADITYA BIRLA SUN LIFE BANKING & PSU DEBT FUND  - REGULAR - MONTHLY IDCW,ADITYA BIRLA SUN LIFE MUTUAL FUND,INF209K01LU2,regular,idcw_monthly,payout,true,"[{""type"":""lumpsum"",""amount_min"":1000,""additional_amount_min"":1000,""amount_max"":999999999,""additional_amount_max"":999999999,""amount_multiples"":1,""additional_amount_multiples"":1},{""type"":""withdrawal"",""amount_min"":1,""amount_max"":999999999,""amount_multiples"":1,""units_min"":0.001,""units_max"":999999999,""units_multiples"":0.001},{""type"":""sip"",""frequency"":""monthly"",""amount_min"":1000,""amount_max"":999999999,""amount_multiples"":1,""installments_min"":6,""dates"":[1,2,3,4,5,6,7,8,9,10,11,12,13,14,15,16,17,18,19,20,21,22,23,24,25,26,27,28]}]"
12,cybrillapoa,ADITYA BIRLA SUN LIFE BANKING & PSU DEBT FUND  - REGULAR - QUARTERLY IDCW,ADITYA BIRLA SUN LIFE MUTUAL FUND,INF209K01LN7,regular,idcw_quarterly,payout,true,"[{""type"":""lumpsum"",""amount_min"":1000,""additional_amount_min"":1000,""amount_max"":999999999,""additional_amount_max"":999999999,""amount_multiples"":1,""additional_amount_multiples"":1},{""type"":""withdrawal"",""amount_min"":1,""amount_max"":999999999,""amount_multiples"":1,""units_min"":0.001,""units_max"":999999999,""units_multiples"":0.001},{""type"":""sip"",""frequency"":""monthly"",""amount_min"":1000,""amount_max"":999999999,""amount_multiples"":1,""installments_min"":6,""dates"":[1,2,3,4,5,6,7,8,9,10,11,12,13,14,15,16,17,18,19,20,21,22,23,24,25,26,27,28]}]"
13,cybrillapoa,ADITYA BIRLA SUN LIFE BANKING & PSU DEBT FUND  - RETAIL - QUARTERLY IDCW,ADITYA BIRLA SUN LIFE MUTUAL FUND,INF209K01LS6,regular,idcw_quarterly,payout,true,"[{""type"":""withdrawal"",""amount_min"":1,""amount_max"":999999999,""amount_multiples"":1,""units_min"":0.001,""units_max"":999999999,""units_multiples"":0.001}]"
14,cybrillapoa,ADITYA BIRLA SUN LIFE BANKING & PSU DEBT FUND - REGULAR PLAN-GROWTH,ADITYA BIRLA SUN LIFE MUTUAL FUND,INF209K01LV0,regular,growth,,true,"[{""type"":""lumpsum"",""amount_min"":1000,""additional_amount_min"":1000,""amount_max"":999999999,""additional_amount_max"":999999999,""amount_multiples"":1,""additional_amount_multiples"":1},{""type"":""withdrawal"",""amount_min"":1,""amount_max"":999999999,""amount_multiples"":1,""units_min"":0.001,""units_max"":999999999,""units_multiples"":0.001},{""type"":""sip"",""frequency"":""monthly"",""amount_min"":1000,""amount_max"":999999999,""amount_multiples"":1,""installments_min"":6,""dates"":[1,2,3,4,5,6,7,8,9,10,11,12,13,14,15,16,17,18,19,20,21,22,23,24,25,26,27,28]}]"
15,cybrillapoa,ADITYA BIRLA SUN LIFE BANKING & PSU DEBT FUND - RETAIL PLAN-GROWTH,ADITYA BIRLA SUN LIFE MUTUAL FUND,INF209K01LT4,regular,growth,,true,"[{""type"":""withdrawal"",""amount_min"":1,""amount_max"":999999999,""amount_multiples"":1,""units_min"":0.001,""units_max"":999999999,""units_multiples"":0.001}]"
16,cybrillapoa,ADITYA BIRLA SUN LIFE BANKING AND FINANCIAL SERVICES FUND - REGULAR - IDCW,ADITYA BIRLA SUN LIFE MUTUAL FUND,INF209K010W9,regular,idcw,payout,true,"[{""type"":""lumpsum"",""amount_min"":1000,""additional_amount_min"":1000,""amount_max"":999999999,""additional_amount_max"":999999999,""amount_multiples"":1,""additional_amount_multiples"":1},{""type"":""withdrawal"",""amount_min"":1,""amount_max"":999999999,""amount_multiples"":1,""units_min"":0.001,""units_max"":999999999,""units_multiples"":0.001},{""type"":""sip"",""frequency"":""monthly"",""amount_min"":100,""amount_max"":999999999,""amount_multiples"":1,""installments_min"":6,""dates"":[1,2,3,4,5,6,7,8,9,10,11,12,13,14,15,16,17,18,19,20,21,22,23,24,25,26,27,28]},{""type"":""sip"",""frequency"":""calendar_day_daily"",""amount_min"":100,""amount_max"":999999999,""amount_multiples"":1,""installments_min"":60,""dates"":[]},{""type"":""sip"",""frequency"":""daily"",""amount_min"":100,""amount_max"":999999999,""amount_multiples"":1,""installments_min"":60,""dates"":[]}]"
17,cybrillapoa,ADITYA BIRLA SUN LIFE BANKING AND FINANCIAL SERVICES FUND - REGULAR PLAN - GROWTH,ADITYA BIRLA SUN LIFE MUTUAL FUND,INF209K011W7,regular,growth,,true,"[{""type"":""lumpsum"",""amount_min"":1000,""additional_amount_min"":1000,""amount_max"":999999999,""additional_amount_max"":999999999,""amount_multiples"":1,""additional_amount_multiples"":1},{""type"":""withdrawal"",""amount_min"":1,""amount_max"":999999999,""amount_multiples"":1,""units_min"":0.001,""units_max"":999999999,""units_multiples"":0.001},{""type"":""sip"",""frequency"":""monthly"",""amount_min"":100,""amount_max"":999999999,""amount_multiples"":1,""installments_min"":6,""dates"":[1,2,3,4,5,6,7,8,9,10,11,12,13,14,15,16,17,18,19,20,21,22,23,24,25,26,27,28]},{""type"":""sip"",""frequency"":""calendar_day_daily"",""amount_min"":100,""amount_max"":999999999,""amount_multiples"":1,""installments_min"":60,""dates"":[]},{""type"":""sip"",""frequency"":""daily"",""amount_min"":100,""amount_max"":999999999,""amount_multiples"":1,""installments_min"":60,""dates"":[]}]"
18,cybrillapoa,ADITYA BIRLA SUN LIFE BSE 500 MOMENTUM 50 INDEX FUND- REGULAR GROWTH,ADITYA BIRLA SUN LIFE MUTUAL FUND,INF209KC1605,regular,growth,,true,"[{""type"":""lumpsum"",""amount_min"":500,""additional_amount_min"":500,""amount_max"":999999999,""additional_amount_max"":999999999,""amount_multiples"":100,""additional_amount_multiples"":100},{""type"":""withdrawal"",""amount_min"":1,""amount_max"":999999999,""amount_multiples"":0.01,""units_min"":0.001,""units_max"":999999999,""units_multiples"":0.001},{""type"":""sip"",""frequency"":""monthly"",""amount_min"":500,""amount_max"":999999999,""amount_multiples"":1,""installments_min"":6,""dates"":[1,2,3,4,5,6,7,8,9,10,11,12,13,14,15,16,17,18,19,20,21,22,23,24,25,26,27,28]},{""type"":""sip"",""frequency"":""daily"",""amount_min"":500,""amount_max"":999999999,""amount_multiples"":1,""installments_min"":60,""dates"":[]},{""type"":""sip"",""frequency"":""calendar_day_daily"",""amount_min"":500,""amount_max"":999999999,""amount_multiples"":1,""installments_min"":60,""dates"":[]}]"
19,cybrillapoa,ADITYA BIRLA SUN LIFE BSE 500 MOMENTUM 50 INDEX FUND-REGULAR IDCW PAYOUT,ADITYA BIRLA SUN LIFE MUTUAL FUND,INF209KC1654,regular,idcw,payout,true,"[{""type"":""lumpsum"",""amount_min"":500,""additional_amount_min"":500,""amount_max"":999999999,""additional_amount_max"":999999999,""amount_multiples"":100,""additional_amount_multiples"":100},{""type"":""withdrawal"",""amount_min"":1,""amount_max"":999999999,""amount_multiples"":0.01,""units_min"":0.001,""units_max"":999999999,""units_multiples"":0.001},{""type"":""sip"",""frequency"":""monthly"",""amount_min"":500,""amount_max"":999999999,""amount_multiples"":1,""installments_min"":6,""dates"":[1,2,3,4,5,6,7,8,9,10,11,12,13,14,15,16,17,18,19,20,21,22,23,24,25,26,27,28]},{""type"":""sip"",""frequency"":""daily"",""amount_min"":500,""amount_max"":999999999,""amount_multiples"":1,""installments_min"":60,""dates"":[]},{""type"":""sip"",""frequency"":""calendar_day_daily"",""amount_min"":500,""amount_max"":999999999,""amount_multiples"":1,""installments_min"":60,""dates"":[]}]"
20,cybrillapoa,ADITYA BIRLA SUN LIFE BSE 500 QUALITY 50 INDEX FUND - REGULAR GROWTH,ADITYA BIRLA SUN LIFE MUTUAL FUND,INF209KC1639,regular,growth,,true,"[{""type"":""lumpsum"",""amount_min"":500,""additional_amount_min"":500,""amount_max"":999999999,""additional_amount_max"":999999999,""amount_multiples"":100,""additional_amount_multiples"":100},{""type"":""withdrawal"",""amount_min"":1,""amount_max"":999999999,""amount_multiples"":0.01,""units_min"":0.001,""units_max"":999999999,""units_multiples"":0.001},{""type"":""sip"",""frequency"":""monthly"",""amount_min"":500,""amount_max"":999999999,""amount_multiples"":1,""installments_min"":6,""dates"":[1,2,3,4,5,6,7,8,9,10,11,12,13,14,15,16,17,18,19,20,21,22,23,24,25,26,27,28]},{""type"":""sip"",""frequency"":""daily"",""amount_min"":500,""amount_max"":999999999,""amount_multiples"":1,""installments_min"":60,""dates"":[]},{""type"":""sip"",""frequency"":""calendar_day_daily"",""amount_min"":500,""amount_max"":999999999,""amount_multiples"":1,""installments_min"":60,""dates"":[]}]"
21,cybrillapoa,ADITYA BIRLA SUN LIFE BSE 500 QUALITY 50 INDEX FUND - REGULAR IDCW PAYOUT,ADITYA BIRLA SUN LIFE MUTUAL FUND,INF209KC1647,regular,idcw,payout,true,"[{""type"":""lumpsum"",""amount_min"":500,""additional_amount_min"":500,""amount_max"":999999999,""additional_amount_max"":999999999,""amount_multiples"":100,""additional_amount_multiples"":100},{""type"":""withdrawal"",""amount_min"":1,""amount_max"":999999999,""amount_multiples"":0.01,""units_min"":0.001,""units_max"":999999999,""units_multiples"":0.001},{""type"":""sip"",""frequency"":""monthly"",""amount_min"":500,""amount_max"":999999999,""amount_multiples"":1,""installments_min"":6,""dates"":[1,2,3,4,5,6,7,8,9,10,11,12,13,14,15,16,17,18,19,20,21,22,23,24,25,26,27,28]},{""type"":""sip"",""frequency"":""daily"",""amount_min"":500,""amount_max"":999999999,""amount_multiples"":1,""installments_min"":60,""dates"":[]},{""type"":""sip"",""frequency"":""calendar_day_daily"",""amount_min"":500,""amount_max"":999999999,""amount_multiples"":1,""installments_min"":60,""dates"":[]}]"
22,cybrillapoa,ADITYA BIRLA SUN LIFE BSE INDIA INFRASTRUCTURE INDEX FUND-REGULAR GROWTH,ADITYA BIRLA SUN LIFE MUTUAL FUND,INF209KC1357,regular,growth,,true,"[{""type"":""lumpsum"",""amount_min"":500,""additional_amount_min"":500,""amount_max"":999999999,""additional_amount_max"":999999999,""amount_multiples"":100,""additional_amount_multiples"":100},{""type"":""withdrawal"",""amount_min"":0.01,""amount_max"":999999999,""amount_multiples"":0.01,""units_min"":0.001,""units_max"":999999999,""units_multiples"":0.001},{""type"":""sip"",""frequency"":""monthly"",""amount_min"":500,""amount_max"":999999999,""amount_multiples"":1,""installments_min"":6,""dates"":[1,2,3,4,5,6,7,8,9,10,11,12,13,14,15,16,17,18,19,20,21,22,23,24,25,26,27,28]}]"
23,cybrillapoa,ADITYA BIRLA SUN LIFE BSE INDIA INFRASTRUCTURE INDEX FUND-REGULAR IDCW PAYOUT,ADITYA BIRLA SUN LIFE MUTUAL FUND,INF209KC1365,regular,idcw,payout,true,"[{""type"":""lumpsum"",""amount_min"":500,""additional_amount_min"":500,""amount_max"":999999999,""additional_amount_max"":999999999,""amount_multiples"":100,""additional_amount_multiples"":100},{""type"":""withdrawal"",""amount_min"":0.01,""amount_max"":999999999,""amount_multiples"":0.01,""units_min"":0.001,""units_max"":999999999,""units_multiples"":0.001},{""type"":""sip"",""frequency"":""monthly"",""amount_min"":500,""amount_max"":999999999,""amount_multiples"":1,""installments_min"":6,""dates"":[1,2,3,4,5,6,7,8,9,10,11,12,13,14,15,16,17,18,19,20,21,22,23,24,25,26,27,28]}]"
24,cybrillapoa,ADITYA BIRLA SUN LIFE BUSINESS CYCLE FUND-REGULAR IDCW PAYOUT,ADITYA BIRLA SUN LIFE MUTUAL FUND,INF209KB13D4,regular,idcw,payout,true,"[{""type"":""lumpsum"",""amount_min"":500,""additional_amount_min"":500,""amount_max"":999999999,""additional_amount_max"":999999999,""amount_multiples"":1,""additional_amount_multiples"":1},{""type"":""withdrawal"",""amount_min"":1,""amount_max"":999999999,""amount_multiples"":1,""units_min"":0.001,""units_max"":999999999,""units_multiples"":0.001},{""type"":""sip"",""frequency"":""monthly"",""amount_min"":100,""amount_max"":999999999,""amount_multiples"":1,""installments_min"":6,""dates"":[1,2,3,4,5,6,7,8,9,10,11,12,13,14,15,16,17,18,19,20,21,22,23,24,25,26,27,28]},{""type"":""sip"",""frequency"":""calendar_day_daily"",""amount_min"":100,""amount_max"":999999999,""amount_multiples"":1,""installments_min"":60,""dates"":[]},{""type"":""sip"",""frequency"":""daily"",""amount_min"":100,""amount_max"":999999999,""amount_multiples"":1,""installments_min"":60,""dates"":[]}]"
25,cybrillapoa,ADITYA BIRLA SUN LIFE BUSINESS CYCLE FUND-REGULAR-GROWTH,ADITYA BIRLA SUN LIFE MUTUAL FUND,INF209KB12D6,regular,growth,,true,"[{""type"":""lumpsum"",""amount_min"":500,""additional_amount_min"":500,""amount_max"":999999999,""additional_amount_max"":999999999,""amount_multiples"":1,""additional_amount_multiples"":1},{""type"":""withdrawal"",""amount_min"":1,""amount_max"":999999999,""amount_multiples"":1,""units_min"":0.001,""units_max"":999999999,""units_multiples"":0.001},{""type"":""sip"",""frequency"":""monthly"",""amount_min"":100,""amount_max"":999999999,""amount_multiples"":1,""installments_min"":6,""dates"":[1,2,3,4,5,6,7,8,9,10,11,12,13,14,15,16,17,18,19,20,21,22,23,24,25,26,27,28]},{""type"":""sip"",""frequency"":""calendar_day_daily"",""amount_min"":100,""amount_max"":999999999,""amount_multiples"":1,""installments_min"":60,""dates"":[]},{""type"":""sip"",""frequency"":""daily"",""amount_min"":100,""amount_max"":999999999,""amount_multiples"":1,""installments_min"":60,""dates"":[]}]"
26,cybrillapoa,ADITYA BIRLA SUN LIFE CONGLOMERATE FUND-REGULAR GROWTH,ADITYA BIRLA SUN LIFE MUTUAL FUND,INF209KC1399,regular,growth,,true,"[{""type"":""lumpsum"",""amount_min"":100,""additional_amount_min"":100,""amount_max"":999999999,""additional_amount_max"":999999999,""amount_multiples"":1,""additional_amount_multiples"":1},{""type"":""withdrawal"",""amount_min"":0.01,""amount_max"":999999999,""amount_multiples"":0.01,""units_min"":0.001,""units_max"":999999999,""units_multiples"":0.001},{""type"":""sip"",""frequency"":""monthly"",""amount_min"":100,""amount_max"":999999999,""amount_multiples"":1,""installments_min"":6,""dates"":[1,2,3,4,5,6,7,8,9,10,11,12,13,14,15,16,17,18,19,20,21,22,23,24,25,26,27,28]}]"
27,cybrillapoa,ADITYA BIRLA SUN LIFE CONGLOMERATE FUND-REGULAR IDCW PAYOUT,ADITYA BIRLA SUN LIFE MUTUAL FUND,INF209KC1407,regular,idcw,payout,true,"[{""type"":""lumpsum"",""amount_min"":100,""additional_amount_min"":100,""amount_max"":999999999,""additional_amount_max"":999999999,""amount_multiples"":1,""additional_amount_multiples"":1},{""type"":""withdrawal"",""amount_min"":0.01,""amount_max"":999999999,""amount_multiples"":0.01,""units_min"":0.001,""units_max"":999999999,""units_multiples"":0.001},{""type"":""sip"",""frequency"":""monthly"",""amount_min"":100,""amount_max"":999999999,""amount_multiples"":1,""installments_min"":6,""dates"":[1,2,3,4,5,6,7,8,9,10,11,12,13,14,15,16,17,18,19,20,21,22,23,24,25,26,27,28]}]"
28,cybrillapoa,ADITYA BIRLA SUN LIFE CONSERVATIVE HYBRID ACTIVE FOF -REGULAR - IDCW,ADITYA BIRLA SUN LIFE MUTUAL FUND,INF084M01069,regular,idcw,reinvestment,true,"[{""type"":""lumpsum"",""amount_min"":100,""additional_amount_min"":100,""amount_max"":999999999,""additional_amount_max"":999999999,""amount_multiples"":1,""additional_amount_multiples"":1},{""type"":""withdrawal"",""amount_min"":1,""amount_max"":999999999,""amount_multiples"":1,""units_min"":0.001,""units_max"":999999999,""units_multiples"":0.001},{""type"":""sip"",""frequency"":""monthly"",""amount_min"":100,""amount_max"":999999999,""amount_multiples"":1,""installments_min"":6,""dates"":[1,2,3,4,5,6,7,8,9,10,11,12,13,14,15,16,17,18,19,20,21,22,23,24,25,26,27,28]}]"
29,cybrillapoa,ADITYA BIRLA SUN LIFE CONSERVATIVE HYBRID ACTIVE FOF- REGULAR PLAN - GROWTH OPTION,ADITYA BIRLA SUN LIFE MUTUAL FUND,INF084M01044,regular,growth,,true,"[{""type"":""lumpsum"",""amount_min"":100,""additional_amount_min"":100,""amount_max"":999999999,""additional_amount_max"":999999999,""amount_multiples"":1,""additional_amount_multiples"":1},{""type"":""withdrawal"",""amount_min"":1,""amount_max"":999999999,""amount_multiples"":1,""units_min"":0.001,""units_max"":999999999,""units_multiples"":0.001},{""type"":""sip"",""frequency"":""monthly"",""amount_min"":100,""amount_max"":999999999,""amount_multiples"":1,""installments_min"":6,""dates"":[1,2,3,4,5,6,7,8,9,10,11,12,13,14,15,16,17,18,19,20,21,22,23,24,25,26,27,28]}]"
30,cybrillapoa,ADITYA BIRLA SUN LIFE CONSUMPTION FUND -REGULAR - IDCW,ADITYA BIRLA SUN LIFE MUTUAL FUND,INF209K01439,regular,idcw,payout,true,"[{""type"":""lumpsum"",""amount_min"":1000,""additional_amount_min"":1000,""amount_max"":999999999,""additional_amount_max"":999999999,""amount_multiples"":1,""additional_amount_multiples"":1},{""type"":""withdrawal"",""amount_min"":1,""amount_max"":999999999,""amount_multiples"":1,""units_min"":0.001,""units_max"":999999999,""units_multiples"":0.001},{""type"":""sip"",""frequency"":""monthly"",""amount_min"":1000,""amount_max"":999999999,""amount_multiples"":1,""installments_min"":6,""dates"":[1,2,3,4,5,6,7,8,9,10,11,12,13,14,15,16,17,18,19,20,21,22,23,24,25,26,27,28]}]"
31,cybrillapoa,ADITYA BIRLA SUN LIFE CONSUMPTION FUND-GROWTH OPTION,ADITYA BIRLA SUN LIFE MUTUAL FUND,INF209K01447,regular,growth,,true,"[{""type"":""lumpsum"",""amount_min"":1000,""additional_amount_min"":1000,""amount_max"":999999999,""additional_amount_max"":999999999,""amount_multiples"":1,""additional_amount_multiples"":1},{""type"":""withdrawal"",""amount_min"":1,""amount_max"":999999999,""amount_multiples"":1,""units_min"":0.001,""units_max"":999999999,""units_multiples"":0.001},{""type"":""sip"",""frequency"":""monthly"",""amount_min"":1000,""amount_max"":999999999,""amount_multiples"":1,""installments_min"":6,""dates"":[1,2,3,4,5,6,7,8,9,10,11,12,13,14,15,16,17,18,19,20,21,22,23,24,25,26,27,28]}]"
32,cybrillapoa,ADITYA BIRLA SUN LIFE CORPORATE BOND FUND - GROWTH - REGULAR PLAN,ADITYA BIRLA SUN LIFE MUTUAL FUND,INF209K01785,regular,growth,,true,"[{""type"":""lumpsum"",""amount_min"":100,""additional_amount_min"":100,""amount_max"":999999999,""additional_amount_max"":999999999,""amount_multiples"":1,""additional_amount_multiples"":1},{""type"":""withdrawal"",""amount_min"":1,""amount_max"":999999999,""amount_multiples"":1,""units_min"":0.001,""units_max"":999999999,""units_multiples"":0.001},{""type"":""sip"",""frequency"":""monthly"",""amount_min"":100,""amount_max"":999999999,""amount_multiples"":1,""installments_min"":6,""dates"":[1,2,3,4,5,6,7,8,9,10,11,12,13,14,15,16,17,18,19,20,21,22,23,24,25,26,27,28]}]"
33,cybrillapoa,ADITYA BIRLA SUN LIFE CORPORATE BOND FUND -REGULAR - IDCW,ADITYA BIRLA SUN LIFE MUTUAL FUND,INF209KA1KS2,regular,idcw,payout,true,"[{""type"":""lumpsum"",""amount_min"":100,""additional_amount_min"":100,""amount_max"":999999999,""additional_amount_max"":999999999,""amount_multiples"":1,""additional_amount_multiples"":1},{""type"":""withdrawal"",""amount_min"":1,""amount_max"":999999999,""amount_multiples"":1,""units_min"":0.001,""units_max"":999999999,""units_multiples"":0.001},{""type"":""sip"",""frequency"":""monthly"",""amount_min"":100,""amount_max"":999999999,""amount_multiples"":1,""installments_min"":6,""dates"":[1,2,3,4,5,6,7,8,9,10,11,12,13,14,15,16,17,18,19,20,21,22,23,24,25,26,27,28]}]"
34,cybrillapoa,ADITYA BIRLA SUN LIFE CORPORATE BOND FUND -REGULAR - MONTHLY IDCW,ADITYA BIRLA SUN LIFE MUTUAL FUND,INF209K01983,regular,idcw_monthly,payout,true,"[{""type"":""lumpsum"",""amount_min"":100,""additional_amount_min"":100,""amount_max"":999999999,""additional_amount_max"":999999999,""amount_multiples"":1,""additional_amount_multiples"":1},{""type"":""withdrawal"",""amount_min"":1,""amount_max"":999999999,""amount_multiples"":1,""units_min"":0.001,""units_max"":999999999,""units_multiples"":0.001},{""type"":""sip"",""frequency"":""monthly"",""amount_min"":100,""amount_max"":999999999,""amount_multiples"":1,""installments_min"":6,""dates"":[1,2,3,4,5,6,7,8,9,10,11,12,13,14,15,16,17,18,19,20,21,22,23,24,25,26,27,28]}]"
35,cybrillapoa,ADITYA BIRLA SUN LIFE CREDIT RISK FUND - REGULAR - IDCW,ADITYA BIRLA SUN LIFE MUTUAL FUND,INF209KA1K54,regular,idcw,payout,true,"[{""type"":""lumpsum"",""amount_min"":100,""additional_amount_min"":100,""amount_max"":999999999,""additional_amount_max"":999999999,""amount_multiples"":1,""additional_amount_multiples"":1},{""type"":""withdrawal"",""amount_min"":1,""amount_max"":999999999,""amount_multiples"":1,""units_min"":0.001,""units_max"":999999999,""units_multiples"":0.001},{""type"":""sip"",""frequency"":""monthly"",""amount_min"":100,""amount_max"":999999999,""amount_multiples"":1,""installments_min"":6,""dates"":[1,2,3,4,5,6,7,8,9,10,11,12,13,14,15,16,17,18,19,20,21,22,23,24,25,26,27,28]}]"
36,cybrillapoa,ADITYA BIRLA SUN LIFE CREDIT RISK FUND - REGULAR PLAN - BONUS,ADITYA BIRLA SUN LIFE MUTUAL FUND,INF209KA1K70,regular,bonus,,true,"[{""type"":""withdrawal"",""amount_min"":1,""amount_max"":999999999,""amount_multiples"":1,""units_min"":0.001,""units_max"":999999999,""units_multiples"":0.001}]"
37,cybrillapoa,ADITYA BIRLA SUN LIFE CREDIT RISK FUND - REGULAR PLAN - GROWTH,ADITYA BIRLA SUN LIFE MUTUAL FUND,INF209KA1K47,regular,growth,,true,"[{""type"":""lumpsum"",""amount_min"":100,""additional_amount_min"":100,""amount_max"":999999999,""additional_amount_max"":999999999,""amount_multiples"":1,""additional_amount_multiples"":1},{""type"":""withdrawal"",""amount_min"":1,""amount_max"":999999999,""amount_multiples"":1,""units_min"":0.001,""units_max"":999999999,""units_multiples"":0.001},{""type"":""sip"",""frequency"":""monthly"",""amount_min"":100,""amount_max"":999999999,""amount_multiples"":1,""installments_min"":6,""dates"":[1,2,3,4,5,6,7,8,9,10,11,12,13,14,15,16,17,18,19,20,21,22,23,24,25,26,27,28]}]"
38,cybrillapoa,ADITYA BIRLA SUN LIFE CRISIL IBX 50:50 GILT PLUS SDL APR 2028 INDEX FUND-REGULAR GROWTH,ADITYA BIRLA SUN LIFE MUTUAL FUND,INF209KB12N5,regular,growth,,true,"[{""type"":""lumpsum"",""amount_min"":500,""additional_amount_min"":500,""amount_max"":999999999,""additional_amount_max"":999999999,""amount_multiples"":1,""additional_amount_multiples"":1},{""type"":""withdrawal"",""amount_min"":1,""amount_max"":999999999,""amount_multiples"":1,""units_min"":0.001,""units_max"":999999999,""units_multiples"":0.001},{""type"":""sip"",""frequency"":""monthly"",""amount_min"":500,""amount_max"":999999999,""amount_multiples"":1,""installments_min"":6,""dates"":[1,2,3,4,5,6,7,8,9,10,11,12,13,14,15,16,17,18,19,20,21,22,23,24,25,26,27,28]}]"
39,cybrillapoa,ADITYA BIRLA SUN LIFE CRISIL IBX 50:50 GILT PLUS SDL APR 2028 INDEX FUND-REGULAR IDCW,ADITYA BIRLA SUN LIFE MUTUAL FUND,INF209KB13N3,regular,idcw,payout,true,"[{""type"":""lumpsum"",""amount_min"":500,""additional_amount_min"":500,""amount_max"":999999999,""additional_amount_max"":999999999,""amount_multiples"":1,""additional_amount_multiples"":1},{""type"":""withdrawal"",""amount_min"":1,""amount_max"":999999999,""amount_multiples"":1,""units_min"":0.001,""units_max"":999999999,""units_multiples"":0.001},{""type"":""sip"",""frequency"":""monthly"",""amount_min"":500,""amount_max"":999999999,""amount_multiples"":1,""installments_min"":6,""dates"":[1,2,3,4,5,6,7,8,9,10,11,12,13,14,15,16,17,18,19,20,21,22,23,24,25,26,27,28]}]"
40,cybrillapoa,ADITYA BIRLA SUN LIFE CRISIL IBX 60:40 SDL+AAA PSU APR 2026 INDEX FUND-REGULAR GROWTH,ADITYA BIRLA SUN LIFE MUTUAL FUND,INF209KB18O0,regular,growth,,true,"[{""type"":""lumpsum"",""amount_min"":500,""additional_amount_min"":500,""amount_max"":999999999,""additional_amount_max"":999999999,""amount_multiples"":1,""additional_amount_multiples"":1},{""type"":""withdrawal"",""amount_min"":1,""amount_max"":999999999,""amount_multiples"":1,""units_min"":0.001,""units_max"":999999999,""units_multiples"":0.001},{""type"":""sip"",""frequency"":""monthly"",""amount_min"":500,""amount_max"":999999999,""amount_multiples"":1,""installments_min"":6,""dates"":[1,2,3,4,5,6,7,8,9,10,11,12,13,14,15,16,17,18,19,20,21,22,23,24,25,26,27,28]}]"
41,cybrillapoa,ADITYA BIRLA SUN LIFE CRISIL IBX 60:40 SDL+AAA PSU APR 2026 INDEX FUND-REGULAR IDCW PAYOUT,ADITYA BIRLA SUN LIFE MUTUAL FUND,INF209KB19O8,regular,idcw,payout,true,"[{""type"":""lumpsum"",""amount_min"":500,""additional_amount_min"":500,""amount_max"":999999999,""additional_amount_max"":999999999,""amount_multiples"":1,""additional_amount_multiples"":1},{""type"":""withdrawal"",""amount_min"":1,""amount_max"":999999999,""amount_multiples"":1,""units_min"":0.001,""units_max"":999999999,""units_multiples"":0.001},{""type"":""sip"",""frequency"":""monthly"",""amount_min"":500,""amount_max"":999999999,""amount_multiples"":1,""installments_min"":6,""dates"":[1,2,3,4,5,6,7,8,9,10,11,12,13,14,15,16,17,18,19,20,21,22,23,24,25,26,27,28]}]"
42,cybrillapoa,ADITYA BIRLA SUN LIFE CRISIL IBX 60:40 SDL+AAA PSU-APR 2025 INDEX FUND-REGULAR GROWTH,ADITYA BIRLA SUN LIFE MUTUAL FUND,INF209KB11I7,regular,growth,,true,"[{""type"":""lumpsum"",""amount_min"":500,""additional_amount_min"":500,""amount_max"":999999999,""additional_amount_max"":999999999,""amount_multiples"":1,""additional_amount_multiples"":1},{""type"":""withdrawal"",""amount_min"":1,""amount_max"":999999999,""amount_multiples"":1,""units_min"":0.001,""units_max"":999999999,""units_multiples"":0.001},{""type"":""sip"",""frequency"":""monthly"",""amount_min"":500,""amount_max"":999999999,""amount_multiples"":1,""installments_min"":6,""dates"":[1,2,3,4,5,6,7,8,9,10,11,12,13,14,15,16,17,18,19,20,21,22,23,24,25,26,27,28]}]"
43,cybrillapoa,ADITYA BIRLA SUN LIFE CRISIL IBX 60:40 SDL+AAA PSU-APR 2025 INDEX FUND-REGULAR IDCW,ADITYA BIRLA SUN LIFE MUTUAL FUND,INF209KB12I5,regular,idcw,payout,true,"[{""type"":""lumpsum"",""amount_min"":500,""additional_amount_min"":500,""amount_max"":999999999,""additional_amount_max"":999999999,""amount_multiples"":1,""additional_amount_multiples"":1},{""type"":""withdrawal"",""amount_min"":1,""amount_max"":999999999,""amount_multiples"":1,""units_min"":0.001,""units_max"":999999999,""units_multiples"":0.001},{""type"":""sip"",""frequency"":""monthly"",""amount_min"":500,""amount_max"":999999999,""amount_multiples"":1,""installments_min"":6,""dates"":[1,2,3,4,5,6,7,8,9,10,11,12,13,14,15,16,17,18,19,20,21,22,23,24,25,26,27,28]}]"
44,cybrillapoa,ADITYA BIRLA SUN LIFE CRISIL IBX 60:40 SDL+AAA PSU-APR 2027 INDEX FUND-REGULAR GROWTH,ADITYA BIRLA SUN LIFE MUTUAL FUND,INF209KB17H6,regular,growth,,true,"[{""type"":""lumpsum"",""amount_min"":500,""additional_amount_min"":500,""amount_max"":999999999,""additional_amount_max"":999999999,""amount_multiples"":1,""additional_amount_multiples"":1},{""type"":""withdrawal"",""amount_min"":1,""amount_max"":999999999,""amount_multiples"":1,""units_min"":0.001,""units_max"":999999999,""units_multiples"":0.001},{""type"":""sip"",""frequency"":""monthly"",""amount_min"":500,""amount_max"":999999999,""amount_multiples"":1,""installments_min"":6,""dates"":[1,2,3,4,5,6,7,8,9,10,11,12,13,14,15,16,17,18,19,20,21,22,23,24,25,26,27,28]}]"
45,cybrillapoa,ADITYA BIRLA SUN LIFE CRISIL IBX 60:40 SDL+AAA PSU-APR 2027 INDEX FUND-REGULAR IDCW,ADITYA BIRLA SUN LIFE MUTUAL FUND,INF209KB18H4,regular,idcw,payout,true,"[{""type"":""lumpsum"",""amount_min"":500,""additional_amount_min"":500,""amount_max"":999999999,""additional_amount_max"":999999999,""amount_multiples"":1,""additional_amount_multiples"":1},{""type"":""withdrawal"",""amount_min"":1,""amount_max"":999999999,""amount_multiples"":1,""units_min"":0.001,""units_max"":999999999,""units_multiples"":0.001},{""type"":""sip"",""frequency"":""monthly"",""amount_min"":500,""amount_max"":999999999,""amount_multiples"":1,""installments_min"":6,""dates"":[1,2,3,4,5,6,7,8,9,10,11,12,13,14,15,16,17,18,19,20,21,22,23,24,25,26,27,28]}]"
46,cybrillapoa,ADITYA BIRLA SUN LIFE CRISIL IBX GILT APR 2028 INDEX FUND-REGULAR GROWTH,ADITYA BIRLA SUN LIFE MUTUAL FUND,INF209KB19T7,regular,growth,,true,"[{""type"":""lumpsum"",""amount_min"":500,""additional_amount_min"":500,""amount_max"":999999999,""additional_amount_max"":999999999,""amount_multiples"":1,""additional_amount_multiples"":1},{""type"":""withdrawal"",""amount_min"":1,""amount_max"":999999999,""amount_multiples"":1,""units_min"":0.001,""units_max"":999999999,""units_multiples"":0.001},{""type"":""sip"",""frequency"":""monthly"",""amount_min"":500,""amount_max"":999999999,""amount_multiples"":1,""installments_min"":6,""dates"":[1,2,3,4,5,6,7,8,9,10,11,12,13,14,15,16,17,18,19,20,21,22,23,24,25,26,27,28]}]"
47,cybrillapoa,ADITYA BIRLA SUN LIFE CRISIL IBX GILT APR 2028 INDEX FUND-REGULAR IDCW,ADITYA BIRLA SUN LIFE MUTUAL FUND,INF209KB10U4,regular,idcw,payout,true,"[{""type"":""lumpsum"",""amount_min"":500,""additional_amount_min"":500,""amount_max"":999999999,""additional_amount_max"":999999999,""amount_multiples"":1,""additional_amount_multiples"":1},{""type"":""withdrawal"",""amount_min"":1,""amount_max"":999999999,""amount_multiples"":1,""units_min"":0.001,""units_max"":999999999,""units_multiples"":0.001},{""type"":""sip"",""frequency"":""monthly"",""amount_min"":500,""amount_max"":999999999,""amount_multiples"":1,""installments_min"":6,""dates"":[1,2,3,4,5,6,7,8,9,10,11,12,13,14,15,16,17,18,19,20,21,22,23,24,25,26,27,28]}]"
48,cybrillapoa,ADITYA BIRLA SUN LIFE CRISIL IBX GILT APR 2033 INDEX FUND-REGULAR GROWTH,ADITYA BIRLA SUN LIFE MUTUAL FUND,INF209KB17Y1,regular,growth,,true,"[{""type"":""lumpsum"",""amount_min"":1000,""additional_amount_min"":1000,""amount_max"":999999999,""additional_amount_max"":999999999,""amount_multiples"":1,""additional_amount_multiples"":1},{""type"":""withdrawal"",""amount_min"":1,""amount_max"":999999999,""amount_multiples"":1,""units_min"":0.001,""units_max"":999999999,""units_multiples"":0.001},{""type"":""sip"",""frequency"":""monthly"",""amount_min"":500,""amount_max"":999999999,""amount_multiples"":1,""installments_min"":6,""dates"":[1,2,3,4,5,6,7,8,9,10,11,12,13,14,15,16,17,18,19,20,21,22,23,24,25,26,27,28]}]"
49,cybrillapoa,ADITYA BIRLA SUN LIFE CRISIL IBX GILT APR 2033 INDEX FUND-REGULAR IDCW PAYOUT,ADITYA BIRLA SUN LIFE MUTUAL FUND,INF209KB18Y9,regular,idcw,payout,true,"[{""type"":""lumpsum"",""amount_min"":1000,""additional_amount_min"":1000,""amount_max"":999999999,""additional_amount_max"":999999999,""amount_multiples"":1,""additional_amount_multiples"":1},{""type"":""withdrawal"",""amount_min"":1,""amount_max"":999999999,""amount_multiples"":1,""units_min"":0.001,""units_max"":999999999,""units_multiples"":0.001},{""type"":""sip"",""frequency"":""monthly"",""amount_min"":500,""amount_max"":999999999,""amount_multiples"":1,""installments_min"":6,""dates"":[1,2,3,4,5,6,7,8,9,10,11,12,13,14,15,16,17,18,19,20,21,22,23,24,25,26,27,28]}]"
50,cybrillapoa,ADITYA BIRLA SUN LIFE CRISIL IBX GILT JUNE 2027 INDEX FUND-REGULAR GROWTH,ADITYA BIRLA SUN LIFE MUTUAL FUND,INF209KC1050,regular,growth,,true,"[{""type"":""lumpsum"",""amount_min"":1000,""additional_amount_min"":1000,""amount_max"":999999999,""additional_amount_max"":999999999,""amount_multiples"":1,""additional_amount_multiples"":1},{""type"":""withdrawal"",""amount_min"":1,""amount_max"":999999999,""amount_multiples"":1,""units_min"":0.001,""units_max"":999999999,""units_multiples"":0.001},{""type"":""sip"",""frequency"":""monthly"",""amount_min"":500,""amount_max"":999999999,""amount_multiples"":1,""installments_min"":6,""dates"":[1,2,3,4,5,6,7,8,9,10,11,12,13,14,15,16,17,18,19,20,21,22,23,24,25,26,27,28]}]"
51,cybrillapoa,ADITYA BIRLA SUN LIFE CRISIL IBX GILT JUNE 2027 INDEX FUND-REGULAR IDCW PAYOUT,ADITYA BIRLA SUN LIFE MUTUAL FUND,INF209KC1068,regular,idcw,payout,true,"[{""type"":""lumpsum"",""amount_min"":1000,""additional_amount_min"":1000,""amount_max"":999999999,""additional_amount_max"":999999999,""amount_multiples"":1,""additional_amount_multiples"":1},{""type"":""withdrawal"",""amount_min"":1,""amount_max"":999999999,""amount_multiples"":1,""units_min"":0.001,""units_max"":999999999,""units_multiples"":0.001},{""type"":""sip"",""frequency"":""monthly"",""amount_min"":500,""amount_max"":999999999,""amount_multiples"":1,""installments_min"":6,""dates"":[1,2,3,4,5,6,7,8,9,10,11,12,13,14,15,16,17,18,19,20,21,22,23,24,25,26,27,28]}]"
52,cybrillapoa,ADITYA BIRLA SUN LIFE CRISIL IBX GILT-APR 2029 INDEX FUND-REGULAR GROWTH,ADITYA BIRLA SUN LIFE MUTUAL FUND,INF209KB10O7,regular,growth,,true,"[{""type"":""lumpsum"",""amount_min"":500,""additional_amount_min"":500,""amount_max"":999999999,""additional_amount_max"":999999999,""amount_multiples"":1,""additional_amount_multiples"":1},{""type"":""withdrawal"",""amount_min"":1,""amount_max"":999999999,""amount_multiples"":1,""units_min"":0.001,""units_max"":999999999,""units_multiples"":0.001},{""type"":""sip"",""frequency"":""monthly"",""amount_min"":500,""amount_max"":999999999,""amount_multiples"":1,""installments_min"":6,""dates"":[1,2,3,4,5,6,7,8,9,10,11,12,13,14,15,16,17,18,19,20,21,22,23,24,25,26,27,28]}]"
53,cybrillapoa,ADITYA BIRLA SUN LIFE CRISIL IBX GILT-APR 2029 INDEX FUND-REGULAR IDCW,ADITYA BIRLA SUN LIFE MUTUAL FUND,INF209KB11O5,regular,idcw,payout,true,"[{""type"":""lumpsum"",""amount_min"":500,""additional_amount_min"":500,""amount_max"":999999999,""additional_amount_max"":999999999,""amount_multiples"":1,""additional_amount_multiples"":1},{""type"":""withdrawal"",""amount_min"":1,""amount_max"":999999999,""amount_multiples"":1,""units_min"":0.001,""units_max"":999999999,""units_multiples"":0.001},{""type"":""sip"",""frequency"":""monthly"",""amount_min"":500,""amount_max"":999999999,""amount_multiples"":1,""installments_min"":6,""dates"":[1,2,3,4,5,6,7,8,9,10,11,12,13,14,15,16,17,18,19,20,21,22,23,24,25,26,27,28]}]"
54,cybrillapoa,ADITYA BIRLA SUN LIFE CRISIL IBX GILT-APRIL 2026 INDEX FUND-REGULAR GROWTH,ADITYA BIRLA SUN LIFE MUTUAL FUND,INF209KB18M4,regular,growth,,true,"[{""type"":""lumpsum"",""amount_min"":500,""additional_amount_min"":500,""amount_max"":999999999,""additional_amount_max"":999999999,""amount_multiples"":1,""additional_amount_multiples"":1},{""type"":""withdrawal"",""amount_min"":1,""amount_max"":999999999,""amount_multiples"":1,""units_min"":0.001,""units_max"":999999999,""units_multiples"":0.001},{""type"":""sip"",""frequency"":""monthly"",""amount_min"":500,""amount_max"":999999999,""amount_multiples"":1,""installments_min"":6,""dates"":[1,2,3,4,5,6,7,8,9,10,11,12,13,14,15,16,17,18,19,20,21,22,23,24,25,26,27,28]}]"
55,cybrillapoa,ADITYA BIRLA SUN LIFE CRISIL IBX GILT-APRIL 2026 INDEX FUND-REGULAR IDCW,ADITYA BIRLA SUN LIFE MUTUAL FUND,INF209KB19M2,regular,idcw,payout,true,"[{""type"":""lumpsum"",""amount_min"":500,""additional_amount_min"":500,""amount_max"":999999999,""additional_amount_max"":999999999,""amount_multiples"":1,""additional_amount_multiples"":1},{""type"":""withdrawal"",""amount_min"":1,""amount_max"":999999999,""amount_multiples"":1,""units_min"":0.001,""units_max"":999999999,""units_multiples"":0.001},{""type"":""sip"",""frequency"":""monthly"",""amount_min"":500,""amount_max"":999999999,""amount_multiples"":1,""installments_min"":6,""dates"":[1,2,3,4,5,6,7,8,9,10,11,12,13,14,15,16,17,18,19,20,21,22,23,24,25,26,27,28]}]"
56,cybrillapoa,ADITYA BIRLA SUN LIFE CRISIL IBX SDL JUN 2032 INDEX FUND - REGULAR GROWTH,ADITYA BIRLA SUN LIFE MUTUAL FUND,INF209KB12S4,regular,growth,,true,"[{""type"":""lumpsum"",""amount_min"":500,""additional_amount_min"":500,""amount_max"":999999999,""additional_amount_max"":999999999,""amount_multiples"":1,""additional_amount_multiples"":1},{""type"":""withdrawal"",""amount_min"":1,""amount_max"":999999999,""amount_multiples"":1,""units_min"":0.001,""units_max"":999999999,""units_multiples"":0.001},{""type"":""sip"",""frequency"":""monthly"",""amount_min"":500,""amount_max"":999999999,""amount_multiples"":1,""installments_min"":6,""dates"":[1,2,3,4,5,6,7,8,9,10,11,12,13,14,15,16,17,18,19,20,21,22,23,24,25,26,27,28]}]"
57,cybrillapoa,ADITYA BIRLA SUN LIFE CRISIL IBX SDL JUN 2032 INDEX FUND - REGULAR IDCW PAYOUT,ADITYA BIRLA SUN LIFE MUTUAL FUND,INF209KB13S2,regular,idcw,payout,true,"[{""type"":""lumpsum"",""amount_min"":500,""additional_amount_min"":500,""amount_max"":999999999,""additional_amount_max"":999999999,""amount_multiples"":1,""additional_amount_multiples"":1},{""type"":""withdrawal"",""amount_min"":1,""amount_max"":999999999,""amount_multiples"":1,""units_min"":0.001,""units_max"":999999999,""units_multiples"":0.001},{""type"":""sip"",""frequency"":""monthly"",""amount_min"":500,""amount_max"":999999999,""amount_multiples"":1,""installments_min"":6,""dates"":[1,2,3,4,5,6,7,8,9,10,11,12,13,14,15,16,17,18,19,20,21,22,23,24,25,26,27,28]}]"
58,cybrillapoa,ADITYA BIRLA SUN LIFE CRISIL-IBX AAA FINANCIAL SERVICES INDEX-SEP 2027 FUND-REGULAR GROWTH,ADITYA BIRLA SUN LIFE MUTUAL FUND,INF209KC1316,regular,growth,,true,"[{""type"":""lumpsum"",""amount_min"":1000,""additional_amount_min"":1000,""amount_max"":999999999,""additional_amount_max"":999999999,""amount_multiples"":100,""additional_amount_multiples"":100},{""type"":""withdrawal"",""amount_min"":0.01,""amount_max"":999999999,""amount_multiples"":0.01,""units_min"":0.001,""units_max"":999999999,""units_multiples"":0.001},{""type"":""sip"",""frequency"":""monthly"",""amount_min"":1000,""amount_max"":999999999,""amount_multiples"":100,""installments_min"":6,""dates"":[1,2,3,4,5,6,7,8,9,10,11,12,13,14,15,16,17,18,19,20,21,22,23,24,25,26,27,28]},{""type"":""sip"",""frequency"":""calendar_day_daily"",""amount_min"":1000,""amount_max"":999999999,""amount_multiples"":100,""installments_min"":6,""dates"":[]},{""type"":""sip"",""frequency"":""daily"",""amount_min"":1000,""amount_max"":999999999,""amount_multiples"":100,""installments_min"":6,""dates"":[]}]"
59,cybrillapoa,ADITYA BIRLA SUN LIFE CRISIL-IBX AAA FINANCIAL SERVICES INDEX-SEP 2027 FUND-REGULAR IDCW PAYOUT,ADITYA BIRLA SUN LIFE MUTUAL FUND,INF209KC1324,regular,idcw,payout,true,"[{""type"":""lumpsum"",""amount_min"":1000,""additional_amount_min"":1000,""amount_max"":999999999,""additional_amount_max"":999999999,""amount_multiples"":100,""additional_amount_multiples"":100},{""type"":""withdrawal"",""amount_min"":0.01,""amount_max"":999999999,""amount_multiples"":0.01,""units_min"":0.001,""units_max"":999999999,""units_multiples"":0.001},{""type"":""sip"",""frequency"":""monthly"",""amount_min"":1000,""amount_max"":999999999,""amount_multiples"":100,""installments_min"":6,""dates"":[1,2,3,4,5,6,7,8,9,10,11,12,13,14,15,16,17,18,19,20,21,22,23,24,25,26,27,28]},{""type"":""sip"",""frequency"":""calendar_day_daily"",""amount_min"":1000,""amount_max"":999999999,""amount_multiples"":100,""installments_min"":6,""dates"":[]},{""type"":""sip"",""frequency"":""daily"",""amount_min"":1000,""amount_max"":999999999,""amount_multiples"":100,""installments_min"":6,""dates"":[]}]"
60,cybrillapoa,ADITYA BIRLA SUN LIFE CRISIL-IBX AAA NBFC-HFC INDEX-DEC 2025 FUND-REGULAR GROWTH,ADITYA BIRLA SUN LIFE MUTUAL FUND,INF209KC1274,regular,growth,,true,"[{""type"":""withdrawal"",""amount_min"":0.01,""amount_max"":999999999,""amount_multiples"":0.01,""units_min"":0.001,""units_max"":999999999,""units_multiples"":0.001}]"
61,cybrillapoa,ADITYA BIRLA SUN LIFE CRISIL-IBX AAA NBFC-HFC INDEX-DEC 2025 FUND-REGULAR IDCW PAYOUT,ADITYA BIRLA SUN LIFE MUTUAL FUND,INF209KC1282,regular,idcw,payout,true,"[{""type"":""withdrawal"",""amount_min"":0.01,""amount_max"":999999999,""amount_multiples"":0.01,""units_min"":0.001,""units_max"":999999999,""units_multiples"":0.001}]"
62,cybrillapoa,ADITYA BIRLA SUN LIFE CRISIL-IBX AAA NBFC-HFC INDEX-SEP 2026 FUND-REGULAR GROWTH,ADITYA BIRLA SUN LIFE MUTUAL FUND,INF209KC1233,regular,growth,,true,"[{""type"":""lumpsum"",""amount_min"":1000,""additional_amount_min"":1000,""amount_max"":999999999,""additional_amount_max"":999999999,""amount_multiples"":100,""additional_amount_multiples"":100},{""type"":""withdrawal"",""amount_min"":1,""amount_max"":999999999,""amount_multiples"":0,""units_min"":0.001,""units_max"":999999999,""units_multiples"":0.001},{""type"":""sip"",""frequency"":""monthly"",""amount_min"":1000,""amount_max"":999999999,""amount_multiples"":100,""installments_min"":6,""dates"":[1,2,3,4,5,6,7,8,9,10,11,12,13,14,15,16,17,18,19,20,21,22,23,24,25,26,27,28]}]"
63,cybrillapoa,ADITYA BIRLA SUN LIFE CRISIL-IBX AAA NBFC-HFC INDEX-SEP 2026 FUND-REGULAR IDCW PAYOUT,ADITYA BIRLA SUN LIFE MUTUAL FUND,INF209KC1241,regular,idcw,payout,true,"[{""type"":""lumpsum"",""amount_min"":1000,""additional_amount_min"":1000,""amount_max"":999999999,""additional_amount_max"":999999999,""amount_multiples"":100,""additional_amount_multiples"":100},{""type"":""withdrawal"",""amount_min"":1,""amount_max"":999999999,""amount_multiples"":0,""units_min"":0.001,""units_max"":999999999,""units_multiples"":0.001},{""type"":""sip"",""frequency"":""monthly"",""amount_min"":1000,""amount_max"":999999999,""amount_multiples"":100,""installments_min"":6,""dates"":[1,2,3,4,5,6,7,8,9,10,11,12,13,14,15,16,17,18,19,20,21,22,23,24,25,26,27,28]}]"
64,cybrillapoa,ADITYA BIRLA SUN LIFE CRISIL-IBX FINANCIAL SERVICES 3 TO 6 MONTHS  DEBT INDEX FUND-REGULAR IDCW PAYOUT,ADITYA BIRLA SUN LIFE MUTUAL FUND,INF209KC1480,regular,idcw,payout,true,"[{""type"":""lumpsum"",""amount_min"":1000,""additional_amount_min"":1000,""amount_max"":999999999,""additional_amount_max"":999999999,""amount_multiples"":1,""additional_amount_multiples"":1},{""type"":""withdrawal"",""amount_min"":1,""amount_max"":999999999,""amount_multiples"":0.01,""units_min"":0.001,""units_max"":999999999,""units_multiples"":0.001},{""type"":""sip"",""frequency"":""monthly"",""amount_min"":1000,""amount_max"":999999999,""amount_multiples"":1,""installments_min"":6,""dates"":[1,2,3,4,5,6,7,8,9,10,11,12,13,14,15,16,17,18,19,20,21,22,23,24,25,26,27,28]}]"
65,cybrillapoa,ADITYA BIRLA SUN LIFE CRISIL-IBX FINANCIAL SERVICES 3 TO 6 MONTHS DEBT INDEX FUND-REGULAR GROWTH,ADITYA BIRLA SUN LIFE MUTUAL FUND,INF209KC1472,regular,growth,,true,"[{""type"":""lumpsum"",""amount_min"":1000,""additional_amount_min"":1000,""amount_max"":999999999,""additional_amount_max"":999999999,""amount_multiples"":1,""additional_amount_multiples"":1},{""type"":""withdrawal"",""amount_min"":1,""amount_max"":999999999,""amount_multiples"":0.01,""units_min"":0.001,""units_max"":999999999,""units_multiples"":0.001},{""type"":""sip"",""frequency"":""monthly"",""amount_min"":1000,""amount_max"":999999999,""amount_multiples"":1,""installments_min"":6,""dates"":[1,2,3,4,5,6,7,8,9,10,11,12,13,14,15,16,17,18,19,20,21,22,23,24,25,26,27,28]}]"
66,cybrillapoa,ADITYA BIRLA SUN LIFE CRISIL-IBX FINANCIAL SERVICES 9-12 MONTHS DEBT INDEX FUND-REGULAR GROWTH,ADITYA BIRLA SUN LIFE MUTUAL FUND,INF209KC1514,regular,growth,,true,"[{""type"":""lumpsum"",""amount_min"":1000,""additional_amount_min"":1000,""amount_max"":999999999,""additional_amount_max"":999999999,""amount_multiples"":1,""additional_amount_multiples"":1},{""type"":""withdrawal"",""amount_min"":1,""amount_max"":999999999,""amount_multiples"":1,""units_min"":0.001,""units_max"":999999999,""units_multiples"":0.001},{""type"":""sip"",""frequency"":""monthly"",""amount_min"":1000,""amount_max"":999999999,""amount_multiples"":1,""installments_min"":6,""dates"":[1,2,3,4,5,6,7,8,9,10,11,12,13,14,15,16,17,18,19,20,21,22,23,24,25,26,27,28]}]"
67,cybrillapoa,ADITYA BIRLA SUN LIFE DIGITAL INDIA FUND - GROWTH - REGULAR PLAN,ADITYA BIRLA SUN LIFE MUTUAL FUND,INF209K01140,regular,growth,,true,"[{""type"":""lumpsum"",""amount_min"":1000,""additional_amount_min"":1000,""amount_max"":999999999,""additional_amount_max"":999999999,""amount_multiples"":1,""additional_amount_multiples"":1},{""type"":""withdrawal"",""amount_min"":1,""amount_max"":999999999,""amount_multiples"":1,""units_min"":0.001,""units_max"":999999999,""units_multiples"":0.001},{""type"":""sip"",""frequency"":""monthly"",""amount_min"":100,""amount_max"":999999999,""amount_multiples"":1,""installments_min"":6,""dates"":[1,2,3,4,5,6,7,8,9,10,11,12,13,14,15,16,17,18,19,20,21,22,23,24,25,26,27,28]},{""type"":""sip"",""frequency"":""daily"",""amount_min"":100,""amount_max"":999999999,""amount_multiples"":1,""installments_min"":60,""dates"":[]},{""type"":""sip"",""frequency"":""calendar_day_daily"",""amount_min"":100,""amount_max"":999999999,""amount_multiples"":1,""installments_min"":60,""dates"":[]}]"
68,cybrillapoa,ADITYA BIRLA SUN LIFE DIGITAL INDIA FUND -REGULAR - IDCW,ADITYA BIRLA SUN LIFE MUTUAL FUND,INF209K01132,regular,idcw,payout,true,"[{""type"":""lumpsum"",""amount_min"":1000,""additional_amount_min"":1000,""amount_max"":999999999,""additional_amount_max"":999999999,""amount_multiples"":1,""additional_amount_multiples"":1},{""type"":""withdrawal"",""amount_min"":1,""amount_max"":999999999,""amount_multiples"":1,""units_min"":0.001,""units_max"":999999999,""units_multiples"":0.001},{""type"":""sip"",""frequency"":""monthly"",""amount_min"":100,""amount_max"":999999999,""amount_multiples"":1,""installments_min"":6,""dates"":[1,2,3,4,5,6,7,8,9,10,11,12,13,14,15,16,17,18,19,20,21,22,23,24,25,26,27,28]},{""type"":""sip"",""frequency"":""calendar_day_daily"",""amount_min"":100,""amount_max"":999999999,""amount_multiples"":1,""installments_min"":60,""dates"":[]},{""type"":""sip"",""frequency"":""daily"",""amount_min"":100,""amount_max"":999999999,""amount_multiples"":1,""installments_min"":60,""dates"":[]}]"
69,cybrillapoa,ADITYA BIRLA SUN LIFE DIVIDEND YIELD FUND - GROWTH - REGULAR PLAN,ADITYA BIRLA SUN LIFE MUTUAL FUND,INF209K01405,regular,growth,,true,"[{""type"":""lumpsum"",""amount_min"":1000,""additional_amount_min"":1000,""amount_max"":999999999,""additional_amount_max"":999999999,""amount_multiples"":1,""additional_amount_multiples"":1},{""type"":""withdrawal"",""amount_min"":1,""amount_max"":999999999,""amount_multiples"":1,""units_min"":0.001,""units_max"":999999999,""units_multiples"":0.001},{""type"":""sip"",""frequency"":""monthly"",""amount_min"":100,""amount_max"":999999999,""amount_multiples"":1,""installments_min"":6,""dates"":[1,2,3,4,5,6,7,8,9,10,11,12,13,14,15,16,17,18,19,20,21,22,23,24,25,26,27,28]},{""type"":""sip"",""frequency"":""daily"",""amount_min"":100,""amount_max"":999999999,""amount_multiples"":1,""installments_min"":60,""dates"":[]},{""type"":""sip"",""frequency"":""calendar_day_daily"",""amount_min"":100,""amount_max"":999999999,""amount_multiples"":1,""installments_min"":60,""dates"":[]}]"
70,cybrillapoa,ADITYA BIRLA SUN LIFE DIVIDEND YIELD FUND -REGULAR - IDCW,ADITYA BIRLA SUN LIFE MUTUAL FUND,INF209K01397,regular,idcw,payout,true,"[{""type"":""lumpsum"",""amount_min"":1000,""additional_amount_min"":1000,""amount_max"":999999999,""additional_amount_max"":999999999,""amount_multiples"":1,""additional_amount_multiples"":1},{""type"":""withdrawal"",""amount_min"":1,""amount_max"":999999999,""amount_multiples"":1,""units_min"":0.001,""units_max"":999999999,""units_multiples"":0.001},{""type"":""sip"",""frequency"":""monthly"",""amount_min"":100,""amount_max"":999999999,""amount_multiples"":1,""installments_min"":6,""dates"":[1,2,3,4,5,6,7,8,9,10,11,12,13,14,15,16,17,18,19,20,21,22,23,24,25,26,27,28]},{""type"":""sip"",""frequency"":""daily"",""amount_min"":100,""amount_max"":999999999,""amount_multiples"":1,""installments_min"":60,""dates"":[]},{""type"":""sip"",""frequency"":""calendar_day_daily"",""amount_min"":100,""amount_max"":999999999,""amount_multiples"":1,""installments_min"":60,""dates"":[]}]"
71,cybrillapoa,ADITYA BIRLA SUN LIFE DYNAMIC ASSET ALLOCATION OMNI FOF- REGULAR PLAN - GROWTH OPTION,ADITYA BIRLA SUN LIFE MUTUAL FUND,INF084M01101,regular,growth,,true,"[{""type"":""lumpsum"",""amount_min"":100,""additional_amount_min"":100,""amount_max"":999999999,""additional_amount_max"":999999999,""amount_multiples"":1,""additional_amount_multiples"":1},{""type"":""withdrawal"",""amount_min"":1,""amount_max"":999999999,""amount_multiples"":1,""units_min"":0.001,""units_max"":999999999,""units_multiples"":0.001},{""type"":""sip"",""frequency"":""monthly"",""amount_min"":100,""amount_max"":999999999,""amount_multiples"":1,""installments_min"":6,""dates"":[1,2,3,4,5,6,7,8,9,10,11,12,13,14,15,16,17,18,19,20,21,22,23,24,25,26,27,28]}]"
72,cybrillapoa,ADITYA BIRLA SUN LIFE DYNAMIC ASSET ALLOCATION OMNI FOF-REGULAR - IDCW,ADITYA BIRLA SUN LIFE MUTUAL FUND,INF084M01119,regular,idcw,payout,true,"[{""type"":""lumpsum"",""amount_min"":100,""additional_amount_min"":100,""amount_max"":999999999,""additional_amount_max"":999999999,""amount_multiples"":1,""additional_amount_multiples"":1},{""type"":""withdrawal"",""amount_min"":1,""amount_max"":999999999,""amount_multiples"":1,""units_min"":0.001,""units_max"":999999999,""units_multiples"":0.001},{""type"":""sip"",""frequency"":""monthly"",""amount_min"":100,""amount_max"":999999999,""amount_multiples"":1,""installments_min"":6,""dates"":[1,2,3,4,5,6,7,8,9,10,11,12,13,14,15,16,17,18,19,20,21,22,23,24,25,26,27,28]}]"
73,cybrillapoa,ADITYA BIRLA SUN LIFE DYNAMIC ASSET ALLOCATION OMNI FOF-REGULAR - IDCW,ADITYA BIRLA SUN LIFE MUTUAL FUND,INF084M01127,regular,idcw,reinvestment,true,"[{""type"":""lumpsum"",""amount_min"":100,""additional_amount_min"":100,""amount_max"":999999999,""additional_amount_max"":999999999,""amount_multiples"":1,""additional_amount_multiples"":1},{""type"":""withdrawal"",""amount_min"":1,""amount_max"":999999999,""amount_multiples"":1,""units_min"":0.001,""units_max"":999999999,""units_multiples"":0.001},{""type"":""sip"",""frequency"":""monthly"",""amount_min"":100,""amount_max"":999999999,""amount_multiples"":1,""installments_min"":6,""dates"":[1,2,3,4,5,6,7,8,9,10,11,12,13,14,15,16,17,18,19,20,21,22,23,24,25,26,27,28]}]"
74,cybrillapoa,ADITYA BIRLA SUN LIFE DYNAMIC BOND FUND - GROWTH - REGULAR PLAN,ADITYA BIRLA SUN LIFE MUTUAL FUND,INF209K01793,regular,growth,,true,"[{""type"":""lumpsum"",""amount_min"":1000,""additional_amount_min"":1000,""amount_max"":999999999,""additional_amount_max"":999999999,""amount_multiples"":1,""additional_amount_multiples"":1},{""type"":""withdrawal"",""amount_min"":1,""amount_max"":999999999,""amount_multiples"":1,""units_min"":0.001,""units_max"":999999999,""units_multiples"":0.001},{""type"":""sip"",""frequency"":""monthly"",""amount_min"":1000,""amount_max"":999999999,""amount_multiples"":1,""installments_min"":6,""dates"":[1,2,3,4,5,6,7,8,9,10,11,12,13,14,15,16,17,18,19,20,21,22,23,24,25,26,27,28]}]"
75,cybrillapoa,ADITYA BIRLA SUN LIFE DYNAMIC BOND FUND -REGULAR - IDCW,ADITYA BIRLA SUN LIFE MUTUAL FUND,INF209KA1TV7,regular,idcw,payout,true,"[{""type"":""lumpsum"",""amount_min"":1000,""additional_amount_min"":1000,""amount_max"":999999999,""additional_amount_max"":999999999,""amount_multiples"":1,""additional_amount_multiples"":1},{""type"":""withdrawal"",""amount_min"":1,""amount_max"":999999999,""amount_multiples"":1,""units_min"":0.001,""units_max"":999999999,""units_multiples"":0.001},{""type"":""sip"",""frequency"":""monthly"",""amount_min"":1000,""amount_max"":999999999,""amount_multiples"":1,""installments_min"":6,""dates"":[1,2,3,4,5,6,7,8,9,10,11,12,13,14,15,16,17,18,19,20,21,22,23,24,25,26,27,28]}]"
76,cybrillapoa,ADITYA BIRLA SUN LIFE DYNAMIC BOND FUND -REGULAR - MONTHLY IDCW,ADITYA BIRLA SUN LIFE MUTUAL FUND,INF209K01801,regular,idcw_monthly,payout,true,"[{""type"":""lumpsum"",""amount_min"":1000,""additional_amount_min"":1000,""amount_max"":999999999,""additional_amount_max"":999999999,""amount_multiples"":1,""additional_amount_multiples"":1},{""type"":""withdrawal"",""amount_min"":1,""amount_max"":999999999,""amount_multiples"":1,""units_min"":0.001,""units_max"":999999999,""units_multiples"":0.001},{""type"":""sip"",""frequency"":""monthly"",""amount_min"":1000,""amount_max"":999999999,""amount_multiples"":1,""installments_min"":6,""dates"":[1,2,3,4,5,6,7,8,9,10,11,12,13,14,15,16,17,18,19,20,21,22,23,24,25,26,27,28]}]"
77,cybrillapoa,ADITYA BIRLA SUN LIFE DYNAMIC BOND FUND -REGULAR - QUARTERLY IDCW,ADITYA BIRLA SUN LIFE MUTUAL FUND,INF209K01819,regular,idcw_quarterly,payout,true,"[{""type"":""lumpsum"",""amount_min"":1000,""additional_amount_min"":1000,""amount_max"":999999999,""additional_amount_max"":999999999,""amount_multiples"":1,""additional_amount_multiples"":1},{""type"":""withdrawal"",""amount_min"":1,""amount_max"":999999999,""amount_multiples"":1,""units_min"":0.001,""units_max"":999999999,""units_multiples"":0.001},{""type"":""sip"",""frequency"":""monthly"",""amount_min"":1000,""amount_max"":999999999,""amount_multiples"":1,""installments_min"":6,""dates"":[1,2,3,4,5,6,7,8,9,10,11,12,13,14,15,16,17,18,19,20,21,22,23,24,25,26,27,28]}]"
78,cybrillapoa,ADITYA BIRLA SUN LIFE ELSS TAX SAVER FUND - GROWTH OPTION,ADITYA BIRLA SUN LIFE MUTUAL FUND,INF209K01108,regular,growth,,true,"[{""type"":""lumpsum"",""amount_min"":500,""additional_amount_min"":500,""amount_max"":999999999,""additional_amount_max"":999999999,""amount_multiples"":500,""additional_amount_multiples"":500},{""type"":""withdrawal"",""amount_min"":0.01,""amount_max"":999999999,""amount_multiples"":0.01,""units_min"":0.001,""units_max"":999999999,""units_multiples"":0.001},{""type"":""sip"",""frequency"":""monthly"",""amount_min"":500,""amount_max"":999999999,""amount_multiples"":1,""installments_min"":6,""dates"":[1,2,3,4,5,6,7,8,9,10,11,12,13,14,15,16,17,18,19,20,21,22,23,24,25,26,27,28]}]"
79,cybrillapoa,ADITYA BIRLA SUN LIFE ELSS TAX SAVER FUND-REGULAR - IDCW,ADITYA BIRLA SUN LIFE MUTUAL FUND,INF209K01090,regular,idcw,payout,true,"[{""type"":""lumpsum"",""amount_min"":500,""additional_amount_min"":500,""amount_max"":999999999,""additional_amount_max"":999999999,""amount_multiples"":500,""additional_amount_multiples"":500},{""type"":""withdrawal"",""amount_min"":0.01,""amount_max"":999999999,""amount_multiples"":0.01,""units_min"":0.001,""units_max"":999999999,""units_multiples"":0.001},{""type"":""sip"",""frequency"":""monthly"",""amount_min"":500,""amount_max"":999999999,""amount_multiples"":1,""installments_min"":6,""dates"":[1,2,3,4,5,6,7,8,9,10,11,12,13,14,15,16,17,18,19,20,21,22,23,24,25,26,27,28]}]"
80,cybrillapoa,ADITYA BIRLA SUN LIFE ELSS TAX SAVER FUND-REGULAR - IDCW,ADITYA BIRLA SUN LIFE MUTUAL FUND,INF209K01CB1,regular,idcw,reinvestment,true,"[{""type"":""withdrawal"",""amount_min"":0.01,""amount_max"":999999999,""amount_multiples"":0.01,""units_min"":0.001,""units_max"":999999999,""units_multiples"":0.001}]"
81,cybrillapoa,ADITYA BIRLA SUN LIFE EQUITY HYBRID'95 FUND - REGULAR PLAN-GROWTH,ADITYA BIRLA SUN LIFE MUTUAL FUND,INF209K01BT5,regular,growth,,true,"[{""type"":""lumpsum"",""amount_min"":100,""additional_amount_min"":100,""amount_max"":999999999,""additional_amount_max"":999999999,""amount_multiples"":1,""additional_amount_multiples"":1},{""type"":""withdrawal"",""amount_min"":1,""amount_max"":999999999,""amount_multiples"":1,""units_min"":0.001,""units_max"":999999999,""units_multiples"":0.001},{""type"":""sip"",""frequency"":""monthly"",""amount_min"":100,""amount_max"":999999999,""amount_multiples"":10,""installments_min"":6,""dates"":[1,2,3,4,5,6,7,8,9,10,11,12,13,14,15,16,17,18,19,20,21,22,23,24,25,26,27,28]},{""type"":""sip"",""frequency"":""daily"",""amount_min"":100,""amount_max"":999999999,""amount_multiples"":1,""installments_min"":60,""dates"":[]},{""type"":""sip"",""frequency"":""calendar_day_daily"",""amount_min"":100,""amount_max"":999999999,""amount_multiples"":1,""installments_min"":60,""dates"":[]}]"
82,cybrillapoa,ADITYA BIRLA SUN LIFE EQUITY HYBRID'95 FUND -REGULAR - IDCW,ADITYA BIRLA SUN LIFE MUTUAL FUND,INF209K01BS7,regular,idcw,payout,true,"[{""type"":""lumpsum"",""amount_min"":100,""additional_amount_min"":100,""amount_max"":999999999,""additional_amount_max"":999999999,""amount_multiples"":1,""additional_amount_multiples"":1},{""type"":""withdrawal"",""amount_min"":1,""amount_max"":999999999,""amount_multiples"":1,""units_min"":0.001,""units_max"":999999999,""units_multiples"":0.001},{""type"":""sip"",""frequency"":""monthly"",""amount_min"":100,""amount_max"":999999999,""amount_multiples"":1,""installments_min"":6,""dates"":[1,2,3,4,5,6,7,8,9,10,11,12,13,14,15,16,17,18,19,20,21,22,23,24,25,26,27,28]},{""type"":""sip"",""frequency"":""calendar_day_daily"",""amount_min"":100,""amount_max"":999999999,""amount_multiples"":1,""installments_min"":60,""dates"":[]},{""type"":""sip"",""frequency"":""daily"",""amount_min"":100,""amount_max"":999999999,""amount_multiples"":1,""installments_min"":60,""dates"":[]}]"
83,cybrillapoa,ADITYA BIRLA SUN LIFE EQUITY SAVINGS FUND - REGULAR - IDCW,ADITYA BIRLA SUN LIFE MUTUAL FUND,INF209KA1TT1,regular,idcw,payout,true,"[{""type"":""lumpsum"",""amount_min"":1000,""additional_amount_min"":1000,""amount_max"":999999999,""additional_amount_max"":999999999,""amount_multiples"":1,""additional_amount_multiples"":1},{""type"":""withdrawal"",""amount_min"":1,""amount_max"":999999999,""amount_multiples"":1,""units_min"":0.001,""units_max"":999999999,""units_multiples"":0.001},{""type"":""sip"",""frequency"":""monthly"",""amount_min"":100,""amount_max"":999999999,""amount_multiples"":1,""installments_min"":6,""dates"":[1,2,3,4,5,6,7,8,9,10,11,12,13,14,15,16,17,18,19,20,21,22,23,24,25,26,27,28]},{""type"":""sip"",""frequency"":""calendar_day_daily"",""amount_min"":100,""amount_max"":999999999,""amount_multiples"":1,""installments_min"":60,""dates"":[]},{""type"":""sip"",""frequency"":""daily"",""amount_min"":100,""amount_max"":999999999,""amount_multiples"":1,""installments_min"":60,""dates"":[]}]"
84,cybrillapoa,ADITYA BIRLA SUN LIFE EQUITY SAVINGS FUND - REGULAR PLAN - GROWTH,ADITYA BIRLA SUN LIFE MUTUAL FUND,INF209KA1TS3,regular,growth,,true,"[{""type"":""lumpsum"",""amount_min"":1000,""additional_amount_min"":1000,""amount_max"":999999999,""additional_amount_max"":999999999,""amount_multiples"":1,""additional_amount_multiples"":1},{""type"":""withdrawal"",""amount_min"":1,""amount_max"":999999999,""amount_multiples"":1,""units_min"":0.001,""units_max"":999999999,""units_multiples"":0.001},{""type"":""sip"",""frequency"":""monthly"",""amount_min"":100,""amount_max"":999999999,""amount_multiples"":1,""installments_min"":6,""dates"":[1,2,3,4,5,6,7,8,9,10,11,12,13,14,15,16,17,18,19,20,21,22,23,24,25,26,27,28]},{""type"":""sip"",""frequency"":""calendar_day_daily"",""amount_min"":100,""amount_max"":999999999,""amount_multiples"":1,""installments_min"":60,""dates"":[]},{""type"":""sip"",""frequency"":""daily"",""amount_min"":100,""amount_max"":999999999,""amount_multiples"":1,""installments_min"":60,""dates"":[]}]"
85,cybrillapoa,ADITYA BIRLA SUN LIFE ESG INTEGRATION STRATEGY FUND-REGULAR - PAYOUT OF IDCW,ADITYA BIRLA SUN LIFE MUTUAL FUND,INF209KB1U50,regular,idcw,payout,true,"[{""type"":""lumpsum"",""amount_min"":500,""additional_amount_min"":500,""amount_max"":999999999,""additional_amount_max"":999999999,""amount_multiples"":1,""additional_amount_multiples"":1},{""type"":""withdrawal"",""amount_min"":1,""amount_max"":999999999,""amount_multiples"":1,""units_min"":0.001,""units_max"":999999999,""units_multiples"":0.001},{""type"":""sip"",""frequency"":""monthly"",""amount_min"":100,""amount_max"":999999999,""amount_multiples"":1,""installments_min"":6,""dates"":[1,2,3,4,5,6,7,8,9,10,11,12,13,14,15,16,17,18,19,20,21,22,23,24,25,26,27,28]},{""type"":""sip"",""frequency"":""calendar_day_daily"",""amount_min"":100,""amount_max"":999999999,""amount_multiples"":1,""installments_min"":60,""dates"":[]},{""type"":""sip"",""frequency"":""daily"",""amount_min"":100,""amount_max"":999999999,""amount_multiples"":1,""installments_min"":60,""dates"":[]}]"
86,cybrillapoa,ADITYA BIRLA SUN LIFE ESG INTEGRATION STRATEGY FUND-REGULAR PLAN-GROWTH,ADITYA BIRLA SUN LIFE MUTUAL FUND,INF209KB1U43,regular,growth,,true,"[{""type"":""lumpsum"",""amount_min"":500,""additional_amount_min"":500,""amount_max"":999999999,""additional_amount_max"":999999999,""amount_multiples"":1,""additional_amount_multiples"":1},{""type"":""withdrawal"",""amount_min"":1,""amount_max"":999999999,""amount_multiples"":1,""units_min"":0.001,""units_max"":999999999,""units_multiples"":0.001},{""type"":""sip"",""frequency"":""monthly"",""amount_min"":100,""amount_max"":999999999,""amount_multiples"":1,""installments_min"":6,""dates"":[1,2,3,4,5,6,7,8,9,10,11,12,13,14,15,16,17,18,19,20,21,22,23,24,25,26,27,28]},{""type"":""sip"",""frequency"":""calendar_day_daily"",""amount_min"":100,""amount_max"":999999999,""amount_multiples"":1,""installments_min"":60,""dates"":[]},{""type"":""sip"",""frequency"":""daily"",""amount_min"":100,""amount_max"":999999999,""amount_multiples"":1,""installments_min"":60,""dates"":[]}]"
87,cybrillapoa,ADITYA BIRLA SUN LIFE FLEXI CAP FUND - GROWTH - REGULAR PLAN,ADITYA BIRLA SUN LIFE MUTUAL FUND,INF209K01AJ8,regular,growth,,true,"[{""type"":""lumpsum"",""amount_min"":100,""additional_amount_min"":100,""amount_max"":999999999,""additional_amount_max"":999999999,""amount_multiples"":1,""additional_amount_multiples"":1},{""type"":""withdrawal"",""amount_min"":1,""amount_max"":999999999,""amount_multiples"":1,""units_min"":0.001,""units_max"":999999999,""units_multiples"":0.001},{""type"":""sip"",""frequency"":""monthly"",""amount_min"":100,""amount_max"":999999999,""amount_multiples"":1,""installments_min"":6,""dates"":[1,2,3,4,5,6,7,8,9,10,11,12,13,14,15,16,17,18,19,20,21,22,23,24,25,26,27,28]},{""type"":""sip"",""frequency"":""daily"",""amount_min"":100,""amount_max"":999999999,""amount_multiples"":1,""installments_min"":60,""dates"":[]},{""type"":""sip"",""frequency"":""calendar_day_daily"",""amount_min"":100,""amount_max"":999999999,""amount_multiples"":1,""installments_min"":60,""dates"":[]}]"
88,cybrillapoa,ADITYA BIRLA SUN LIFE FLEXI CAP FUND -REGULAR - IDCW,ADITYA BIRLA SUN LIFE MUTUAL FUND,INF209K01AQ3,regular,idcw,payout,true,"[{""type"":""lumpsum"",""amount_min"":100,""additional_amount_min"":100,""amount_max"":999999999,""additional_amount_max"":999999999,""amount_multiples"":1,""additional_amount_multiples"":1},{""type"":""withdrawal"",""amount_min"":1,""amount_max"":999999999,""amount_multiples"":1,""units_min"":0.001,""units_max"":999999999,""units_multiples"":0.001},{""type"":""sip"",""frequency"":""monthly"",""amount_min"":100,""amount_max"":999999999,""amount_multiples"":1,""installments_min"":6,""dates"":[1,2,3,4,5,6,7,8,9,10,11,12,13,14,15,16,17,18,19,20,21,22,23,24,25,26,27,28]},{""type"":""sip"",""frequency"":""daily"",""amount_min"":100,""amount_max"":999999999,""amount_multiples"":1,""installments_min"":60,""dates"":[]},{""type"":""sip"",""frequency"":""calendar_day_daily"",""amount_min"":100,""amount_max"":999999999,""amount_multiples"":1,""installments_min"":60,""dates"":[]}]"
89,cybrillapoa,ADITYA BIRLA SUN LIFE FLOATING RATE FUND-REGULAR - WEEKLY IDCW,ADITYA BIRLA SUN LIFE MUTUAL FUND,INF209K01MH7,regular,idcw_weekly,reinvestment,true,"[{""type"":""lumpsum"",""amount_min"":1000,""additional_amount_min"":1000,""amount_max"":999999999,""additional_amount_max"":999999999,""amount_multiples"":1,""additional_amount_multiples"":1},{""type"":""withdrawal"",""amount_min"":1,""amount_max"":999999999,""amount_multiples"":1,""units_min"":0.001,""units_max"":999999999,""units_multiples"":0.001},{""type"":""sip"",""frequency"":""monthly"",""amount_min"":1000,""amount_max"":999999999,""amount_multiples"":1,""installments_min"":6,""dates"":[1,2,3,4,5,6,7,8,9,10,11,12,13,14,15,16,17,18,19,20,21,22,23,24,25,26,27,28]}]"
90,cybrillapoa,ADITYA BIRLA SUN LIFE FLOATING RATE FUND-REGULAR PLAN-GROWTH,ADITYA BIRLA SUN LIFE MUTUAL FUND,INF209K01MG9,regular,growth,,true,"[{""type"":""lumpsum"",""amount_min"":1000,""additional_amount_min"":1000,""amount_max"":999999999,""additional_amount_max"":999999999,""amount_multiples"":1,""additional_amount_multiples"":1},{""type"":""withdrawal"",""amount_min"":1,""amount_max"":999999999,""amount_multiples"":1,""units_min"":0.001,""units_max"":999999999,""units_multiples"":0.001},{""type"":""sip"",""frequency"":""monthly"",""amount_min"":1000,""amount_max"":999999999,""amount_multiples"":1,""installments_min"":6,""dates"":[1,2,3,4,5,6,7,8,9,10,11,12,13,14,15,16,17,18,19,20,21,22,23,24,25,26,27,28]}]"
91,cybrillapoa,ADITYA BIRLA SUN LIFE FLOATING RATE FUND-RETAIL - WEEKLY IDCW,ADITYA BIRLA SUN LIFE MUTUAL FUND,INF209K01MI5,regular,idcw_weekly,reinvestment,true,"[{""type"":""withdrawal"",""amount_min"":1,""amount_max"":999999999,""amount_multiples"":1,""units_min"":0.001,""units_max"":999999999,""units_multiples"":0.001}]"
92,cybrillapoa,ADITYA BIRLA SUN LIFE FLOATING RATE FUND-RETAIL PLAN-GROWTH,ADITYA BIRLA SUN LIFE MUTUAL FUND,INF209K01MF1,regular,growth,,true,"[{""type"":""withdrawal"",""amount_min"":1,""amount_max"":999999999,""amount_multiples"":1,""units_min"":0.001,""units_max"":999999999,""units_multiples"":0.001}]"
93,cybrillapoa,ADITYA BIRLA SUN LIFE FOCUSED FUND -GROWTH OPTION,ADITYA BIRLA SUN LIFE MUTUAL FUND,INF209K01462,regular,growth,,true,"[{""type"":""lumpsum"",""amount_min"":1000,""additional_amount_min"":1000,""amount_max"":999999999,""additional_amount_max"":999999999,""amount_multiples"":1,""additional_amount_multiples"":1},{""type"":""withdrawal"",""amount_min"":1,""amount_max"":999999999,""amount_multiples"":1,""units_min"":0.001,""units_max"":999999999,""units_multiples"":0.001},{""type"":""sip"",""frequency"":""monthly"",""amount_min"":100,""amount_max"":999999999,""amount_multiples"":1,""installments_min"":6,""dates"":[1,2,3,4,5,6,7,8,9,10,11,12,13,14,15,16,17,18,19,20,21,22,23,24,25,26,27,28]},{""type"":""sip"",""frequency"":""calendar_day_daily"",""amount_min"":100,""amount_max"":999999999,""amount_multiples"":1,""installments_min"":60,""dates"":[]},{""type"":""sip"",""frequency"":""daily"",""amount_min"":100,""amount_max"":999999999,""amount_multiples"":1,""installments_min"":60,""dates"":[]}]"
94,cybrillapoa,ADITYA BIRLA SUN LIFE FOCUSED FUND -REGULAR - IDCW,ADITYA BIRLA SUN LIFE MUTUAL FUND,INF209K01454,regular,idcw,payout,true,"[{""type"":""lumpsum"",""amount_min"":1000,""additional_amount_min"":1000,""amount_max"":999999999,""additional_amount_max"":999999999,""amount_multiples"":1,""additional_amount_multiples"":1},{""type"":""withdrawal"",""amount_min"":1,""amount_max"":999999999,""amount_multiples"":1,""units_min"":0.001,""units_max"":999999999,""units_multiples"":0.001},{""type"":""sip"",""frequency"":""monthly"",""amount_min"":100,""amount_max"":999999999,""amount_multiples"":1,""installments_min"":6,""dates"":[1,2,3,4,5,6,7,8,9,10,11,12,13,14,15,16,17,18,19,20,21,22,23,24,25,26,27,28]},{""type"":""sip"",""frequency"":""calendar_day_daily"",""amount_min"":100,""amount_max"":999999999,""amount_multiples"":1,""installments_min"":60,""dates"":[]},{""type"":""sip"",""frequency"":""daily"",""amount_min"":100,""amount_max"":999999999,""amount_multiples"":1,""installments_min"":60,""dates"":[]}]"
95,cybrillapoa,ADITYA BIRLA SUN LIFE GLOBAL EMERGING OPPORTUNITIES FUND - REGULAR - IDCW,ADITYA BIRLA SUN LIFE MUTUAL FUND,INF084M01AV6,regular,idcw,reinvestment,true,"[{""type"":""withdrawal"",""amount_min"":1,""amount_max"":999999999,""amount_multiples"":1,""units_min"":0.001,""units_max"":999999999,""units_multiples"":0.001}]"
96,cybrillapoa,ADITYA BIRLA SUN LIFE GLOBAL EMERGING OPPORTUNITIES FUND - REGULAR PLAN - GROWTH OPTION,ADITYA BIRLA SUN LIFE MUTUAL FUND,INF084M01AT0,regular,growth,,true,"[{""type"":""withdrawal"",""amount_min"":1,""amount_max"":999999999,""amount_multiples"":1,""units_min"":0.001,""units_max"":999999999,""units_multiples"":0.001}]"
97,cybrillapoa,ADITYA BIRLA SUN LIFE GLOBAL EXCELLENCE EQUITY FUND OF FUND- RETAIL PLAN - REGULAR PLAN - GROWTH OPTION,ADITYA BIRLA SUN LIFE MUTUAL FUND,INF084M01AZ7,regular,growth,,true,"[{""type"":""withdrawal"",""amount_min"":1,""amount_max"":999999999,""amount_multiples"":1,""units_min"":0.001,""units_max"":999999999,""units_multiples"":0.001}]"
98,cybrillapoa,ADITYA BIRLA SUN LIFE GOLD FUND-GROWTH,ADITYA BIRLA SUN LIFE MUTUAL FUND,INF209K01PF4,regular,growth,,true,"[{""type"":""lumpsum"",""amount_min"":100,""additional_amount_min"":100,""amount_max"":999999999,""additional_amount_max"":999999999,""amount_multiples"":1,""additional_amount_multiples"":1},{""type"":""withdrawal"",""amount_min"":1,""amount_max"":999999999,""amount_multiples"":1,""units_min"":0.001,""units_max"":999999999,""units_multiples"":0.001},{""type"":""sip"",""frequency"":""monthly"",""amount_min"":100,""amount_max"":999999999,""amount_multiples"":1,""installments_min"":6,""dates"":[1,2,3,4,5,6,7,8,9,10,11,12,13,14,15,16,17,18,19,20,21,22,23,24,25,26,27,28]},{""type"":""sip"",""frequency"":""calendar_day_daily"",""amount_min"":100,""amount_max"":999999999,""amount_multiples"":1,""installments_min"":60,""dates"":[]},{""type"":""sip"",""frequency"":""daily"",""amount_min"":100,""amount_max"":999999999,""amount_multiples"":1,""installments_min"":60,""dates"":[]}]"
99,cybrillapoa,ADITYA BIRLA SUN LIFE GOLD FUND-REGULAR - IDCW,ADITYA BIRLA SUN LIFE MUTUAL FUND,INF209K01PG2,regular,idcw,payout,true,"[{""type"":""lumpsum"",""amount_min"":100,""additional_amount_min"":100,""amount_max"":999999999,""additional_amount_max"":999999999,""amount_multiples"":1,""additional_amount_multiples"":1},{""type"":""withdrawal"",""amount_min"":1,""amount_max"":999999999,""amount_multiples"":1,""units_min"":0.001,""units_max"":999999999,""units_multiples"":0.001},{""type"":""sip"",""frequency"":""monthly"",""amount_min"":100,""amount_max"":999999999,""amount_multiples"":1,""installments_min"":6,""dates"":[1,2,3,4,5,6,7,8,9,10,11,12,13,14,15,16,17,18,19,20,21,22,23,24,25,26,27,28]},{""type"":""sip"",""frequency"":""calendar_day_daily"",""amount_min"":100,""amount_max"":999999999,""amount_multiples"":1,""installments_min"":60,""dates"":[]},{""type"":""sip"",""frequency"":""daily"",""amount_min"":100,""amount_max"":999999999,""amount_multiples"":1,""installments_min"":60,""dates"":[]}]"
100,cybrillapoa,ADITYA BIRLA SUN LIFE GOVENMENT SECURITIES FUND -REGULAR - QUARTERLY IDCW,ADITYA BIRLA SUN LIFE MUTUAL FUND,INF209K01AF6,regular,idcw_quarterly,payout,true,"[{""type"":""lumpsum"",""amount_min"":1000,""additional_amount_min"":1000,""amount_max"":999999999,""additional_amount_max"":999999999,""amount_multiples"":1,""additional_amount_multiples"":1},{""type"":""withdrawal"",""amount_min"":1,""amount_max"":999999999,""amount_multiples"":1,""units_min"":0.001,""units_max"":999999999,""units_multiples"":0.001},{""type"":""sip"",""frequency"":""monthly"",""amount_min"":1000,""amount_max"":999999999,""amount_multiples"":1,""installments_min"":6,""dates"":[1,2,3,4,5,6,7,8,9,10,11,12,13,14,15,16,17,18,19,20,21,22,23,24,25,26,27,28]}]"
101,cybrillapoa,ADITYA BIRLA SUN LIFE GOVERNMENT SECURITIES FUND  - GROWTH - REGULAR PLAN,ADITYA BIRLA SUN LIFE MUTUAL FUND,INF209K01AC3,regular,growth,,true,"[{""type"":""lumpsum"",""amount_min"":1000,""additional_amount_min"":1000,""amount_max"":999999999,""additional_amount_max"":999999999,""amount_multiples"":1,""additional_amount_multiples"":1},{""type"":""withdrawal"",""amount_min"":1,""amount_max"":999999999,""amount_multiples"":1,""units_min"":0.001,""units_max"":999999999,""units_multiples"":0.001},{""type"":""sip"",""frequency"":""monthly"",""amount_min"":1000,""amount_max"":999999999,""amount_multiples"":1,""installments_min"":6,""dates"":[1,2,3,4,5,6,7,8,9,10,11,12,13,14,15,16,17,18,19,20,21,22,23,24,25,26,27,28]}]"
102,cybrillapoa,ADITYA BIRLA SUN LIFE INCOME FUND - GROWTH - REGULAR PLAN,ADITYA BIRLA SUN LIFE MUTUAL FUND,INF209K01579,regular,growth,,true,"[{""type"":""lumpsum"",""amount_min"":5000,""additional_amount_min"":1000,""amount_max"":999999999,""additional_amount_max"":999999999,""amount_multiples"":1,""additional_amount_multiples"":1},{""type"":""withdrawal"",""amount_min"":1,""amount_max"":999999999,""amount_multiples"":1,""units_min"":0.001,""units_max"":999999999,""units_multiples"":0.001},{""type"":""sip"",""frequency"":""monthly"",""amount_min"":1000,""amount_max"":999999999,""amount_multiples"":1,""installments_min"":6,""dates"":[1,2,3,4,5,6,7,8,9,10,11,12,13,14,15,16,17,18,19,20,21,22,23,24,25,26,27,28]}]"
103,cybrillapoa,ADITYA BIRLA SUN LIFE INCOME FUND - REGULAR - IDCW,ADITYA BIRLA SUN LIFE MUTUAL FUND,INF209KA1WJ6,regular,idcw,payout,true,"[{""type"":""lumpsum"",""amount_min"":5000,""additional_amount_min"":1000,""amount_max"":999999999,""additional_amount_max"":999999999,""amount_multiples"":1,""additional_amount_multiples"":1},{""type"":""withdrawal"",""amount_min"":1,""amount_max"":999999999,""amount_multiples"":1,""units_min"":0.001,""units_max"":999999999,""units_multiples"":0.001},{""type"":""sip"",""frequency"":""monthly"",""amount_min"":1000,""amount_max"":999999999,""amount_multiples"":1,""installments_min"":6,""dates"":[1,2,3,4,5,6,7,8,9,10,11,12,13,14,15,16,17,18,19,20,21,22,23,24,25,26,27,28]}]"
104,cybrillapoa,ADITYA BIRLA SUN LIFE INCOME FUND - REGULAR - QUARTERLY IDCW,ADITYA BIRLA SUN LIFE MUTUAL FUND,INF209K01587,regular,idcw_quarterly,payout,true,"[{""type"":""lumpsum"",""amount_min"":5000,""additional_amount_min"":1000,""amount_max"":999999999,""additional_amount_max"":999999999,""amount_multiples"":1,""additional_amount_multiples"":1},{""type"":""withdrawal"",""amount_min"":1,""amount_max"":999999999,""amount_multiples"":1,""units_min"":0.001,""units_max"":999999999,""units_multiples"":0.001},{""type"":""sip"",""frequency"":""monthly"",""amount_min"":1000,""amount_max"":999999999,""amount_multiples"":1,""installments_min"":6,""dates"":[1,2,3,4,5,6,7,8,9,10,11,12,13,14,15,16,17,18,19,20,21,22,23,24,25,26,27,28]}]"
105,cybrillapoa,ADITYA BIRLA SUN LIFE INCOME PLUS ARBITRAGE ACTIVE FOF- REGULAR - IDCW,ADITYA BIRLA SUN LIFE MUTUAL FUND,INF084M01AJ1,regular,idcw,reinvestment,true,"[{""type"":""lumpsum"",""amount_min"":100,""additional_amount_min"":100,""amount_max"":999999999,""additional_amount_max"":999999999,""amount_multiples"":1,""additional_amount_multiples"":1},{""type"":""withdrawal"",""amount_min"":1,""amount_max"":999999999,""amount_multiples"":1,""units_min"":0.001,""units_max"":999999999,""units_multiples"":0.001},{""type"":""sip"",""frequency"":""monthly"",""amount_min"":1000,""amount_max"":999999999,""amount_multiples"":1,""installments_min"":6,""dates"":[1,2,3,4,5,6,7,8,9,10,11,12,13,14,15,16,17,18,19,20,21,22,23,24,25,26,27,28]}]"
106,cybrillapoa,ADITYA BIRLA SUN LIFE INCOME PLUS ARBITRAGE ACTIVE FOF- REGULAR PLAN - GROWTH OPTION,ADITYA BIRLA SUN LIFE MUTUAL FUND,INF084M01AH5,regular,growth,,true,"[{""type"":""lumpsum"",""amount_min"":100,""additional_amount_min"":100,""amount_max"":999999999,""additional_amount_max"":999999999,""amount_multiples"":1,""additional_amount_multiples"":1},{""type"":""withdrawal"",""amount_min"":1,""amount_max"":999999999,""amount_multiples"":1,""units_min"":0.001,""units_max"":999999999,""units_multiples"":0.001},{""type"":""sip"",""frequency"":""monthly"",""amount_min"":1000,""amount_max"":999999999,""amount_multiples"":1,""installments_min"":6,""dates"":[1,2,3,4,5,6,7,8,9,10,11,12,13,14,15,16,17,18,19,20,21,22,23,24,25,26,27,28]}]"
107,cybrillapoa,ADITYA BIRLA SUN LIFE INFRASTRUCTURE FUND -  REGULAR - IDCW,ADITYA BIRLA SUN LIFE MUTUAL FUND,INF209K01470,regular,idcw,payout,true,"[{""type"":""lumpsum"",""amount_min"":1000,""additional_amount_min"":1000,""amount_max"":999999999,""additional_amount_max"":999999999,""amount_multiples"":1,""additional_amount_multiples"":1},{""type"":""withdrawal"",""amount_min"":1,""amount_max"":999999999,""amount_multiples"":1,""units_min"":0.001,""units_max"":999999999,""units_multiples"":0.001},{""type"":""sip"",""frequency"":""monthly"",""amount_min"":100,""amount_max"":999999999,""amount_multiples"":1,""installments_min"":6,""dates"":[1,2,3,4,5,6,7,8,9,10,11,12,13,14,15,16,17,18,19,20,21,22,23,24,25,26,27,28]},{""type"":""sip"",""frequency"":""daily"",""amount_min"":100,""amount_max"":999999999,""amount_multiples"":1,""installments_min"":60,""dates"":[]},{""type"":""sip"",""frequency"":""calendar_day_daily"",""amount_min"":100,""amount_max"":999999999,""amount_multiples"":1,""installments_min"":60,""dates"":[]}]"
108,cybrillapoa,ADITYA BIRLA SUN LIFE INFRASTRUCTURE FUND-GROWTH,ADITYA BIRLA SUN LIFE MUTUAL FUND,INF209K01504,regular,growth,,true,"[{""type"":""lumpsum"",""amount_min"":1000,""additional_amount_min"":1000,""amount_max"":999999999,""additional_amount_max"":999999999,""amount_multiples"":1,""additional_amount_multiples"":1},{""type"":""withdrawal"",""amount_min"":1,""amount_max"":999999999,""amount_multiples"":1,""units_min"":0.001,""units_max"":999999999,""units_multiples"":0.001},{""type"":""sip"",""frequency"":""monthly"",""amount_min"":100,""amount_max"":999999999,""amount_multiples"":1,""installments_min"":6,""dates"":[1,2,3,4,5,6,7,8,9,10,11,12,13,14,15,16,17,18,19,20,21,22,23,24,25,26,27,28]},{""type"":""sip"",""frequency"":""daily"",""amount_min"":100,""amount_max"":999999999,""amount_multiples"":1,""installments_min"":60,""dates"":[]},{""type"":""sip"",""frequency"":""calendar_day_daily"",""amount_min"":100,""amount_max"":999999999,""amount_multiples"":1,""installments_min"":60,""dates"":[]}]"
109,cybrillapoa,ADITYA BIRLA SUN LIFE INTERNATIONAL EQUITY FUND - GROWTH - REGULAR PLAN,ADITYA BIRLA SUN LIFE MUTUAL FUND,INF209K01520,regular,growth,,true,"[{""type"":""withdrawal"",""amount_min"":1,""amount_max"":999999999,""amount_multiples"":1,""units_min"":0.001,""units_max"":999999999,""units_multiples"":0.001}]"
110,cybrillapoa,ADITYA BIRLA SUN LIFE INTERNATIONAL EQUITY FUND - REGULAR - IDCW,ADITYA BIRLA SUN LIFE MUTUAL FUND,INF209K01512,regular,idcw,payout,true,"[{""type"":""withdrawal"",""amount_min"":1,""amount_max"":999999999,""amount_multiples"":1,""units_min"":0.001,""units_max"":999999999,""units_multiples"":0.001}]"
111,cybrillapoa,ADITYA BIRLA SUN LIFE LARGE & MID CAP FUND - REGULAR GROWTH,ADITYA BIRLA SUN LIFE MUTUAL FUND,INF209K01165,regular,growth,,true,"[{""type"":""lumpsum"",""amount_min"":1000,""additional_amount_min"":1000,""amount_max"":999999999,""additional_amount_max"":999999999,""amount_multiples"":1,""additional_amount_multiples"":1},{""type"":""withdrawal"",""amount_min"":1,""amount_max"":999999999,""amount_multiples"":1,""units_min"":0.001,""units_max"":999999999,""units_multiples"":0.001},{""type"":""sip"",""frequency"":""monthly"",""amount_min"":100,""amount_max"":999999999,""amount_multiples"":1,""installments_min"":6,""dates"":[1,2,3,4,5,6,7,8,9,10,11,12,13,14,15,16,17,18,19,20,21,22,23,24,25,26,27,28]},{""type"":""sip"",""frequency"":""daily"",""amount_min"":100,""amount_max"":999999999,""amount_multiples"":1,""installments_min"":60,""dates"":[]},{""type"":""sip"",""frequency"":""calendar_day_daily"",""amount_min"":100,""amount_max"":999999999,""amount_multiples"":1,""installments_min"":60,""dates"":[]}]"
112,cybrillapoa,ADITYA BIRLA SUN LIFE LARGE & MID CAP FUND -REGULAR - IDCW,ADITYA BIRLA SUN LIFE MUTUAL FUND,INF209K01157,regular,idcw,payout,true,"[{""type"":""lumpsum"",""amount_min"":1000,""additional_amount_min"":1000,""amount_max"":999999999,""additional_amount_max"":999999999,""amount_multiples"":1,""additional_amount_multiples"":1},{""type"":""withdrawal"",""amount_min"":1,""amount_max"":999999999,""amount_multiples"":1,""units_min"":0.001,""units_max"":999999999,""units_multiples"":0.001},{""type"":""sip"",""frequency"":""monthly"",""amount_min"":100,""amount_max"":999999999,""amount_multiples"":1,""installments_min"":6,""dates"":[1,2,3,4,5,6,7,8,9,10,11,12,13,14,15,16,17,18,19,20,21,22,23,24,25,26,27,28]},{""type"":""sip"",""frequency"":""daily"",""amount_min"":100,""amount_max"":999999999,""amount_multiples"":1,""installments_min"":60,""dates"":[]},{""type"":""sip"",""frequency"":""calendar_day_daily"",""amount_min"":100,""amount_max"":999999999,""amount_multiples"":1,""installments_min"":60,""dates"":[]}]"
113,cybrillapoa,ADITYA BIRLA SUN LIFE LARGE CAP FUND-GROWTH,ADITYA BIRLA SUN LIFE MUTUAL FUND,INF209K01BR9,regular,growth,,true,"[{""type"":""lumpsum"",""amount_min"":100,""additional_amount_min"":100,""amount_max"":999999999,""additional_amount_max"":999999999,""amount_multiples"":1,""additional_amount_multiples"":1},{""type"":""withdrawal"",""amount_min"":1,""amount_max"":999999999,""amount_multiples"":1,""units_min"":0.001,""units_max"":999999999,""units_multiples"":0.001},{""type"":""sip"",""frequency"":""monthly"",""amount_min"":100,""amount_max"":999999999,""amount_multiples"":1,""installments_min"":6,""dates"":[1,2,3,4,5,6,7,8,9,10,11,12,13,14,15,16,17,18,19,20,21,22,23,24,25,26,27,28]},{""type"":""sip"",""frequency"":""calendar_day_daily"",""amount_min"":100,""amount_max"":999999999,""amount_multiples"":1,""installments_min"":60,""dates"":[]},{""type"":""sip"",""frequency"":""daily"",""amount_min"":100,""amount_max"":999999999,""amount_multiples"":1,""installments_min"":60,""dates"":[]}]"
114,cybrillapoa,ADITYA BIRLA SUN LIFE LARGE CAP FUND-REGULAR - IDCW,ADITYA BIRLA SUN LIFE MUTUAL FUND,INF209K01BO6,regular,idcw,payout,true,"[{""type"":""lumpsum"",""amount_min"":100,""additional_amount_min"":100,""amount_max"":999999999,""additional_amount_max"":999999999,""amount_multiples"":1,""additional_amount_multiples"":1},{""type"":""withdrawal"",""amount_min"":1,""amount_max"":999999999,""amount_multiples"":1,""units_min"":0.001,""units_max"":999999999,""units_multiples"":0.001},{""type"":""sip"",""frequency"":""monthly"",""amount_min"":100,""amount_max"":999999999,""amount_multiples"":1,""installments_min"":6,""dates"":[1,2,3,4,5,6,7,8,9,10,11,12,13,14,15,16,17,18,19,20,21,22,23,24,25,26,27,28]},{""type"":""sip"",""frequency"":""calendar_day_daily"",""amount_min"":100,""amount_max"":999999999,""amount_multiples"":1,""installments_min"":60,""dates"":[]},{""type"":""sip"",""frequency"":""daily"",""amount_min"":100,""amount_max"":999999999,""amount_multiples"":1,""installments_min"":60,""dates"":[]}]"
115,cybrillapoa,ADITYA BIRLA SUN LIFE LIQUID FUND - GROWTH,ADITYA BIRLA SUN LIFE MUTUAL FUND,INF209K01RU9,regular,growth,,true,"[{""type"":""lumpsum"",""amount_min"":100,""additional_amount_min"":100,""amount_max"":999999999,""additional_amount_max"":999999999,""amount_multiples"":1,""additional_amount_multiples"":1},{""type"":""withdrawal"",""amount_min"":1,""amount_max"":999999999,""amount_multiples"":1,""units_min"":0.001,""units_max"":999999999,""units_multiples"":0.001},{""type"":""sip"",""frequency"":""monthly"",""amount_min"":500,""amount_max"":999999999,""amount_multiples"":1,""installments_min"":6,""dates"":[1,2,3,4,5,6,7,8,9,10,11,12,13,14,15,16,17,18,19,20,21,22,23,24,25,26,27,28]},{""type"":""sip"",""frequency"":""daily"",""amount_min"":40,""amount_max"":999999999,""amount_multiples"":1,""installments_min"":10,""dates"":[]},{""type"":""sip"",""frequency"":""calendar_day_daily"",""amount_min"":40,""amount_max"":999999999,""amount_multiples"":1,""installments_min"":10,""dates"":[]}]"
116,cybrillapoa,ADITYA BIRLA SUN LIFE LIQUID FUND -DAILY IDCW,ADITYA BIRLA SUN LIFE MUTUAL FUND,INF209K01SQ5,regular,idcw_daily,reinvestment,true,"[{""type"":""lumpsum"",""amount_min"":500,""additional_amount_min"":500,""amount_max"":999999999,""additional_amount_max"":999999999,""amount_multiples"":1,""additional_amount_multiples"":1},{""type"":""withdrawal"",""amount_min"":1,""amount_max"":999999999,""amount_multiples"":1,""units_min"":0.001,""units_max"":999999999,""units_multiples"":0.001}]"
117,cybrillapoa,ADITYA BIRLA SUN LIFE LIQUID FUND -INSTITUTIONAL - WEEKLY  IDCW,ADITYA BIRLA SUN LIFE MUTUAL FUND,INF209KA1LK7,regular,idcw_weekly,payout,true,"[{""type"":""lumpsum"",""amount_min"":500,""additional_amount_min"":500,""amount_max"":999999999,""additional_amount_max"":999999999,""amount_multiples"":1,""additional_amount_multiples"":1},{""type"":""withdrawal"",""amount_min"":1,""amount_max"":999999999,""amount_multiples"":1,""units_min"":0.001,""units_max"":999999999,""units_multiples"":0.001}]"
118,cybrillapoa,ADITYA BIRLA SUN LIFE LIQUID FUND -REGULAR - IDCW,ADITYA BIRLA SUN LIFE MUTUAL FUND,INF209KA1LI1,regular,idcw,payout,true,"[{""type"":""lumpsum"",""amount_min"":500,""additional_amount_min"":500,""amount_max"":999999999,""additional_amount_max"":999999999,""amount_multiples"":1,""additional_amount_multiples"":1},{""type"":""withdrawal"",""amount_min"":1,""amount_max"":999999999,""amount_multiples"":1,""units_min"":0.001,""units_max"":999999999,""units_multiples"":0.001},{""type"":""sip"",""frequency"":""daily"",""amount_min"":100,""amount_max"":999999999,""amount_multiples"":1,""installments_min"":60,""dates"":[]},{""type"":""sip"",""frequency"":""calendar_day_daily"",""amount_min"":100,""amount_max"":999999999,""amount_multiples"":1,""installments_min"":60,""dates"":[]}]"
119,cybrillapoa,ADITYA BIRLA SUN LIFE LIQUID FUND -WEEKLY IDCW,ADITYA BIRLA SUN LIFE MUTUAL FUND,INF209KA1LJ9,regular,idcw_weekly,reinvestment,true,"[{""type"":""lumpsum"",""amount_min"":500,""additional_amount_min"":500,""amount_max"":999999999,""additional_amount_max"":999999999,""amount_multiples"":1,""additional_amount_multiples"":1},{""type"":""withdrawal"",""amount_min"":1,""amount_max"":999999999,""amount_multiples"":1,""units_min"":0.001,""units_max"":999999999,""units_multiples"":0.001}]"
120,cybrillapoa,ADITYA BIRLA SUN LIFE LIQUID FUND-INSTITUTIONAL (GROWTH),ADITYA BIRLA SUN LIFE MUTUAL FUND,INF209K01RT1,regular,growth,,true,"[{""type"":""withdrawal"",""amount_min"":1,""amount_max"":999999999,""amount_multiples"":1,""units_min"":0.001,""units_max"":999999999,""units_multiples"":0.001}]"
121,cybrillapoa,ADITYA BIRLA SUN LIFE LIQUID FUND-RETAIL (GROWTH),ADITYA BIRLA SUN LIFE MUTUAL FUND,INF209K01ME4,regular,growth,,true,"[{""type"":""withdrawal"",""amount_min"":1,""amount_max"":999999999,""amount_multiples"":1,""units_min"":0.001,""units_max"":999999999,""units_multiples"":0.001}]"
122,cybrillapoa,ADITYA BIRLA SUN LIFE LONG DURATION FUND-REGULAR GROWTH,ADITYA BIRLA SUN LIFE MUTUAL FUND,INF209KB14J9,regular,growth,,true,"[{""type"":""lumpsum"",""amount_min"":100,""additional_amount_min"":100,""amount_max"":999999999,""additional_amount_max"":999999999,""amount_multiples"":1,""additional_amount_multiples"":1},{""type"":""withdrawal"",""amount_min"":1,""amount_max"":999999999,""amount_multiples"":1,""units_min"":0.001,""units_max"":999999999,""units_multiples"":0.001},{""type"":""sip"",""frequency"":""monthly"",""amount_min"":500,""amount_max"":999999999,""amount_multiples"":1,""installments_min"":6,""dates"":[1,2,3,4,5,6,7,8,9,10,11,12,13,14,15,16,17,18,19,20,21,22,23,24,25,26,27,28]}]"
123,cybrillapoa,ADITYA BIRLA SUN LIFE LONG DURATION FUND-REGULAR IDCW PAYOUT,ADITYA BIRLA SUN LIFE MUTUAL FUND,INF209KB15J6,regular,idcw,payout,true,"[{""type"":""lumpsum"",""amount_min"":100,""additional_amount_min"":100,""amount_max"":999999999,""additional_amount_max"":999999999,""amount_multiples"":1,""additional_amount_multiples"":1},{""type"":""withdrawal"",""amount_min"":1,""amount_max"":999999999,""amount_multiples"":1,""units_min"":0.001,""units_max"":999999999,""units_multiples"":0.001},{""type"":""sip"",""frequency"":""monthly"",""amount_min"":500,""amount_max"":999999999,""amount_multiples"":1,""installments_min"":6,""dates"":[1,2,3,4,5,6,7,8,9,10,11,12,13,14,15,16,17,18,19,20,21,22,23,24,25,26,27,28]}]"
124,cybrillapoa,ADITYA BIRLA SUN LIFE LOW DURATION FUND - GROWTH PLAN,ADITYA BIRLA SUN LIFE MUTUAL FUND,INF209K01LQ0,regular,growth,,true,"[{""type"":""lumpsum"",""amount_min"":100,""additional_amount_min"":100,""amount_max"":999999999,""additional_amount_max"":999999999,""amount_multiples"":1,""additional_amount_multiples"":1},{""type"":""withdrawal"",""amount_min"":1,""amount_max"":999999999,""amount_multiples"":1,""units_min"":0.001,""units_max"":999999999,""units_multiples"":0.001},{""type"":""sip"",""frequency"":""monthly"",""amount_min"":100,""amount_max"":999999999,""amount_multiples"":1,""installments_min"":6,""dates"":[1,2,3,4,5,6,7,8,9,10,11,12,13,14,15,16,17,18,19,20,21,22,23,24,25,26,27,28]}]"
125,cybrillapoa,ADITYA BIRLA SUN LIFE LOW DURATION FUND -REGULAR - DAILY IDCW,ADITYA BIRLA SUN LIFE MUTUAL FUND,INF209KA1LP6,regular,idcw_daily,reinvestment,true,"[{""type"":""lumpsum"",""amount_min"":100,""additional_amount_min"":100,""amount_max"":999999999,""additional_amount_max"":999999999,""amount_multiples"":1,""additional_amount_multiples"":1},{""type"":""withdrawal"",""amount_min"":1,""amount_max"":999999999,""amount_multiples"":1,""units_min"":0.001,""units_max"":999999999,""units_multiples"":0.001},{""type"":""sip"",""frequency"":""monthly"",""amount_min"":100,""amount_max"":999999999,""amount_multiples"":1,""installments_min"":6,""dates"":[1,2,3,4,5,6,7,8,9,10,11,12,13,14,15,16,17,18,19,20,21,22,23,24,25,26,27,28]}]"
126,cybrillapoa,ADITYA BIRLA SUN LIFE MANUFACTURING EQUITY FUND - REGULAR - IDCW,ADITYA BIRLA SUN LIFE MUTUAL FUND,INF209KA1YI4,regular,idcw,payout,true,"[{""type"":""lumpsum"",""amount_min"":1000,""additional_amount_min"":1000,""amount_max"":999999999,""additional_amount_max"":999999999,""amount_multiples"":1,""additional_amount_multiples"":1},{""type"":""withdrawal"",""amount_min"":1,""amount_max"":999999999,""amount_multiples"":1,""units_min"":0.001,""units_max"":999999999,""units_multiples"":0.001},{""type"":""sip"",""frequency"":""monthly"",""amount_min"":100,""amount_max"":999999999,""amount_multiples"":1,""installments_min"":6,""dates"":[1,2,3,4,5,6,7,8,9,10,11,12,13,14,15,16,17,18,19,20,21,22,23,24,25,26,27,28]},{""type"":""sip"",""frequency"":""calendar_day_daily"",""amount_min"":100,""amount_max"":999999999,""amount_multiples"":1,""installments_min"":60,""dates"":[]},{""type"":""sip"",""frequency"":""daily"",""amount_min"":100,""amount_max"":999999999,""amount_multiples"":1,""installments_min"":60,""dates"":[]}]"
127,cybrillapoa,ADITYA BIRLA SUN LIFE MANUFACTURING EQUITY FUND - REGULAR PLAN - GROWTH,ADITYA BIRLA SUN LIFE MUTUAL FUND,INF209KA1YH6,regular,growth,,true,"[{""type"":""lumpsum"",""amount_min"":1000,""additional_amount_min"":1000,""amount_max"":999999999,""additional_amount_max"":999999999,""amount_multiples"":1,""additional_amount_multiples"":1},{""type"":""withdrawal"",""amount_min"":1,""amount_max"":999999999,""amount_multiples"":1,""units_min"":0.001,""units_max"":999999999,""units_multiples"":0.001},{""type"":""sip"",""frequency"":""monthly"",""amount_min"":100,""amount_max"":999999999,""amount_multiples"":1,""installments_min"":6,""dates"":[1,2,3,4,5,6,7,8,9,10,11,12,13,14,15,16,17,18,19,20,21,22,23,24,25,26,27,28]},{""type"":""sip"",""frequency"":""calendar_day_daily"",""amount_min"":100,""amount_max"":999999999,""amount_multiples"":1,""installments_min"":60,""dates"":[]},{""type"":""sip"",""frequency"":""daily"",""amount_min"":100,""amount_max"":999999999,""amount_multiples"":1,""installments_min"":60,""dates"":[]}]"
128,cybrillapoa,ADITYA BIRLA SUN LIFE MEDIUM TERM PLAN - GROWTH - REGULAR PLAN,ADITYA BIRLA SUN LIFE MUTUAL FUND,INF209K01603,regular,growth,,true,"[{""type"":""lumpsum"",""amount_min"":1000,""additional_amount_min"":1000,""amount_max"":999999999,""additional_amount_max"":999999999,""amount_multiples"":1,""additional_amount_multiples"":1},{""type"":""withdrawal"",""amount_min"":1,""amount_max"":999999999,""amount_multiples"":1,""units_min"":0.001,""units_max"":999999999,""units_multiples"":0.001},{""type"":""sip"",""frequency"":""monthly"",""amount_min"":1000,""amount_max"":999999999,""amount_multiples"":1,""installments_min"":6,""dates"":[1,2,3,4,5,6,7,8,9,10,11,12,13,14,15,16,17,18,19,20,21,22,23,24,25,26,27,28]}]"
129,cybrillapoa,ADITYA BIRLA SUN LIFE MEDIUM TERM PLAN - REGULAR - HALFYEARLY IDCW,ADITYA BIRLA SUN LIFE MUTUAL FUND,INF209K01595,regular,idcw_half_yearly,payout,true,"[{""type"":""lumpsum"",""amount_min"":1000,""additional_amount_min"":1000,""amount_max"":999999999,""additional_amount_max"":999999999,""amount_multiples"":1,""additional_amount_multiples"":1},{""type"":""withdrawal"",""amount_min"":1,""amount_max"":999999999,""amount_multiples"":1,""units_min"":0.001,""units_max"":999999999,""units_multiples"":0.001},{""type"":""sip"",""frequency"":""monthly"",""amount_min"":1000,""amount_max"":999999999,""amount_multiples"":1,""installments_min"":6,""dates"":[1,2,3,4,5,6,7,8,9,10,11,12,13,14,15,16,17,18,19,20,21,22,23,24,25,26,27,28]}]"
130,cybrillapoa,ADITYA BIRLA SUN LIFE MEDIUM TERM PLAN - REGULAR - IDCW,ADITYA BIRLA SUN LIFE MUTUAL FUND,INF209K01611,regular,idcw,payout,true,"[{""type"":""lumpsum"",""amount_min"":1000,""additional_amount_min"":1000,""amount_max"":999999999,""additional_amount_max"":999999999,""amount_multiples"":1,""additional_amount_multiples"":1},{""type"":""withdrawal"",""amount_min"":1,""amount_max"":999999999,""amount_multiples"":1,""units_min"":0.001,""units_max"":999999999,""units_multiples"":0.001},{""type"":""sip"",""frequency"":""monthly"",""amount_min"":1000,""amount_max"":999999999,""amount_multiples"":1,""installments_min"":6,""dates"":[1,2,3,4,5,6,7,8,9,10,11,12,13,14,15,16,17,18,19,20,21,22,23,24,25,26,27,28]}]"
131,cybrillapoa,ADITYA BIRLA SUN LIFE MEDIUM TERM PLAN - REGULAR - QUARTERLY IDCW,ADITYA BIRLA SUN LIFE MUTUAL FUND,INF209K01637,regular,idcw_quarterly,payout,true,"[{""type"":""lumpsum"",""amount_min"":1000,""additional_amount_min"":1000,""amount_max"":999999999,""additional_amount_max"":999999999,""amount_multiples"":1,""additional_amount_multiples"":1},{""type"":""withdrawal"",""amount_min"":1,""amount_max"":999999999,""amount_multiples"":1,""units_min"":0.001,""units_max"":999999999,""units_multiples"":0.001},{""type"":""sip"",""frequency"":""monthly"",""amount_min"":1000,""amount_max"":999999999,""amount_multiples"":1,""installments_min"":6,""dates"":[1,2,3,4,5,6,7,8,9,10,11,12,13,14,15,16,17,18,19,20,21,22,23,24,25,26,27,28]}]"
132,cybrillapoa,ADITYA BIRLA SUN LIFE MIDCAP FUND -REGULAR - IDCW,ADITYA BIRLA SUN LIFE MUTUAL FUND,INF209K01355,regular,idcw,payout,true,"[{""type"":""lumpsum"",""amount_min"":1000,""additional_amount_min"":1000,""amount_max"":999999999,""additional_amount_max"":999999999,""amount_multiples"":1,""additional_amount_multiples"":1},{""type"":""withdrawal"",""amount_min"":1,""amount_max"":999999999,""amount_multiples"":1,""units_min"":0.001,""units_max"":999999999,""units_multiples"":0.001},{""type"":""sip"",""frequency"":""monthly"",""amount_min"":100,""amount_max"":999999999,""amount_multiples"":1,""installments_min"":6,""dates"":[1,2,3,4,5,6,7,8,9,10,11,12,13,14,15,16,17,18,19,20,21,22,23,24,25,26,27,28]},{""type"":""sip"",""frequency"":""calendar_day_daily"",""amount_min"":100,""amount_max"":999999999,""amount_multiples"":1,""installments_min"":60,""dates"":[]},{""type"":""sip"",""frequency"":""daily"",""amount_min"":100,""amount_max"":999999999,""amount_multiples"":1,""installments_min"":60,""dates"":[]}]"
133,cybrillapoa,ADITYA BIRLA SUN LIFE MIDCAP FUND-GROWTH,ADITYA BIRLA SUN LIFE MUTUAL FUND,INF209K01363,regular,growth,,true,"[{""type"":""lumpsum"",""amount_min"":1000,""additional_amount_min"":1000,""amount_max"":999999999,""additional_amount_max"":999999999,""amount_multiples"":1,""additional_amount_multiples"":1},{""type"":""withdrawal"",""amount_min"":1,""amount_max"":999999999,""amount_multiples"":1,""units_min"":0.001,""units_max"":999999999,""units_multiples"":0.001},{""type"":""sip"",""frequency"":""monthly"",""amount_min"":100,""amount_max"":999999999,""amount_multiples"":1,""installments_min"":6,""dates"":[1,2,3,4,5,6,7,8,9,10,11,12,13,14,15,16,17,18,19,20,21,22,23,24,25,26,27,28]},{""type"":""sip"",""frequency"":""calendar_day_daily"",""amount_min"":100,""amount_max"":999999999,""amount_multiples"":1,""installments_min"":60,""dates"":[]},{""type"":""sip"",""frequency"":""daily"",""amount_min"":100,""amount_max"":999999999,""amount_multiples"":1,""installments_min"":60,""dates"":[]}]"
134,cybrillapoa,ADITYA BIRLA SUN LIFE MNC FUND - GROWTH - REGULAR PLAN,ADITYA BIRLA SUN LIFE MUTUAL FUND,INF209K01322,regular,growth,,true,"[{""type"":""lumpsum"",""amount_min"":1000,""additional_amount_min"":1000,""amount_max"":999999999,""additional_amount_max"":999999999,""amount_multiples"":1,""additional_amount_multiples"":1},{""type"":""withdrawal"",""amount_min"":1,""amount_max"":999999999,""amount_multiples"":1,""units_min"":0.001,""units_max"":999999999,""units_multiples"":0.001},{""type"":""sip"",""frequency"":""monthly"",""amount_min"":100,""amount_max"":999999999,""amount_multiples"":1,""installments_min"":6,""dates"":[1,2,3,4,5,6,7,8,9,10,11,12,13,14,15,16,17,18,19,20,21,22,23,24,25,26,27,28]},{""type"":""sip"",""frequency"":""calendar_day_daily"",""amount_min"":100,""amount_max"":999999999,""amount_multiples"":1,""installments_min"":60,""dates"":[]},{""type"":""sip"",""frequency"":""daily"",""amount_min"":100,""amount_max"":999999999,""amount_multiples"":1,""installments_min"":60,""dates"":[]}]"
135,cybrillapoa,ADITYA BIRLA SUN LIFE MNC FUND - REGULAR - IDCW,ADITYA BIRLA SUN LIFE MUTUAL FUND,INF209K01314,regular,idcw,payout,true,"[{""type"":""lumpsum"",""amount_min"":1000,""additional_amount_min"":1000,""amount_max"":999999999,""additional_amount_max"":999999999,""amount_multiples"":1,""additional_amount_multiples"":1},{""type"":""withdrawal"",""amount_min"":1,""amount_max"":999999999,""amount_multiples"":1,""units_min"":0.001,""units_max"":999999999,""units_multiples"":0.001},{""type"":""sip"",""frequency"":""monthly"",""amount_min"":100,""amount_max"":999999999,""amount_multiples"":1,""installments_min"":6,""dates"":[1,2,3,4,5,6,7,8,9,10,11,12,13,14,15,16,17,18,19,20,21,22,23,24,25,26,27,28]},{""type"":""sip"",""frequency"":""calendar_day_daily"",""amount_min"":100,""amount_max"":999999999,""amount_multiples"":1,""installments_min"":60,""dates"":[]},{""type"":""sip"",""frequency"":""daily"",""amount_min"":100,""amount_max"":999999999,""amount_multiples"":1,""installments_min"":60,""dates"":[]}]"
136,cybrillapoa,ADITYA BIRLA SUN LIFE MONEY MANAGER FUND - DAILY IDCW,ADITYA BIRLA SUN LIFE MUTUAL FUND,INF209K01SZ6,regular,idcw_daily,reinvestment,true,"[{""type"":""lumpsum"",""amount_min"":1000,""additional_amount_min"":1000,""amount_max"":999999999,""additional_amount_max"":999999999,""amount_multiples"":1,""additional_amount_multiples"":1},{""type"":""withdrawal"",""amount_min"":1,""amount_max"":999999999,""amount_multiples"":1,""units_min"":0.001,""units_max"":999999999,""units_multiples"":0.001},{""type"":""sip"",""frequency"":""monthly"",""amount_min"":1000,""amount_max"":999999999,""amount_multiples"":1,""installments_min"":6,""dates"":[1,2,3,4,5,6,7,8,9,10,11,12,13,14,15,16,17,18,19,20,21,22,23,24,25,26,27,28]}]"
137,cybrillapoa,ADITYA BIRLA SUN LIFE MONEY MANAGER FUND - GROWTH,ADITYA BIRLA SUN LIFE MUTUAL FUND,INF209K01RV7,regular,growth,,true,"[{""type"":""lumpsum"",""amount_min"":1000,""additional_amount_min"":1000,""amount_max"":999999999,""additional_amount_max"":999999999,""amount_multiples"":1,""additional_amount_multiples"":1},{""type"":""withdrawal"",""amount_min"":1,""amount_max"":999999999,""amount_multiples"":1,""units_min"":0.001,""units_max"":999999999,""units_multiples"":0.001},{""type"":""sip"",""frequency"":""monthly"",""amount_min"":1000,""amount_max"":999999999,""amount_multiples"":1,""installments_min"":6,""dates"":[1,2,3,4,5,6,7,8,9,10,11,12,13,14,15,16,17,18,19,20,21,22,23,24,25,26,27,28]}]"
138,cybrillapoa,ADITYA BIRLA SUN LIFE MONEY MANAGER FUND - RETAIL GROWTH,ADITYA BIRLA SUN LIFE MUTUAL FUND,INF209K01MJ3,regular,growth,,true,"[{""type"":""withdrawal"",""amount_min"":1,""amount_max"":999999999,""amount_multiples"":1,""units_min"":0.001,""units_max"":999999999,""units_multiples"":0.001}]"
139,cybrillapoa,ADITYA BIRLA SUN LIFE MULTI ASSET ALLOCATION FUND-REGULAR GROWTH,ADITYA BIRLA SUN LIFE MUTUAL FUND,INF209KB12R6,regular,growth,,true,"[{""type"":""lumpsum"",""amount_min"":500,""additional_amount_min"":500,""amount_max"":999999999,""additional_amount_max"":999999999,""amount_multiples"":1,""additional_amount_multiples"":1},{""type"":""withdrawal"",""amount_min"":1,""amount_max"":999999999,""amount_multiples"":1,""units_min"":0.001,""units_max"":999999999,""units_multiples"":0.001},{""type"":""sip"",""frequency"":""monthly"",""amount_min"":100,""amount_max"":999999999,""amount_multiples"":1,""installments_min"":6,""dates"":[1,2,3,4,5,6,7,8,9,10,11,12,13,14,15,16,17,18,19,20,21,22,23,24,25,26,27,28]},{""type"":""sip"",""frequency"":""calendar_day_daily"",""amount_min"":100,""amount_max"":999999999,""amount_multiples"":1,""installments_min"":60,""dates"":[]},{""type"":""sip"",""frequency"":""daily"",""amount_min"":100,""amount_max"":999999999,""amount_multiples"":1,""installments_min"":60,""dates"":[]}]"
140,cybrillapoa,ADITYA BIRLA SUN LIFE MULTI ASSET ALLOCATION FUND-REGULAR IDCW,ADITYA BIRLA SUN LIFE MUTUAL FUND,INF209KB13R4,regular,idcw,payout,true,"[{""type"":""lumpsum"",""amount_min"":500,""additional_amount_min"":500,""amount_max"":999999999,""additional_amount_max"":999999999,""amount_multiples"":1,""additional_amount_multiples"":1},{""type"":""withdrawal"",""amount_min"":1,""amount_max"":999999999,""amount_multiples"":1,""units_min"":0.001,""units_max"":999999999,""units_multiples"":0.001},{""type"":""sip"",""frequency"":""monthly"",""amount_min"":100,""amount_max"":999999999,""amount_multiples"":1,""installments_min"":6,""dates"":[1,2,3,4,5,6,7,8,9,10,11,12,13,14,15,16,17,18,19,20,21,22,23,24,25,26,27,28]},{""type"":""sip"",""frequency"":""calendar_day_daily"",""amount_min"":100,""amount_max"":999999999,""amount_multiples"":1,""installments_min"":60,""dates"":[]},{""type"":""sip"",""frequency"":""daily"",""amount_min"":100,""amount_max"":999999999,""amount_multiples"":1,""installments_min"":60,""dates"":[]}]"
141,cybrillapoa,ADITYA BIRLA SUN LIFE MULTI ASSET OMNI FOF- REGULAR PLAN - GROWTH OPTION,ADITYA BIRLA SUN LIFE MUTUAL FUND,INF084M01AE2,regular,growth,,true,"[{""type"":""lumpsum"",""amount_min"":1000,""additional_amount_min"":1000,""amount_max"":999999999,""additional_amount_max"":999999999,""amount_multiples"":1,""additional_amount_multiples"":1},{""type"":""withdrawal"",""amount_min"":1,""amount_max"":999999999,""amount_multiples"":1,""units_min"":0.001,""units_max"":999999999,""units_multiples"":0.001},{""type"":""sip"",""frequency"":""monthly"",""amount_min"":100,""amount_max"":999999999,""amount_multiples"":1,""installments_min"":6,""dates"":[1,2,3,4,5,6,7,8,9,10,11,12,13,14,15,16,17,18,19,20,21,22,23,24,25,26,27,28]},{""type"":""sip"",""frequency"":""daily"",""amount_min"":100,""amount_max"":999999999,""amount_multiples"":1,""installments_min"":60,""dates"":[]},{""type"":""sip"",""frequency"":""calendar_day_daily"",""amount_min"":100,""amount_max"":999999999,""amount_multiples"":1,""installments_min"":60,""dates"":[]}]"
142,cybrillapoa,ADITYA BIRLA SUN LIFE MULTI ASSET OMNI FOF-REGULAR - IDCW,ADITYA BIRLA SUN LIFE MUTUAL FUND,INF084M01AG7,regular,idcw,reinvestment,true,"[{""type"":""lumpsum"",""amount_min"":1000,""additional_amount_min"":1000,""amount_max"":999999999,""additional_amount_max"":999999999,""amount_multiples"":1,""additional_amount_multiples"":1},{""type"":""withdrawal"",""amount_min"":1,""amount_max"":999999999,""amount_multiples"":1,""units_min"":0.001,""units_max"":999999999,""units_multiples"":0.001},{""type"":""sip"",""frequency"":""monthly"",""amount_min"":100,""amount_max"":999999999,""amount_multiples"":1,""installments_min"":6,""dates"":[1,2,3,4,5,6,7,8,9,10,11,12,13,14,15,16,17,18,19,20,21,22,23,24,25,26,27,28]},{""type"":""sip"",""frequency"":""daily"",""amount_min"":100,""amount_max"":999999999,""amount_multiples"":1,""installments_min"":60,""dates"":[]},{""type"":""sip"",""frequency"":""calendar_day_daily"",""amount_min"":100,""amount_max"":999999999,""amount_multiples"":1,""installments_min"":60,""dates"":[]}]"
143,cybrillapoa,ADITYA BIRLA SUN LIFE MULTI-ASSET PASSIVE FOF-REGULAR GROWTH,ADITYA BIRLA SUN LIFE MUTUAL FUND,INF209KB12M7,regular,growth,,true,"[{""type"":""lumpsum"",""amount_min"":100,""additional_amount_min"":100,""amount_max"":999999999,""additional_amount_max"":999999999,""amount_multiples"":1,""additional_amount_multiples"":1},{""type"":""withdrawal"",""amount_min"":1,""amount_max"":999999999,""amount_multiples"":1,""units_min"":0.001,""units_max"":999999999,""units_multiples"":0.001},{""type"":""sip"",""frequency"":""monthly"",""amount_min"":100,""amount_max"":999999999,""amount_multiples"":1,""installments_min"":6,""dates"":[1,2,3,4,5,6,7,8,9,10,11,12,13,14,15,16,17,18,19,20,21,22,23,24,25,26,27,28]},{""type"":""sip"",""frequency"":""calendar_day_daily"",""amount_min"":100,""amount_max"":999999999,""amount_multiples"":1,""installments_min"":60,""dates"":[]},{""type"":""sip"",""frequency"":""daily"",""amount_min"":100,""amount_max"":999999999,""amount_multiples"":1,""installments_min"":60,""dates"":[]}]"
144,cybrillapoa,ADITYA BIRLA SUN LIFE MULTI-ASSET PASSIVE FOF-REGULAR IDCW,ADITYA BIRLA SUN LIFE MUTUAL FUND,INF209KB13M5,regular,idcw,payout,true,"[{""type"":""lumpsum"",""amount_min"":100,""additional_amount_min"":100,""amount_max"":999999999,""additional_amount_max"":999999999,""amount_multiples"":1,""additional_amount_multiples"":1},{""type"":""withdrawal"",""amount_min"":1,""amount_max"":999999999,""amount_multiples"":1,""units_min"":0.001,""units_max"":999999999,""units_multiples"":0.001},{""type"":""sip"",""frequency"":""monthly"",""amount_min"":100,""amount_max"":999999999,""amount_multiples"":1,""installments_min"":6,""dates"":[1,2,3,4,5,6,7,8,9,10,11,12,13,14,15,16,17,18,19,20,21,22,23,24,25,26,27,28]},{""type"":""sip"",""frequency"":""calendar_day_daily"",""amount_min"":100,""amount_max"":999999999,""amount_multiples"":1,""installments_min"":60,""dates"":[]},{""type"":""sip"",""frequency"":""daily"",""amount_min"":100,""amount_max"":999999999,""amount_multiples"":1,""installments_min"":60,""dates"":[]}]"
145,cybrillapoa,ADITYA BIRLA SUN LIFE MULTI-CAP FUND-REGULAR GROWTH,ADITYA BIRLA SUN LIFE MUTUAL FUND,INF209KB1Y23,regular,growth,,true,"[{""type"":""lumpsum"",""amount_min"":500,""additional_amount_min"":500,""amount_max"":999999999,""additional_amount_max"":999999999,""amount_multiples"":1,""additional_amount_multiples"":1},{""type"":""withdrawal"",""amount_min"":1,""amount_max"":999999999,""amount_multiples"":1,""units_min"":0.001,""units_max"":999999999,""units_multiples"":0.001},{""type"":""sip"",""frequency"":""monthly"",""amount_min"":100,""amount_max"":999999999,""amount_multiples"":1,""installments_min"":6,""dates"":[1,2,3,4,5,6,7,8,9,10,11,12,13,14,15,16,17,18,19,20,21,22,23,24,25,26,27,28]},{""type"":""sip"",""frequency"":""calendar_day_daily"",""amount_min"":100,""amount_max"":999999999,""amount_multiples"":1,""installments_min"":60,""dates"":[]},{""type"":""sip"",""frequency"":""daily"",""amount_min"":100,""amount_max"":999999999,""amount_multiples"":1,""installments_min"":60,""dates"":[]}]"
146,cybrillapoa,ADITYA BIRLA SUN LIFE MULTI-CAP FUND-REGULAR-IDCW PAYOUT,ADITYA BIRLA SUN LIFE MUTUAL FUND,INF209KB1Y31,regular,idcw,payout,true,"[{""type"":""lumpsum"",""amount_min"":500,""additional_amount_min"":500,""amount_max"":999999999,""additional_amount_max"":999999999,""amount_multiples"":1,""additional_amount_multiples"":1},{""type"":""withdrawal"",""amount_min"":1,""amount_max"":999999999,""amount_multiples"":1,""units_min"":0.001,""units_max"":999999999,""units_multiples"":0.001},{""type"":""sip"",""frequency"":""monthly"",""amount_min"":100,""amount_max"":999999999,""amount_multiples"":1,""installments_min"":6,""dates"":[1,2,3,4,5,6,7,8,9,10,11,12,13,14,15,16,17,18,19,20,21,22,23,24,25,26,27,28]},{""type"":""sip"",""frequency"":""calendar_day_daily"",""amount_min"":100,""amount_max"":999999999,""amount_multiples"":1,""installments_min"":60,""dates"":[]},{""type"":""sip"",""frequency"":""daily"",""amount_min"":100,""amount_max"":999999999,""amount_multiples"":1,""installments_min"":60,""dates"":[]}]"
147,cybrillapoa,ADITYA BIRLA SUN LIFE NIFTY 50 EQUAL WEIGHT INDEX FUND-REGULAR GROWTH,ADITYA BIRLA SUN LIFE MUTUAL FUND,INF209KB1Z48,regular,growth,,true,"[{""type"":""lumpsum"",""amount_min"":100,""additional_amount_min"":100,""amount_max"":999999999,""additional_amount_max"":999999999,""amount_multiples"":1,""additional_amount_multiples"":1},{""type"":""withdrawal"",""amount_min"":1,""amount_max"":999999999,""amount_multiples"":1,""units_min"":0.001,""units_max"":999999999,""units_multiples"":0.001},{""type"":""sip"",""frequency"":""monthly"",""amount_min"":100,""amount_max"":999999999,""amount_multiples"":1,""installments_min"":6,""dates"":[1,2,3,4,5,6,7,8,9,10,11,12,13,14,15,16,17,18,19,20,21,22,23,24,25,26,27,28]},{""type"":""sip"",""frequency"":""calendar_day_daily"",""amount_min"":100,""amount_max"":999999999,""amount_multiples"":1,""installments_min"":60,""dates"":[]},{""type"":""sip"",""frequency"":""daily"",""amount_min"":100,""amount_max"":999999999,""amount_multiples"":1,""installments_min"":60,""dates"":[]}]"
148,cybrillapoa,ADITYA BIRLA SUN LIFE NIFTY 50 EQUAL WEIGHT INDEX FUND-REGULAR IDCW,ADITYA BIRLA SUN LIFE MUTUAL FUND,INF209KB1Z55,regular,idcw,payout,true,"[{""type"":""lumpsum"",""amount_min"":100,""additional_amount_min"":100,""amount_max"":999999999,""additional_amount_max"":999999999,""amount_multiples"":1,""additional_amount_multiples"":1},{""type"":""withdrawal"",""amount_min"":1,""amount_max"":999999999,""amount_multiples"":1,""units_min"":0.001,""units_max"":999999999,""units_multiples"":0.001},{""type"":""sip"",""frequency"":""monthly"",""amount_min"":100,""amount_max"":999999999,""amount_multiples"":1,""installments_min"":6,""dates"":[1,2,3,4,5,6,7,8,9,10,11,12,13,14,15,16,17,18,19,20,21,22,23,24,25,26,27,28]},{""type"":""sip"",""frequency"":""calendar_day_daily"",""amount_min"":100,""amount_max"":999999999,""amount_multiples"":1,""installments_min"":60,""dates"":[]},{""type"":""sip"",""frequency"":""daily"",""amount_min"":100,""amount_max"":999999999,""amount_multiples"":1,""installments_min"":60,""dates"":[]}]"
149,cybrillapoa,ADITYA BIRLA SUN LIFE NIFTY 50 INDEX FUND - GROWTH - REGULAR PLAN,ADITYA BIRLA SUN LIFE MUTUAL FUND,INF209K01LB2,regular,growth,,true,"[{""type"":""lumpsum"",""amount_min"":100,""additional_amount_min"":100,""amount_max"":999999999,""additional_amount_max"":999999999,""amount_multiples"":1,""additional_amount_multiples"":1},{""type"":""withdrawal"",""amount_min"":1,""amount_max"":999999999,""amount_multiples"":1,""units_min"":0.001,""units_max"":999999999,""units_multiples"":0.001},{""type"":""sip"",""frequency"":""monthly"",""amount_min"":100,""amount_max"":999999999,""amount_multiples"":1,""installments_min"":6,""dates"":[1,2,3,4,5,6,7,8,9,10,11,12,13,14,15,16,17,18,19,20,21,22,23,24,25,26,27,28]},{""type"":""sip"",""frequency"":""calendar_day_daily"",""amount_min"":100,""amount_max"":999999999,""amount_multiples"":1,""installments_min"":60,""dates"":[]},{""type"":""sip"",""frequency"":""daily"",""amount_min"":100,""amount_max"":999999999,""amount_multiples"":1,""installments_min"":60,""dates"":[]}]"
150,cybrillapoa,ADITYA BIRLA SUN LIFE NIFTY 50 INDEX FUND -REGULAR - IDCW,ADITYA BIRLA SUN LIFE MUTUAL FUND,INF209K01LA4,regular,idcw,payout,true,"[{""type"":""lumpsum"",""amount_min"":100,""additional_amount_min"":100,""amount_max"":999999999,""additional_amount_max"":999999999,""amount_multiples"":1,""additional_amount_multiples"":1},{""type"":""withdrawal"",""amount_min"":1,""amount_max"":999999999,""amount_multiples"":1,""units_min"":0.001,""units_max"":999999999,""units_multiples"":0.001},{""type"":""sip"",""frequency"":""monthly"",""amount_min"":100,""amount_max"":999999999,""amount_multiples"":1,""installments_min"":6,""dates"":[1,2,3,4,5,6,7,8,9,10,11,12,13,14,15,16,17,18,19,20,21,22,23,24,25,26,27,28]},{""type"":""sip"",""frequency"":""calendar_day_daily"",""amount_min"":100,""amount_max"":999999999,""amount_multiples"":1,""installments_min"":60,""dates"":[]},{""type"":""sip"",""frequency"":""daily"",""amount_min"":100,""amount_max"":999999999,""amount_multiples"":1,""installments_min"":60,""dates"":[]}]"
151,cybrillapoa,ADITYA BIRLA SUN LIFE NIFTY INDIA DEFENCE INDEX FUND-REGULAR IDCW PAYOUT,ADITYA BIRLA SUN LIFE MUTUAL FUND,INF209KC1167,regular,idcw,payout,true,"[{""type"":""lumpsum"",""amount_min"":500,""additional_amount_min"":500,""amount_max"":999999999,""additional_amount_max"":999999999,""amount_multiples"":100,""additional_amount_multiples"":100},{""type"":""withdrawal"",""amount_min"":500,""amount_max"":999999999,""amount_multiples"":100,""units_min"":0.001,""units_max"":999999999,""units_multiples"":0.001},{""type"":""sip"",""frequency"":""monthly"",""amount_min"":500,""amount_max"":999999999,""amount_multiples"":1,""installments_min"":6,""dates"":[1,2,3,4,5,6,7,8,9,10,11,12,13,14,15,16,17,18,19,20,21,22,23,24,25,26,27,28]},{""type"":""sip"",""frequency"":""daily"",""amount_min"":100,""amount_max"":999999999,""amount_multiples"":1,""installments_min"":60,""dates"":[]},{""type"":""sip"",""frequency"":""calendar_day_daily"",""amount_min"":100,""amount_max"":999999999,""amount_multiples"":1,""installments_min"":60,""dates"":[]}]"
152,cybrillapoa,ADITYA BIRLA SUN LIFE NIFTY INDIA DEFENCE INDEX FUND-REGULAR-GROWTH,ADITYA BIRLA SUN LIFE MUTUAL FUND,INF209KC1159,regular,growth,,true,"[{""type"":""lumpsum"",""amount_min"":500,""additional_amount_min"":500,""amount_max"":999999999,""additional_amount_max"":999999999,""amount_multiples"":100,""additional_amount_multiples"":100},{""type"":""withdrawal"",""amount_min"":500,""amount_max"":999999999,""amount_multiples"":100,""units_min"":0.001,""units_max"":999999999,""units_multiples"":0.001},{""type"":""sip"",""frequency"":""monthly"",""amount_min"":500,""amount_max"":999999999,""amount_multiples"":1,""installments_min"":6,""dates"":[1,2,3,4,5,6,7,8,9,10,11,12,13,14,15,16,17,18,19,20,21,22,23,24,25,26,27,28]},{""type"":""sip"",""frequency"":""daily"",""amount_min"":100,""amount_max"":999999999,""amount_multiples"":1,""installments_min"":60,""dates"":[]},{""type"":""sip"",""frequency"":""calendar_day_daily"",""amount_min"":100,""amount_max"":999999999,""amount_multiples"":1,""installments_min"":60,""dates"":[]}]"
153,cybrillapoa,ADITYA BIRLA SUN LIFE NIFTY MIDCAP 150 INDEX FUND - REGULAR - PAYOUT OF IDCW,ADITYA BIRLA SUN LIFE MUTUAL FUND,INF209KB1W58,regular,idcw,payout,true,"[{""type"":""lumpsum"",""amount_min"":100,""additional_amount_min"":100,""amount_max"":999999999,""additional_amount_max"":999999999,""amount_multiples"":1,""additional_amount_multiples"":1},{""type"":""withdrawal"",""amount_min"":1,""amount_max"":999999999,""amount_multiples"":1,""units_min"":0.001,""units_max"":999999999,""units_multiples"":0.001},{""type"":""sip"",""frequency"":""monthly"",""amount_min"":100,""amount_max"":999999999,""amount_multiples"":1,""installments_min"":6,""dates"":[1,2,3,4,5,6,7,8,9,10,11,12,13,14,15,16,17,18,19,20,21,22,23,24,25,26,27,28]},{""type"":""sip"",""frequency"":""calendar_day_daily"",""amount_min"":100,""amount_max"":999999999,""amount_multiples"":1,""installments_min"":60,""dates"":[]},{""type"":""sip"",""frequency"":""daily"",""amount_min"":100,""amount_max"":999999999,""amount_multiples"":1,""installments_min"":60,""dates"":[]}]"
154,cybrillapoa,ADITYA BIRLA SUN LIFE NIFTY MIDCAP 150 INDEX FUND-REGULAR GROWTH,ADITYA BIRLA SUN LIFE MUTUAL FUND,INF209KB1W41,regular,growth,,true,"[{""type"":""lumpsum"",""amount_min"":100,""additional_amount_min"":100,""amount_max"":999999999,""additional_amount_max"":999999999,""amount_multiples"":1,""additional_amount_multiples"":1},{""type"":""withdrawal"",""amount_min"":1,""amount_max"":999999999,""amount_multiples"":1,""units_min"":0.001,""units_max"":999999999,""units_multiples"":0.001},{""type"":""sip"",""frequency"":""monthly"",""amount_min"":100,""amount_max"":999999999,""amount_multiples"":1,""installments_min"":6,""dates"":[1,2,3,4,5,6,7,8,9,10,11,12,13,14,15,16,17,18,19,20,21,22,23,24,25,26,27,28]},{""type"":""sip"",""frequency"":""calendar_day_daily"",""amount_min"":100,""amount_max"":999999999,""amount_multiples"":1,""installments_min"":60,""dates"":[]},{""type"":""sip"",""frequency"":""daily"",""amount_min"":100,""amount_max"":999999999,""amount_multiples"":1,""installments_min"":60,""dates"":[]}]"
155,cybrillapoa,ADITYA BIRLA SUN LIFE NIFTY NEXT 50 INDEX FUND-REGULAR GROWTH,ADITYA BIRLA SUN LIFE MUTUAL FUND,INF209KB12G9,regular,growth,,true,"[{""type"":""lumpsum"",""amount_min"":100,""additional_amount_min"":100,""amount_max"":999999999,""additional_amount_max"":999999999,""amount_multiples"":1,""additional_amount_multiples"":1},{""type"":""withdrawal"",""amount_min"":1,""amount_max"":999999999,""amount_multiples"":1,""units_min"":0.001,""units_max"":999999999,""units_multiples"":0.001},{""type"":""sip"",""frequency"":""monthly"",""amount_min"":100,""amount_max"":999999999,""amount_multiples"":1,""installments_min"":6,""dates"":[1,2,3,4,5,6,7,8,9,10,11,12,13,14,15,16,17,18,19,20,21,22,23,24,25,26,27,28]},{""type"":""sip"",""frequency"":""calendar_day_daily"",""amount_min"":100,""amount_max"":999999999,""amount_multiples"":1,""installments_min"":60,""dates"":[]},{""type"":""sip"",""frequency"":""daily"",""amount_min"":100,""amount_max"":999999999,""amount_multiples"":1,""installments_min"":60,""dates"":[]}]"
156,cybrillapoa,ADITYA BIRLA SUN LIFE NIFTY NEXT 50 INDEX FUND-REGULAR IDCW,ADITYA BIRLA SUN LIFE MUTUAL FUND,INF209KB13G7,regular,idcw,payout,true,"[{""type"":""lumpsum"",""amount_min"":100,""additional_amount_min"":100,""amount_max"":999999999,""additional_amount_max"":999999999,""amount_multiples"":1,""additional_amount_multiples"":1},{""type"":""withdrawal"",""amount_min"":1,""amount_max"":999999999,""amount_multiples"":1,""units_min"":0.001,""units_max"":999999999,""units_multiples"":0.001},{""type"":""sip"",""frequency"":""monthly"",""amount_min"":100,""amount_max"":999999999,""amount_multiples"":1,""installments_min"":6,""dates"":[1,2,3,4,5,6,7,8,9,10,11,12,13,14,15,16,17,18,19,20,21,22,23,24,25,26,27,28]},{""type"":""sip"",""frequency"":""calendar_day_daily"",""amount_min"":100,""amount_max"":999999999,""amount_multiples"":1,""installments_min"":60,""dates"":[]},{""type"":""sip"",""frequency"":""daily"",""amount_min"":100,""amount_max"":999999999,""amount_multiples"":1,""installments_min"":60,""dates"":[]}]"
157,cybrillapoa,ADITYA BIRLA SUN LIFE NIFTY SDL APR 2027 INDEX FUND-REGULAR GROWTH,ADITYA BIRLA SUN LIFE MUTUAL FUND,INF209KB19E9,regular,growth,,true,"[{""type"":""lumpsum"",""amount_min"":500,""additional_amount_min"":500,""amount_max"":999999999,""additional_amount_max"":999999999,""amount_multiples"":1,""additional_amount_multiples"":1},{""type"":""withdrawal"",""amount_min"":1,""amount_max"":999999999,""amount_multiples"":1,""units_min"":0.001,""units_max"":999999999,""units_multiples"":0.001},{""type"":""sip"",""frequency"":""monthly"",""amount_min"":500,""amount_max"":999999999,""amount_multiples"":1,""installments_min"":6,""dates"":[1,2,3,4,5,6,7,8,9,10,11,12,13,14,15,16,17,18,19,20,21,22,23,24,25,26,27,28]}]"
158,cybrillapoa,ADITYA BIRLA SUN LIFE NIFTY SDL APR 2027 INDEX FUND-REGULAR-IDCW PAYOUT,ADITYA BIRLA SUN LIFE MUTUAL FUND,INF209KB10F5,regular,idcw,payout,true,"[{""type"":""lumpsum"",""amount_min"":500,""additional_amount_min"":500,""amount_max"":999999999,""additional_amount_max"":999999999,""amount_multiples"":1,""additional_amount_multiples"":1},{""type"":""withdrawal"",""amount_min"":1,""amount_max"":999999999,""amount_multiples"":1,""units_min"":0.001,""units_max"":999999999,""units_multiples"":0.001},{""type"":""sip"",""frequency"":""monthly"",""amount_min"":500,""amount_max"":999999999,""amount_multiples"":1,""installments_min"":6,""dates"":[1,2,3,4,5,6,7,8,9,10,11,12,13,14,15,16,17,18,19,20,21,22,23,24,25,26,27,28]}]"
159,cybrillapoa,ADITYA BIRLA SUN LIFE NIFTY SDL PLUS PSU BOND SEP 2026 60:40 INDEX FUND-REGULAR GROWTH,ADITYA BIRLA SUN LIFE MUTUAL FUND,INF209KB16B1,regular,growth,,true,"[{""type"":""lumpsum"",""amount_min"":500,""additional_amount_min"":500,""amount_max"":999999999,""additional_amount_max"":999999999,""amount_multiples"":1,""additional_amount_multiples"":1},{""type"":""withdrawal"",""amount_min"":1,""amount_max"":999999999,""amount_multiples"":1,""units_min"":0.001,""units_max"":999999999,""units_multiples"":0.001},{""type"":""sip"",""frequency"":""monthly"",""amount_min"":500,""amount_max"":999999999,""amount_multiples"":1,""installments_min"":6,""dates"":[1,2,3,4,5,6,7,8,9,10,11,12,13,14,15,16,17,18,19,20,21,22,23,24,25,26,27,28]}]"
160,cybrillapoa,ADITYA BIRLA SUN LIFE NIFTY SDL PLUS PSU BOND SEP 2026 60:40 INDEX FUND-REGULAR IDCW,ADITYA BIRLA SUN LIFE MUTUAL FUND,INF209KB17B9,regular,idcw,payout,true,"[{""type"":""lumpsum"",""amount_min"":500,""additional_amount_min"":500,""amount_max"":999999999,""additional_amount_max"":999999999,""amount_multiples"":1,""additional_amount_multiples"":1},{""type"":""withdrawal"",""amount_min"":1,""amount_max"":999999999,""amount_multiples"":1,""units_min"":0.001,""units_max"":999999999,""units_multiples"":0.001},{""type"":""sip"",""frequency"":""monthly"",""amount_min"":500,""amount_max"":999999999,""amount_multiples"":1,""installments_min"":6,""dates"":[1,2,3,4,5,6,7,8,9,10,11,12,13,14,15,16,17,18,19,20,21,22,23,24,25,26,27,28]}]"
161,cybrillapoa,ADITYA BIRLA SUN LIFE NIFTY SDL SEP 2025 INDEX FUND-REGULAR GROWTH,ADITYA BIRLA SUN LIFE MUTUAL FUND,INF209KB18L6,regular,growth,,true,"[{""type"":""sip"",""frequency"":""monthly"",""amount_min"":500,""amount_max"":999999999,""amount_multiples"":1,""installments_min"":6,""dates"":[1,2,3,4,5,6,7,8,9,10,11,12,13,14,15,16,17,18,19,20,21,22,23,24,25,26,27,28]}]"
162,cybrillapoa,ADITYA BIRLA SUN LIFE NIFTY SDL SEP 2025 INDEX FUND-REGULAR IDCW,ADITYA BIRLA SUN LIFE MUTUAL FUND,INF209KB19L4,regular,idcw,payout,true,"[{""type"":""sip"",""frequency"":""monthly"",""amount_min"":500,""amount_max"":999999999,""amount_multiples"":1,""installments_min"":6,""dates"":[1,2,3,4,5,6,7,8,9,10,11,12,13,14,15,16,17,18,19,20,21,22,23,24,25,26,27,28]}]"
163,cybrillapoa,ADITYA BIRLA SUN LIFE NIFTY SDL SEP 2027 INDEX FUND-REGULAR GROWTH,ADITYA BIRLA SUN LIFE MUTUAL FUND,INF209KB14T8,regular,growth,,true,"[{""type"":""lumpsum"",""amount_min"":500,""additional_amount_min"":500,""amount_max"":999999999,""additional_amount_max"":999999999,""amount_multiples"":1,""additional_amount_multiples"":1},{""type"":""withdrawal"",""amount_min"":1,""amount_max"":999999999,""amount_multiples"":1,""units_min"":0.001,""units_max"":999999999,""units_multiples"":0.001},{""type"":""sip"",""frequency"":""monthly"",""amount_min"":500,""amount_max"":999999999,""amount_multiples"":1,""installments_min"":6,""dates"":[1,2,3,4,5,6,7,8,9,10,11,12,13,14,15,16,17,18,19,20,21,22,23,24,25,26,27,28]}]"
164,cybrillapoa,ADITYA BIRLA SUN LIFE NIFTY SDL SEP 2027 INDEX FUND-REGULAR IDCW,ADITYA BIRLA SUN LIFE MUTUAL FUND,INF209KB15T5,regular,idcw,payout,true,"[{""type"":""lumpsum"",""amount_min"":500,""additional_amount_min"":500,""amount_max"":999999999,""additional_amount_max"":999999999,""amount_multiples"":1,""additional_amount_multiples"":1},{""type"":""withdrawal"",""amount_min"":1,""amount_max"":999999999,""amount_multiples"":1,""units_min"":0.001,""units_max"":999999999,""units_multiples"":0.001},{""type"":""sip"",""frequency"":""monthly"",""amount_min"":500,""amount_max"":999999999,""amount_multiples"":1,""installments_min"":6,""dates"":[1,2,3,4,5,6,7,8,9,10,11,12,13,14,15,16,17,18,19,20,21,22,23,24,25,26,27,28]}]"
165,cybrillapoa,ADITYA BIRLA SUN LIFE NIFTY SMALLCAP 50 INDEX FUND-REGULAR - PAYOUT OF IDCW,ADITYA BIRLA SUN LIFE MUTUAL FUND,INF209KB1V91,regular,idcw,payout,true,"[{""type"":""lumpsum"",""amount_min"":100,""additional_amount_min"":100,""amount_max"":999999999,""additional_amount_max"":999999999,""amount_multiples"":1,""additional_amount_multiples"":1},{""type"":""withdrawal"",""amount_min"":1,""amount_max"":999999999,""amount_multiples"":1,""units_min"":0.001,""units_max"":999999999,""units_multiples"":0.001},{""type"":""sip"",""frequency"":""monthly"",""amount_min"":100,""amount_max"":999999999,""amount_multiples"":1,""installments_min"":6,""dates"":[1,2,3,4,5,6,7,8,9,10,11,12,13,14,15,16,17,18,19,20,21,22,23,24,25,26,27,28]}]"
166,cybrillapoa,ADITYA BIRLA SUN LIFE NIFTY SMALLCAP 50 INDEX FUND-REGULAR GROWTH,ADITYA BIRLA SUN LIFE MUTUAL FUND,INF209KB1V83,regular,growth,,true,"[{""type"":""lumpsum"",""amount_min"":100,""additional_amount_min"":100,""amount_max"":999999999,""additional_amount_max"":999999999,""amount_multiples"":1,""additional_amount_multiples"":1},{""type"":""withdrawal"",""amount_min"":1,""amount_max"":999999999,""amount_multiples"":1,""units_min"":0.001,""units_max"":999999999,""units_multiples"":0.001},{""type"":""sip"",""frequency"":""monthly"",""amount_min"":100,""amount_max"":999999999,""amount_multiples"":1,""installments_min"":6,""dates"":[1,2,3,4,5,6,7,8,9,10,11,12,13,14,15,16,17,18,19,20,21,22,23,24,25,26,27,28]}]"
167,cybrillapoa,ADITYA BIRLA SUN LIFE OVERNIGHT FUND-  REGULAR - WEEKLY REINVESTMENT OF IDCW OPTION,ADITYA BIRLA SUN LIFE MUTUAL FUND,INF209KB1ZE9,regular,idcw_weekly,reinvestment,true,"[{""type"":""lumpsum"",""amount_min"":500,""additional_amount_min"":500,""amount_max"":999999999,""additional_amount_max"":999999999,""amount_multiples"":1,""additional_amount_multiples"":1},{""type"":""withdrawal"",""amount_min"":1,""amount_max"":999999999,""amount_multiples"":1,""units_min"":0.001,""units_max"":999999999,""units_multiples"":0.001}]"
168,cybrillapoa,ADITYA BIRLA SUN LIFE OVERNIGHT FUND- REGULAR - DAILY REINVESTMENT OF IDCW,ADITYA BIRLA SUN LIFE MUTUAL FUND,INF209KB1ZD1,regular,idcw_daily,reinvestment,true,"[{""type"":""lumpsum"",""amount_min"":500,""additional_amount_min"":500,""amount_max"":999999999,""additional_amount_max"":999999999,""amount_multiples"":1,""additional_amount_multiples"":1},{""type"":""withdrawal"",""amount_min"":1,""amount_max"":999999999,""amount_multiples"":1,""units_min"":0.001,""units_max"":999999999,""units_multiples"":0.001}]"
169,cybrillapoa,ADITYA BIRLA SUN LIFE OVERNIGHT FUND- REGULAR- MONTHLY PAYOUT OF IDCW OPTION,ADITYA BIRLA SUN LIFE MUTUAL FUND,INF209KB1ZG4,regular,idcw_monthly,payout,true,"[{""type"":""lumpsum"",""amount_min"":500,""additional_amount_min"":500,""amount_max"":999999999,""additional_amount_max"":999999999,""amount_multiples"":1,""additional_amount_multiples"":1},{""type"":""withdrawal"",""amount_min"":1,""amount_max"":999999999,""amount_multiples"":1,""units_min"":0.001,""units_max"":999999999,""units_multiples"":0.001}]"
170,cybrillapoa,ADITYA BIRLA SUN LIFE PHARMA AND HEALTHCARE FUND-REGULAR - PAYOUT OF IDCW,ADITYA BIRLA SUN LIFE MUTUAL FUND,INF209KB1O09,regular,idcw,payout,true,"[{""type"":""lumpsum"",""amount_min"":1000,""additional_amount_min"":1000,""amount_max"":999999999,""additional_amount_max"":999999999,""amount_multiples"":1,""additional_amount_multiples"":1},{""type"":""withdrawal"",""amount_min"":1,""amount_max"":999999999,""amount_multiples"":1,""units_min"":0.001,""units_max"":999999999,""units_multiples"":0.001},{""type"":""sip"",""frequency"":""monthly"",""amount_min"":100,""amount_max"":999999999,""amount_multiples"":1,""installments_min"":6,""dates"":[1,2,3,4,5,6,7,8,9,10,11,12,13,14,15,16,17,18,19,20,21,22,23,24,25,26,27,28]},{""type"":""sip"",""frequency"":""calendar_day_daily"",""amount_min"":100,""amount_max"":999999999,""amount_multiples"":1,""installments_min"":60,""dates"":[]},{""type"":""sip"",""frequency"":""daily"",""amount_min"":100,""amount_max"":999999999,""amount_multiples"":1,""installments_min"":60,""dates"":[]}]"
171,cybrillapoa,ADITYA BIRLA SUN LIFE PHARMA AND HEALTHCARE FUND-REGULAR-GROWTH,ADITYA BIRLA SUN LIFE MUTUAL FUND,INF209KB1N91,regular,growth,,true,"[{""type"":""lumpsum"",""amount_min"":1000,""additional_amount_min"":1000,""amount_max"":999999999,""additional_amount_max"":999999999,""amount_multiples"":1,""additional_amount_multiples"":1},{""type"":""withdrawal"",""amount_min"":1,""amount_max"":999999999,""amount_multiples"":1,""units_min"":0.001,""units_max"":999999999,""units_multiples"":0.001},{""type"":""sip"",""frequency"":""monthly"",""amount_min"":100,""amount_max"":999999999,""amount_multiples"":1,""installments_min"":6,""dates"":[1,2,3,4,5,6,7,8,9,10,11,12,13,14,15,16,17,18,19,20,21,22,23,24,25,26,27,28]},{""type"":""sip"",""frequency"":""calendar_day_daily"",""amount_min"":100,""amount_max"":999999999,""amount_multiples"":1,""installments_min"":60,""dates"":[]},{""type"":""sip"",""frequency"":""daily"",""amount_min"":100,""amount_max"":999999999,""amount_multiples"":1,""installments_min"":60,""dates"":[]}]"
172,cybrillapoa,ADITYA BIRLA SUN LIFE PSU EQUITY FUND-REGULAR - PAYOUT OF IDCW,ADITYA BIRLA SUN LIFE MUTUAL FUND,INF209KB1O74,regular,idcw,payout,true,"[{""type"":""lumpsum"",""amount_min"":500,""additional_amount_min"":500,""amount_max"":999999999,""additional_amount_max"":999999999,""amount_multiples"":1,""additional_amount_multiples"":1},{""type"":""withdrawal"",""amount_min"":1,""amount_max"":999999999,""amount_multiples"":1,""units_min"":0.001,""units_max"":999999999,""units_multiples"":0.001},{""type"":""sip"",""frequency"":""monthly"",""amount_min"":100,""amount_max"":999999999,""amount_multiples"":1,""installments_min"":6,""dates"":[1,2,3,4,5,6,7,8,9,10,11,12,13,14,15,16,17,18,19,20,21,22,23,24,25,26,27,28]},{""type"":""sip"",""frequency"":""calendar_day_daily"",""amount_min"":100,""amount_max"":999999999,""amount_multiples"":1,""installments_min"":60,""dates"":[]},{""type"":""sip"",""frequency"":""daily"",""amount_min"":100,""amount_max"":999999999,""amount_multiples"":1,""installments_min"":60,""dates"":[]}]"
173,cybrillapoa,ADITYA BIRLA SUN LIFE PSU EQUITY FUND-REGULAR PLAN-GROWTH,ADITYA BIRLA SUN LIFE MUTUAL FUND,INF209KB1O66,regular,growth,,true,"[{""type"":""lumpsum"",""amount_min"":500,""additional_amount_min"":500,""amount_max"":999999999,""additional_amount_max"":999999999,""amount_multiples"":1,""additional_amount_multiples"":1},{""type"":""withdrawal"",""amount_min"":1,""amount_max"":999999999,""amount_multiples"":1,""units_min"":0.001,""units_max"":999999999,""units_multiples"":0.001},{""type"":""sip"",""frequency"":""monthly"",""amount_min"":100,""amount_max"":999999999,""amount_multiples"":1,""installments_min"":6,""dates"":[1,2,3,4,5,6,7,8,9,10,11,12,13,14,15,16,17,18,19,20,21,22,23,24,25,26,27,28]},{""type"":""sip"",""frequency"":""calendar_day_daily"",""amount_min"":100,""amount_max"":999999999,""amount_multiples"":1,""installments_min"":60,""dates"":[]},{""type"":""sip"",""frequency"":""daily"",""amount_min"":100,""amount_max"":999999999,""amount_multiples"":1,""installments_min"":60,""dates"":[]}]"
174,cybrillapoa,ADITYA BIRLA SUN LIFE QUANT FUND - REGULAR GROWTH,ADITYA BIRLA SUN LIFE MUTUAL FUND,INF209KC1092,regular,growth,,true,"[{""type"":""lumpsum"",""amount_min"":500,""additional_amount_min"":500,""amount_max"":999999999,""additional_amount_max"":999999999,""amount_multiples"":1,""additional_amount_multiples"":1},{""type"":""withdrawal"",""amount_min"":1,""amount_max"":999999999,""amount_multiples"":1,""units_min"":0.001,""units_max"":999999999,""units_multiples"":0.001},{""type"":""sip"",""frequency"":""monthly"",""amount_min"":500,""amount_max"":999999999,""amount_multiples"":1,""installments_min"":6,""dates"":[1,2,3,4,5,6,7,8,9,10,11,12,13,14,15,16,17,18,19,20,21,22,23,24,25,26,27,28]}]"
175,cybrillapoa,ADITYA BIRLA SUN LIFE QUANT FUND - REGULAR IDCW PAYOUT,ADITYA BIRLA SUN LIFE MUTUAL FUND,INF209KC1100,regular,idcw,payout,true,"[{""type"":""lumpsum"",""amount_min"":500,""additional_amount_min"":500,""amount_max"":999999999,""additional_amount_max"":999999999,""amount_multiples"":1,""additional_amount_multiples"":1},{""type"":""withdrawal"",""amount_min"":1,""amount_max"":999999999,""amount_multiples"":1,""units_min"":0.001,""units_max"":999999999,""units_multiples"":0.001},{""type"":""sip"",""frequency"":""monthly"",""amount_min"":500,""amount_max"":999999999,""amount_multiples"":1,""installments_min"":6,""dates"":[1,2,3,4,5,6,7,8,9,10,11,12,13,14,15,16,17,18,19,20,21,22,23,24,25,26,27,28]}]"
176,cybrillapoa,ADITYA BIRLA SUN LIFE REGULAR SAVINGS FUND - GROWTH / PAYMENT - REGULAR PLAN,ADITYA BIRLA SUN LIFE MUTUAL FUND,INF209K01751,regular,growth,,true,"[{""type"":""lumpsum"",""amount_min"":500,""additional_amount_min"":500,""amount_max"":999999999,""additional_amount_max"":999999999,""amount_multiples"":1,""additional_amount_multiples"":1},{""type"":""withdrawal"",""amount_min"":1,""amount_max"":999999999,""amount_multiples"":1,""units_min"":0.001,""units_max"":999999999,""units_multiples"":0.001},{""type"":""sip"",""frequency"":""monthly"",""amount_min"":100,""amount_max"":999999999,""amount_multiples"":1,""installments_min"":6,""dates"":[1,2,3,4,5,6,7,8,9,10,11,12,13,14,15,16,17,18,19,20,21,22,23,24,25,26,27,28]},{""type"":""sip"",""frequency"":""calendar_day_daily"",""amount_min"":100,""amount_max"":999999999,""amount_multiples"":1,""installments_min"":60,""dates"":[]},{""type"":""sip"",""frequency"":""daily"",""amount_min"":100,""amount_max"":999999999,""amount_multiples"":1,""installments_min"":60,""dates"":[]}]"
177,cybrillapoa,ADITYA BIRLA SUN LIFE REGULAR SAVINGS FUND - REGULAR - MONTHLY IDCW,ADITYA BIRLA SUN LIFE MUTUAL FUND,INF209K01769,regular,idcw_monthly,payout,true,"[{""type"":""lumpsum"",""amount_min"":1000,""additional_amount_min"":1000,""amount_max"":999999999,""additional_amount_max"":999999999,""amount_multiples"":1,""additional_amount_multiples"":1},{""type"":""withdrawal"",""amount_min"":1,""amount_max"":999999999,""amount_multiples"":1,""units_min"":0.001,""units_max"":999999999,""units_multiples"":0.001},{""type"":""sip"",""frequency"":""monthly"",""amount_min"":100,""amount_max"":999999999,""amount_multiples"":1,""installments_min"":6,""dates"":[1,2,3,4,5,6,7,8,9,10,11,12,13,14,15,16,17,18,19,20,21,22,23,24,25,26,27,28]},{""type"":""sip"",""frequency"":""calendar_day_daily"",""amount_min"":100,""amount_max"":999999999,""amount_multiples"":1,""installments_min"":60,""dates"":[]},{""type"":""sip"",""frequency"":""daily"",""amount_min"":100,""amount_max"":999999999,""amount_multiples"":1,""installments_min"":60,""dates"":[]}]"
178,cybrillapoa,ADITYA BIRLA SUN LIFE RETIREMENT FUND-THE 30S PLAN-REGULAR - PAYOUT OF IDCW,ADITYA BIRLA SUN LIFE MUTUAL FUND,INF209KB1I07,regular,idcw,payout,true,"[{""type"":""lumpsum"",""amount_min"":1000,""additional_amount_min"":1000,""amount_max"":999999999,""additional_amount_max"":999999999,""amount_multiples"":1,""additional_amount_multiples"":1},{""type"":""withdrawal"",""amount_min"":1,""amount_max"":999999999,""amount_multiples"":1,""units_min"":0.001,""units_max"":999999999,""units_multiples"":0.001},{""type"":""sip"",""frequency"":""monthly"",""amount_min"":500,""amount_max"":999999999,""amount_multiples"":1,""installments_min"":6,""dates"":[1,2,3,4,5,6,7,8,9,10,11,12,13,14,15,16,17,18,19,20,21,22,23,24,25,26,27,28]}]"
179,cybrillapoa,ADITYA BIRLA SUN LIFE RETIREMENT FUND-THE 30S PLAN-REGULAR GROWTH,ADITYA BIRLA SUN LIFE MUTUAL FUND,INF209KB1H99,regular,growth,,true,"[{""type"":""lumpsum"",""amount_min"":1000,""additional_amount_min"":1000,""amount_max"":999999999,""additional_amount_max"":999999999,""amount_multiples"":1,""additional_amount_multiples"":1},{""type"":""withdrawal"",""amount_min"":1,""amount_max"":999999999,""amount_multiples"":1,""units_min"":0.001,""units_max"":999999999,""units_multiples"":0.001},{""type"":""sip"",""frequency"":""monthly"",""amount_min"":500,""amount_max"":999999999,""amount_multiples"":1,""installments_min"":6,""dates"":[1,2,3,4,5,6,7,8,9,10,11,12,13,14,15,16,17,18,19,20,21,22,23,24,25,26,27,28]}]"
180,cybrillapoa,ADITYA BIRLA SUN LIFE RETIREMENT FUND-THE 40S PLAN-REGULAR - PAYOUT OF IDCW,ADITYA BIRLA SUN LIFE MUTUAL FUND,INF209KB1I64,regular,idcw,payout,true,"[{""type"":""lumpsum"",""amount_min"":1000,""additional_amount_min"":1000,""amount_max"":999999999,""additional_amount_max"":999999999,""amount_multiples"":1,""additional_amount_multiples"":1},{""type"":""withdrawal"",""amount_min"":1,""amount_max"":999999999,""amount_multiples"":1,""units_min"":0.001,""units_max"":999999999,""units_multiples"":0.001},{""type"":""sip"",""frequency"":""monthly"",""amount_min"":500,""amount_max"":999999999,""amount_multiples"":1,""installments_min"":6,""dates"":[1,2,3,4,5,6,7,8,9,10,11,12,13,14,15,16,17,18,19,20,21,22,23,24,25,26,27,28]}]"
181,cybrillapoa,ADITYA BIRLA SUN LIFE RETIREMENT FUND-THE 40S PLAN-REGULAR PLAN-GROWTH,ADITYA BIRLA SUN LIFE MUTUAL FUND,INF209KB1I56,regular,growth,,true,"[{""type"":""lumpsum"",""amount_min"":1000,""additional_amount_min"":1000,""amount_max"":999999999,""additional_amount_max"":999999999,""amount_multiples"":1,""additional_amount_multiples"":1},{""type"":""withdrawal"",""amount_min"":1,""amount_max"":999999999,""amount_multiples"":1,""units_min"":0.001,""units_max"":999999999,""units_multiples"":0.001},{""type"":""sip"",""frequency"":""monthly"",""amount_min"":500,""amount_max"":999999999,""amount_multiples"":1,""installments_min"":6,""dates"":[1,2,3,4,5,6,7,8,9,10,11,12,13,14,15,16,17,18,19,20,21,22,23,24,25,26,27,28]}]"
182,cybrillapoa,ADITYA BIRLA SUN LIFE RETIREMENT FUND-THE 50S PLAN- REGULAR - PAYOUT OF IDCW,ADITYA BIRLA SUN LIFE MUTUAL FUND,INF209KB1J22,regular,idcw,payout,true,"[{""type"":""lumpsum"",""amount_min"":1000,""additional_amount_min"":1000,""amount_max"":999999999,""additional_amount_max"":999999999,""amount_multiples"":1,""additional_amount_multiples"":1},{""type"":""withdrawal"",""amount_min"":1,""amount_max"":999999999,""amount_multiples"":1,""units_min"":0.001,""units_max"":999999999,""units_multiples"":0.001},{""type"":""sip"",""frequency"":""monthly"",""amount_min"":500,""amount_max"":999999999,""amount_multiples"":1,""installments_min"":6,""dates"":[1,2,3,4,5,6,7,8,9,10,11,12,13,14,15,16,17,18,19,20,21,22,23,24,25,26,27,28]}]"
183,cybrillapoa,ADITYA BIRLA SUN LIFE RETIREMENT FUND-THE 50S PLAN-REGULAR PLAN-GROWTH,ADITYA BIRLA SUN LIFE MUTUAL FUND,INF209KB1J14,regular,growth,,true,"[{""type"":""lumpsum"",""amount_min"":1000,""additional_amount_min"":1000,""amount_max"":999999999,""additional_amount_max"":999999999,""amount_multiples"":1,""additional_amount_multiples"":1},{""type"":""withdrawal"",""amount_min"":1,""amount_max"":999999999,""amount_multiples"":1,""units_min"":0.001,""units_max"":999999999,""units_multiples"":0.001},{""type"":""sip"",""frequency"":""monthly"",""amount_min"":500,""amount_max"":999999999,""amount_multiples"":1,""installments_min"":6,""dates"":[1,2,3,4,5,6,7,8,9,10,11,12,13,14,15,16,17,18,19,20,21,22,23,24,25,26,27,28]}]"
184,cybrillapoa,ADITYA BIRLA SUN LIFE RETIREMENT FUND-THE 50S PLUS-DEBT PLAN - REGULAR - PAYOUT OF IDCW,ADITYA BIRLA SUN LIFE MUTUAL FUND,INF209KB1J89,regular,idcw,payout,true,"[{""type"":""lumpsum"",""amount_min"":1000,""additional_amount_min"":1000,""amount_max"":999999999,""additional_amount_max"":999999999,""amount_multiples"":1,""additional_amount_multiples"":1},{""type"":""withdrawal"",""amount_min"":1,""amount_max"":999999999,""amount_multiples"":1,""units_min"":0.001,""units_max"":999999999,""units_multiples"":0.001},{""type"":""sip"",""frequency"":""monthly"",""amount_min"":500,""amount_max"":999999999,""amount_multiples"":1,""installments_min"":6,""dates"":[1,2,3,4,5,6,7,8,9,10,11,12,13,14,15,16,17,18,19,20,21,22,23,24,25,26,27,28]}]"
185,cybrillapoa,ADITYA BIRLA SUN LIFE RETIREMENT FUND-THE 50S PLUS-DEBT PLAN-REGULAR PLAN-GROWTH,ADITYA BIRLA SUN LIFE MUTUAL FUND,INF209KB1J71,regular,growth,,true,"[{""type"":""lumpsum"",""amount_min"":1000,""additional_amount_min"":1000,""amount_max"":999999999,""additional_amount_max"":999999999,""amount_multiples"":1,""additional_amount_multiples"":1},{""type"":""withdrawal"",""amount_min"":1,""amount_max"":999999999,""amount_multiples"":1,""units_min"":0.001,""units_max"":999999999,""units_multiples"":0.001},{""type"":""sip"",""frequency"":""monthly"",""amount_min"":500,""amount_max"":999999999,""amount_multiples"":1,""installments_min"":6,""dates"":[1,2,3,4,5,6,7,8,9,10,11,12,13,14,15,16,17,18,19,20,21,22,23,24,25,26,27,28]}]"
186,cybrillapoa,ADITYA BIRLA SUN LIFE SAVINGS FUND - GROWTH - REGULAR PLAN,ADITYA BIRLA SUN LIFE MUTUAL FUND,INF209K01LZ1,regular,growth,,true,"[{""type"":""lumpsum"",""amount_min"":1000,""additional_amount_min"":1000,""amount_max"":999999999,""additional_amount_max"":999999999,""amount_multiples"":1,""additional_amount_multiples"":1},{""type"":""withdrawal"",""amount_min"":1,""amount_max"":999999999,""amount_multiples"":1,""units_min"":0.001,""units_max"":999999999,""units_multiples"":0.001},{""type"":""sip"",""frequency"":""monthly"",""amount_min"":1000,""amount_max"":999999999,""amount_multiples"":1,""installments_min"":6,""dates"":[1,2,3,4,5,6,7,8,9,10,11,12,13,14,15,16,17,18,19,20,21,22,23,24,25,26,27,28]}]"
187,cybrillapoa,ADITYA BIRLA SUN LIFE SAVINGS FUND-REGULAR - WEEKLY IDCW,ADITYA BIRLA SUN LIFE MUTUAL FUND,INF209K01MA2,regular,idcw_weekly,payout,true,"[{""type"":""lumpsum"",""amount_min"":1000,""additional_amount_min"":1000,""amount_max"":999999999,""additional_amount_max"":999999999,""amount_multiples"":1,""additional_amount_multiples"":1},{""type"":""withdrawal"",""amount_min"":1,""amount_max"":999999999,""amount_multiples"":1,""units_min"":0.001,""units_max"":999999999,""units_multiples"":0.001},{""type"":""sip"",""frequency"":""monthly"",""amount_min"":1000,""amount_max"":999999999,""amount_multiples"":1,""installments_min"":6,""dates"":[1,2,3,4,5,6,7,8,9,10,11,12,13,14,15,16,17,18,19,20,21,22,23,24,25,26,27,28]}]"
188,cybrillapoa,ADITYA BIRLA SUN LIFE SAVINGS FUND-RETAIL GROWTH,ADITYA BIRLA SUN LIFE MUTUAL FUND,INF209K01MC8,regular,growth,,true,"[{""type"":""withdrawal"",""amount_min"":1,""amount_max"":999999999,""amount_multiples"":1,""units_min"":0.001,""units_max"":999999999,""units_multiples"":0.001}]"
189,cybrillapoa,ADITYA BIRLA SUN LIFE SAVINGS FUND-WEEKLY - RETAIL IDCW,ADITYA BIRLA SUN LIFE MUTUAL FUND,INF209K01MD6,regular,idcw_weekly,payout,true,"[{""type"":""withdrawal"",""amount_min"":1,""amount_max"":999999999,""amount_multiples"":1,""units_min"":0.001,""units_max"":999999999,""units_multiples"":0.001}]"
190,cybrillapoa,ADITYA BIRLA SUN LIFE SHORT TERM FUND - GROWTH - REGULAR PLAN,ADITYA BIRLA SUN LIFE MUTUAL FUND,INF209K01942,regular,growth,,true,"[{""type"":""lumpsum"",""amount_min"":1000,""additional_amount_min"":1000,""amount_max"":999999999,""additional_amount_max"":999999999,""amount_multiples"":1,""additional_amount_multiples"":1},{""type"":""withdrawal"",""amount_min"":1,""amount_max"":999999999,""amount_multiples"":1,""units_min"":0.001,""units_max"":999999999,""units_multiples"":0.001},{""type"":""sip"",""frequency"":""monthly"",""amount_min"":1000,""amount_max"":999999999,""amount_multiples"":1,""installments_min"":6,""dates"":[1,2,3,4,5,6,7,8,9,10,11,12,13,14,15,16,17,18,19,20,21,22,23,24,25,26,27,28]}]"
191,cybrillapoa,ADITYA BIRLA SUN LIFE SHORT TERM FUND - REGULAR - IDCW,ADITYA BIRLA SUN LIFE MUTUAL FUND,INF209K01975,regular,idcw,payout,true,"[{""type"":""lumpsum"",""amount_min"":1000,""additional_amount_min"":1000,""amount_max"":999999999,""additional_amount_max"":999999999,""amount_multiples"":1,""additional_amount_multiples"":1},{""type"":""withdrawal"",""amount_min"":1,""amount_max"":999999999,""amount_multiples"":1,""units_min"":0.001,""units_max"":999999999,""units_multiples"":0.001},{""type"":""sip"",""frequency"":""monthly"",""amount_min"":1000,""amount_max"":999999999,""amount_multiples"":1,""installments_min"":6,""dates"":[1,2,3,4,5,6,7,8,9,10,11,12,13,14,15,16,17,18,19,20,21,22,23,24,25,26,27,28]}]"
192,cybrillapoa,ADITYA BIRLA SUN LIFE SHORT TERM FUND - REGULAR - QUARTERLY IDCW,ADITYA BIRLA SUN LIFE MUTUAL FUND,INF209K01BU3,regular,idcw_quarterly,payout,true,"[{""type"":""lumpsum"",""amount_min"":1000,""additional_amount_min"":1000,""amount_max"":999999999,""additional_amount_max"":999999999,""amount_multiples"":1,""additional_amount_multiples"":1},{""type"":""withdrawal"",""amount_min"":1,""amount_max"":999999999,""amount_multiples"":1,""units_min"":0.001,""units_max"":999999999,""units_multiples"":0.001},{""type"":""sip"",""frequency"":""monthly"",""amount_min"":1000,""amount_max"":999999999,""amount_multiples"":1,""installments_min"":6,""dates"":[1,2,3,4,5,6,7,8,9,10,11,12,13,14,15,16,17,18,19,20,21,22,23,24,25,26,27,28]}]"
193,cybrillapoa,ADITYA BIRLA SUN LIFE SILVER ETF FOF-REGULAR GROWTH,ADITYA BIRLA SUN LIFE MUTUAL FUND,INF209KB13F9,regular,growth,,true,"[{""type"":""lumpsum"",""amount_min"":100,""additional_amount_min"":100,""amount_max"":999999999,""additional_amount_max"":999999999,""amount_multiples"":1,""additional_amount_multiples"":1},{""type"":""withdrawal"",""amount_min"":1,""amount_max"":999999999,""amount_multiples"":1,""units_min"":0.001,""units_max"":999999999,""units_multiples"":0.001},{""type"":""sip"",""frequency"":""monthly"",""amount_min"":100,""amount_max"":999999999,""amount_multiples"":1,""installments_min"":6,""dates"":[1,2,3,4,5,6,7,8,9,10,11,12,13,14,15,16,17,18,19,20,21,22,23,24,25,26,27,28]},{""type"":""sip"",""frequency"":""calendar_day_daily"",""amount_min"":100,""amount_max"":999999999,""amount_multiples"":1,""installments_min"":60,""dates"":[]},{""type"":""sip"",""frequency"":""daily"",""amount_min"":100,""amount_max"":999999999,""amount_multiples"":1,""installments_min"":60,""dates"":[]}]"
194,cybrillapoa,ADITYA BIRLA SUN LIFE SILVER ETF FOF-REGULAR IDCW,ADITYA BIRLA SUN LIFE MUTUAL FUND,INF209KB14F7,regular,idcw,payout,true,"[{""type"":""lumpsum"",""amount_min"":100,""additional_amount_min"":100,""amount_max"":999999999,""additional_amount_max"":999999999,""amount_multiples"":1,""additional_amount_multiples"":1},{""type"":""withdrawal"",""amount_min"":1,""amount_max"":999999999,""amount_multiples"":1,""units_min"":0.001,""units_max"":999999999,""units_multiples"":0.001},{""type"":""sip"",""frequency"":""monthly"",""amount_min"":100,""amount_max"":999999999,""amount_multiples"":1,""installments_min"":6,""dates"":[1,2,3,4,5,6,7,8,9,10,11,12,13,14,15,16,17,18,19,20,21,22,23,24,25,26,27,28]},{""type"":""sip"",""frequency"":""calendar_day_daily"",""amount_min"":100,""amount_max"":999999999,""amount_multiples"":1,""installments_min"":60,""dates"":[]},{""type"":""sip"",""frequency"":""daily"",""amount_min"":100,""amount_max"":999999999,""amount_multiples"":1,""installments_min"":60,""dates"":[]}]"
195,cybrillapoa,ADITYA BIRLA SUN LIFE SMALL CAP FUND - GROWTH,ADITYA BIRLA SUN LIFE MUTUAL FUND,INF209K01EN2,regular,growth,,true,"[{""type"":""lumpsum"",""amount_min"":1000,""additional_amount_min"":1000,""amount_max"":999999999,""additional_amount_max"":999999999,""amount_multiples"":1,""additional_amount_multiples"":1},{""type"":""withdrawal"",""amount_min"":1,""amount_max"":999999999,""amount_multiples"":1,""units_min"":0.001,""units_max"":999999999,""units_multiples"":0.001},{""type"":""sip"",""frequency"":""monthly"",""amount_min"":100,""amount_max"":999999999,""amount_multiples"":1,""installments_min"":6,""dates"":[1,2,3,4,5,6,7,8,9,10,11,12,13,14,15,16,17,18,19,20,21,22,23,24,25,26,27,28]},{""type"":""sip"",""frequency"":""calendar_day_daily"",""amount_min"":100,""amount_max"":999999999,""amount_multiples"":1,""installments_min"":60,""dates"":[]},{""type"":""sip"",""frequency"":""daily"",""amount_min"":100,""amount_max"":999999999,""amount_multiples"":1,""installments_min"":60,""dates"":[]}]"
196,cybrillapoa,ADITYA BIRLA SUN LIFE SMALL CAP FUND -REGULAR - IDCW,ADITYA BIRLA SUN LIFE MUTUAL FUND,INF209K01EO0,regular,idcw,payout,true,"[{""type"":""lumpsum"",""amount_min"":1000,""additional_amount_min"":1000,""amount_max"":999999999,""additional_amount_max"":999999999,""amount_multiples"":1,""additional_amount_multiples"":1},{""type"":""withdrawal"",""amount_min"":1,""amount_max"":999999999,""amount_multiples"":1,""units_min"":0.001,""units_max"":999999999,""units_multiples"":0.001},{""type"":""sip"",""frequency"":""monthly"",""amount_min"":100,""amount_max"":999999999,""amount_multiples"":1,""installments_min"":6,""dates"":[1,2,3,4,5,6,7,8,9,10,11,12,13,14,15,16,17,18,19,20,21,22,23,24,25,26,27,28]},{""type"":""sip"",""frequency"":""calendar_day_daily"",""amount_min"":100,""amount_max"":999999999,""amount_multiples"":1,""installments_min"":60,""dates"":[]},{""type"":""sip"",""frequency"":""daily"",""amount_min"":100,""amount_max"":999999999,""amount_multiples"":1,""installments_min"":60,""dates"":[]}]"
197,cybrillapoa,ADITYA BIRLA SUN LIFE SPECIAL OPPORTUNITIES FUND-REGULAR - IDCW,ADITYA BIRLA SUN LIFE MUTUAL FUND,INF209KB1T53,regular,idcw,payout,true,"[{""type"":""lumpsum"",""amount_min"":500,""additional_amount_min"":500,""amount_max"":999999999,""additional_amount_max"":999999999,""amount_multiples"":1,""additional_amount_multiples"":1},{""type"":""withdrawal"",""amount_min"":1,""amount_max"":999999999,""amount_multiples"":1,""units_min"":0.001,""units_max"":999999999,""units_multiples"":0.001},{""type"":""sip"",""frequency"":""monthly"",""amount_min"":100,""amount_max"":999999999,""amount_multiples"":1,""installments_min"":6,""dates"":[1,2,3,4,5,6,7,8,9,10,11,12,13,14,15,16,17,18,19,20,21,22,23,24,25,26,27,28]},{""type"":""sip"",""frequency"":""calendar_day_daily"",""amount_min"":100,""amount_max"":999999999,""amount_multiples"":1,""installments_min"":60,""dates"":[]},{""type"":""sip"",""frequency"":""daily"",""amount_min"":100,""amount_max"":999999999,""amount_multiples"":1,""installments_min"":60,""dates"":[]}]"
198,cybrillapoa,ADITYA BIRLA SUN LIFE SPECIAL OPPORTUNITIES FUND-REGULAR PLAN-GROWTH,ADITYA BIRLA SUN LIFE MUTUAL FUND,INF209KB1T46,regular,growth,,true,"[{""type"":""lumpsum"",""amount_min"":500,""additional_amount_min"":500,""amount_max"":999999999,""additional_amount_max"":999999999,""amount_multiples"":1,""additional_amount_multiples"":1},{""type"":""withdrawal"",""amount_min"":1,""amount_max"":999999999,""amount_multiples"":1,""units_min"":0.001,""units_max"":999999999,""units_multiples"":0.001},{""type"":""sip"",""frequency"":""monthly"",""amount_min"":100,""amount_max"":999999999,""amount_multiples"":1,""installments_min"":6,""dates"":[1,2,3,4,5,6,7,8,9,10,11,12,13,14,15,16,17,18,19,20,21,22,23,24,25,26,27,28]},{""type"":""sip"",""frequency"":""calendar_day_daily"",""amount_min"":100,""amount_max"":999999999,""amount_multiples"":1,""installments_min"":60,""dates"":[]},{""type"":""sip"",""frequency"":""daily"",""amount_min"":100,""amount_max"":999999999,""amount_multiples"":1,""installments_min"":60,""dates"":[]}]"
199,cybrillapoa,ADITYA BIRLA SUN LIFE TRANSPORTATION AND LOGISTICS FUND-REGULAR GROWTH,ADITYA BIRLA SUN LIFE MUTUAL FUND,INF209KB17X3,regular,growth,,true,"[{""type"":""lumpsum"",""amount_min"":500,""additional_amount_min"":500,""amount_max"":999999999,""additional_amount_max"":999999999,""amount_multiples"":1,""additional_amount_multiples"":1},{""type"":""withdrawal"",""amount_min"":1,""amount_max"":999999999,""amount_multiples"":1,""units_min"":0.001,""units_max"":999999999,""units_multiples"":0.001},{""type"":""sip"",""frequency"":""monthly"",""amount_min"":100,""amount_max"":999999999,""amount_multiples"":1,""installments_min"":6,""dates"":[1,2,3,4,5,6,7,8,9,10,11,12,13,14,15,16,17,18,19,20,21,22,23,24,25,26,27,28]},{""type"":""sip"",""frequency"":""calendar_day_daily"",""amount_min"":100,""amount_max"":999999999,""amount_multiples"":1,""installments_min"":60,""dates"":[]},{""type"":""sip"",""frequency"":""daily"",""amount_min"":100,""amount_max"":999999999,""amount_multiples"":1,""installments_min"":60,""dates"":[]}]"
200,cybrillapoa,ADITYA BIRLA SUN LIFE TRANSPORTATION AND LOGISTICS FUND-REGULAR IDCW,ADITYA BIRLA SUN LIFE MUTUAL FUND,INF209KB18X1,regular,idcw,payout,true,"[{""type"":""lumpsum"",""amount_min"":500,""additional_amount_min"":500,""amount_max"":999999999,""additional_amount_max"":999999999,""amount_multiples"":1,""additional_amount_multiples"":1},{""type"":""withdrawal"",""amount_min"":1,""amount_max"":999999999,""amount_multiples"":1,""units_min"":0.001,""units_max"":999999999,""units_multiples"":0.001},{""type"":""sip"",""frequency"":""monthly"",""amount_min"":100,""amount_max"":999999999,""amount_multiples"":1,""installments_min"":6,""dates"":[1,2,3,4,5,6,7,8,9,10,11,12,13,14,15,16,17,18,19,20,21,22,23,24,25,26,27,28]},{""type"":""sip"",""frequency"":""calendar_day_daily"",""amount_min"":100,""amount_max"":999999999,""amount_multiples"":1,""installments_min"":60,""dates"":[]},{""type"":""sip"",""frequency"":""daily"",""amount_min"":100,""amount_max"":999999999,""amount_multiples"":1,""installments_min"":60,""dates"":[]}]"
201,cybrillapoa,ADITYA BIRLA SUN LIFE US EQUITY PASSIVE FOF-REGULAR GROWTH,ADITYA BIRLA SUN LIFE MUTUAL FUND,INF209KB15C1,regular,growth,,true,"[{""type"":""withdrawal"",""amount_min"":1,""amount_max"":999999999,""amount_multiples"":1,""units_min"":0.001,""units_max"":999999999,""units_multiples"":0.001}]"
202,cybrillapoa,ADITYA BIRLA SUN LIFE US EQUITY PASSIVE FOF-REGULAR IDCW,ADITYA BIRLA SUN LIFE MUTUAL FUND,INF209KB16C9,regular,idcw,payout,true,"[{""type"":""withdrawal"",""amount_min"":1,""amount_max"":999999999,""amount_multiples"":1,""units_min"":0.001,""units_max"":999999999,""units_multiples"":0.001}]"
203,cybrillapoa,ADITYA BIRLA SUN LIFE US TREASURY 1-3 YEAR BOND ETFS FUND OF FUNDS-REGULAR GROWTH,ADITYA BIRLA SUN LIFE MUTUAL FUND,INF209KB13W4,regular,growth,,true,"[{""type"":""withdrawal"",""amount_min"":1,""amount_max"":999999999,""amount_multiples"":1,""units_min"":0.001,""units_max"":999999999,""units_multiples"":0.001}]"
204,cybrillapoa,ADITYA BIRLA SUN LIFE US TREASURY 1-3 YEAR BOND ETFS FUND OF FUNDS-REGULAR IDCW,ADITYA BIRLA SUN LIFE MUTUAL FUND,INF209KB14W2,regular,idcw,payout,true,"[{""type"":""withdrawal"",""amount_min"":1,""amount_max"":999999999,""amount_multiples"":1,""units_min"":0.001,""units_max"":999999999,""units_multiples"":0.001}]"
205,cybrillapoa,ADITYA BIRLA SUN LIFE US TREASURY 3-10 YEAR BOND ETFS FUND OF FUNDS-REGULAR GROWTH,ADITYA BIRLA SUN LIFE MUTUAL FUND,INF209KB19W1,regular,growth,,true,"[{""type"":""withdrawal"",""amount_min"":1,""amount_max"":999999999,""amount_multiples"":1,""units_min"":0.001,""units_max"":999999999,""units_multiples"":0.001}]"
206,cybrillapoa,ADITYA BIRLA SUN LIFE US TREASURY 3-10 YEAR BOND ETFS FUND OF FUNDS-REGULAR IDCW,ADITYA BIRLA SUN LIFE MUTUAL FUND,INF209KB10X8,regular,idcw,payout,true,"[{""type"":""withdrawal"",""amount_min"":1,""amount_max"":999999999,""amount_multiples"":1,""units_min"":0.001,""units_max"":999999999,""units_multiples"":0.001}]"
207,cybrillapoa,ADITYA BIRLA SUN LIFE VALUE FUND - GROWTH OPTION,ADITYA BIRLA SUN LIFE MUTUAL FUND,INF209K01LF3,regular,growth,,true,"[{""type"":""lumpsum"",""amount_min"":1000,""additional_amount_min"":1000,""amount_max"":999999999,""additional_amount_max"":999999999,""amount_multiples"":1,""additional_amount_multiples"":1},{""type"":""withdrawal"",""amount_min"":1,""amount_max"":999999999,""amount_multiples"":1,""units_min"":0.001,""units_max"":999999999,""units_multiples"":0.001},{""type"":""sip"",""frequency"":""monthly"",""amount_min"":100,""amount_max"":999999999,""amount_multiples"":1,""installments_min"":6,""dates"":[1,2,3,4,5,6,7,8,9,10,11,12,13,14,15,16,17,18,19,20,21,22,23,24,25,26,27,28]},{""type"":""sip"",""frequency"":""calendar_day_daily"",""amount_min"":100,""amount_max"":999999999,""amount_multiples"":1,""installments_min"":60,""dates"":[]},{""type"":""sip"",""frequency"":""daily"",""amount_min"":100,""amount_max"":999999999,""amount_multiples"":1,""installments_min"":60,""dates"":[]}]"
208,cybrillapoa,ADITYA BIRLA SUN LIFE VALUE FUND - REGULAR - IDCW,ADITYA BIRLA SUN LIFE MUTUAL FUND,INF209K01LE6,regular,idcw,payout,true,"[{""type"":""lumpsum"",""amount_min"":1000,""additional_amount_min"":1000,""amount_max"":999999999,""additional_amount_max"":999999999,""amount_multiples"":1,""additional_amount_multiples"":1},{""type"":""withdrawal"",""amount_min"":1,""amount_max"":999999999,""amount_multiples"":1,""units_min"":0.001,""units_max"":999999999,""units_multiples"":0.001},{""type"":""sip"",""frequency"":""monthly"",""amount_min"":100,""amount_max"":999999999,""amount_multiples"":1,""installments_min"":6,""dates"":[1,2,3,4,5,6,7,8,9,10,11,12,13,14,15,16,17,18,19,20,21,22,23,24,25,26,27,28]},{""type"":""sip"",""frequency"":""calendar_day_daily"",""amount_min"":100,""amount_max"":999999999,""amount_multiples"":1,""installments_min"":60,""dates"":[]},{""type"":""sip"",""frequency"":""daily"",""amount_min"":100,""amount_max"":999999999,""amount_multiples"":1,""installments_min"":60,""dates"":[]}]"
209,cybrillapoa,ADITYA BIRLA SUNLIFE OVERNIGHT FUND-REGULAR PLAN-GROWTH,ADITYA BIRLA SUN LIFE MUTUAL FUND,INF209KB1ZC3,regular,growth,,true,"[{""type"":""lumpsum"",""amount_min"":100,""additional_amount_min"":100,""amount_max"":999999999,""additional_amount_max"":999999999,""amount_multiples"":1,""additional_amount_multiples"":1},{""type"":""withdrawal"",""amount_min"":1,""amount_max"":999999999,""amount_multiples"":1,""units_min"":0.001,""units_max"":999999999,""units_multiples"":0.001}]"
210,cybrillapoa,ICICI PRUDENTIAL ACTIVE MOMENTUM FUND - GROWTH,ICICI PRUDENTIAL MUTUAL FUND,INF109K1A377,regular,growth,,true,"[{""type"":""lumpsum"",""amount_min"":5000,""additional_amount_min"":1000,""amount_max"":999999999,""additional_amount_max"":999999999,""amount_multiples"":1,""additional_amount_multiples"":1},{""type"":""withdrawal"",""amount_min"":0,""amount_max"":999999999,""amount_multiples"":1,""units_min"":0.001,""units_max"":999999999,""units_multiples"":0.001},{""type"":""sip"",""frequency"":""monthly"",""amount_min"":100,""amount_max"":999999999,""amount_multiples"":1,""installments_min"":6,""dates"":[1,2,3,4,5,6,7,8,9,10,11,12,13,14,15,16,17,18,19,20,21,22,23,24,25,26,27,28]},{""type"":""sip"",""frequency"":""daily"",""amount_min"":100,""amount_max"":999999999,""amount_multiples"":1,""installments_min"":6,""dates"":[]},{""type"":""sip"",""frequency"":""calendar_day_daily"",""amount_min"":100,""amount_max"":999999999,""amount_multiples"":1,""installments_min"":6,""dates"":[]}]"
211,cybrillapoa,ICICI PRUDENTIAL ALL SEASONS BOND FUND - ANNUAL IDCW,ICICI PRUDENTIAL MUTUAL FUND,INF109K01GP4,regular,idcw_annual,reinvestment,true,"[{""type"":""lumpsum"",""amount_min"":5000,""additional_amount_min"":1000,""amount_max"":999999999,""additional_amount_max"":999999999,""amount_multiples"":1,""additional_amount_multiples"":1},{""type"":""withdrawal"",""amount_min"":0.01,""amount_max"":999999999,""amount_multiples"":0.01,""units_min"":0.001,""units_max"":999999999,""units_multiples"":0.001},{""type"":""sip"",""frequency"":""monthly"",""amount_min"":100,""amount_max"":999999999,""amount_multiples"":1,""installments_min"":6,""dates"":[1,2,3,4,5,6,7,8,9,10,11,12,13,14,15,16,17,18,19,20,21,22,23,24,25,26,27,28]},{""type"":""sip"",""frequency"":""daily"",""amount_min"":100,""amount_max"":999999999,""amount_multiples"":1,""installments_min"":6,""dates"":[]},{""type"":""sip"",""frequency"":""calendar_day_daily"",""amount_min"":100,""amount_max"":999999999,""amount_multiples"":1,""installments_min"":6,""dates"":[]}]"
212,cybrillapoa,ICICI PRUDENTIAL ALL SEASONS BOND FUND - BONUS,ICICI PRUDENTIAL MUTUAL FUND,INF109KA1H36,regular,bonus,,true,"[{""type"":""withdrawal"",""amount_min"":0.01,""amount_max"":999999999,""amount_multiples"":0.01,""units_min"":0.001,""units_max"":999999999,""units_multiples"":0.001}]"
213,cybrillapoa,ICICI PRUDENTIAL ALL SEASONS BOND FUND - GROWTH,ICICI PRUDENTIAL MUTUAL FUND,INF109K01GN9,regular,growth,,true,"[{""type"":""lumpsum"",""amount_min"":5000,""additional_amount_min"":1000,""amount_max"":999999999,""additional_amount_max"":999999999,""amount_multiples"":1,""additional_amount_multiples"":1},{""type"":""withdrawal"",""amount_min"":0.01,""amount_max"":999999999,""amount_multiples"":0.01,""units_min"":0.001,""units_max"":999999999,""units_multiples"":0.001},{""type"":""sip"",""frequency"":""monthly"",""amount_min"":100,""amount_max"":999999999,""amount_multiples"":1,""installments_min"":6,""dates"":[1,2,3,4,5,6,7,8,9,10,11,12,13,14,15,16,17,18,19,20,21,22,23,24,25,26,27,28]},{""type"":""sip"",""frequency"":""daily"",""amount_min"":100,""amount_max"":999999999,""amount_multiples"":1,""installments_min"":6,""dates"":[]},{""type"":""sip"",""frequency"":""calendar_day_daily"",""amount_min"":100,""amount_max"":999999999,""amount_multiples"":1,""installments_min"":6,""dates"":[]}]"
214,cybrillapoa,ICICI PRUDENTIAL ALL SEASONS BOND FUND - IDCW,ICICI PRUDENTIAL MUTUAL FUND,INF109K01GL3,regular,idcw,reinvestment,true,"[{""type"":""lumpsum"",""amount_min"":5000,""additional_amount_min"":1000,""amount_max"":999999999,""additional_amount_max"":999999999,""amount_multiples"":1,""additional_amount_multiples"":1},{""type"":""withdrawal"",""amount_min"":0.01,""amount_max"":999999999,""amount_multiples"":0.01,""units_min"":0.001,""units_max"":999999999,""units_multiples"":0.001},{""type"":""sip"",""frequency"":""monthly"",""amount_min"":100,""amount_max"":999999999,""amount_multiples"":1,""installments_min"":6,""dates"":[1,2,3,4,5,6,7,8,9,10,11,12,13,14,15,16,17,18,19,20,21,22,23,24,25,26,27,28]},{""type"":""sip"",""frequency"":""daily"",""amount_min"":100,""amount_max"":999999999,""amount_multiples"":1,""installments_min"":6,""dates"":[]},{""type"":""sip"",""frequency"":""calendar_day_daily"",""amount_min"":100,""amount_max"":999999999,""amount_multiples"":1,""installments_min"":6,""dates"":[]}]"
215,cybrillapoa,ICICI PRUDENTIAL ALL SEASONS BOND FUND - PREMIUM GROWTH OPTION,ICICI PRUDENTIAL MUTUAL FUND,INF109K01GM1,regular,growth,,true,"[{""type"":""withdrawal"",""amount_min"":0.01,""amount_max"":999999999,""amount_multiples"":0.01,""units_min"":0.001,""units_max"":999999999,""units_multiples"":0.001}]"
216,cybrillapoa,ICICI PRUDENTIAL ALL SEASONS BOND FUND - QUARTERLY IDCW,ICICI PRUDENTIAL MUTUAL FUND,INF109K01GF5,regular,idcw_quarterly,reinvestment,true,"[{""type"":""lumpsum"",""amount_min"":5000,""additional_amount_min"":1000,""amount_max"":999999999,""additional_amount_max"":999999999,""amount_multiples"":1,""additional_amount_multiples"":1},{""type"":""withdrawal"",""amount_min"":0.01,""amount_max"":999999999,""amount_multiples"":0.01,""units_min"":0.001,""units_max"":999999999,""units_multiples"":0.001},{""type"":""sip"",""frequency"":""monthly"",""amount_min"":100,""amount_max"":999999999,""amount_multiples"":1,""installments_min"":6,""dates"":[1,2,3,4,5,6,7,8,9,10,11,12,13,14,15,16,17,18,19,20,21,22,23,24,25,26,27,28]},{""type"":""sip"",""frequency"":""daily"",""amount_min"":100,""amount_max"":999999999,""amount_multiples"":1,""installments_min"":6,""dates"":[]},{""type"":""sip"",""frequency"":""calendar_day_daily"",""amount_min"":100,""amount_max"":999999999,""amount_multiples"":1,""installments_min"":6,""dates"":[]}]"
217,cybrillapoa,ICICI PRUDENTIAL ALL SEASONS BOND FUND - WEEKLY IDCW,ICICI PRUDENTIAL MUTUAL FUND,INF109K01704,regular,idcw_weekly,reinvestment,true,"[{""type"":""lumpsum"",""amount_min"":5000,""additional_amount_min"":1000,""amount_max"":999999999,""additional_amount_max"":999999999,""amount_multiples"":1,""additional_amount_multiples"":1},{""type"":""withdrawal"",""amount_min"":0.01,""amount_max"":999999999,""amount_multiples"":0.01,""units_min"":0.001,""units_max"":999999999,""units_multiples"":0.001},{""type"":""sip"",""frequency"":""monthly"",""amount_min"":100,""amount_max"":999999999,""amount_multiples"":1,""installments_min"":6,""dates"":[1,2,3,4,5,6,7,8,9,10,11,12,13,14,15,16,17,18,19,20,21,22,23,24,25,26,27,28]},{""type"":""sip"",""frequency"":""daily"",""amount_min"":100,""amount_max"":999999999,""amount_multiples"":1,""installments_min"":6,""dates"":[]},{""type"":""sip"",""frequency"":""calendar_day_daily"",""amount_min"":100,""amount_max"":999999999,""amount_multiples"":1,""installments_min"":6,""dates"":[]}]"
218,cybrillapoa,ICICI PRUDENTIAL ALL SEASONS BOND FUND RETAIL - ANNUAL DIVIDEND,ICICI PRUDENTIAL MUTUAL FUND,INF109K01GJ7,regular,idcw_annual,reinvestment,true,"[{""type"":""withdrawal"",""amount_min"":0.01,""amount_max"":999999999,""amount_multiples"":0.01,""units_min"":0.001,""units_max"":999999999,""units_multiples"":0.001}]"
219,cybrillapoa,ICICI PRUDENTIAL ALL SEASONS BOND FUND RETAIL - CUMULATIVE,ICICI PRUDENTIAL MUTUAL FUND,INF109K01712,regular,growth,,true,"[{""type"":""withdrawal"",""amount_min"":0.01,""amount_max"":999999999,""amount_multiples"":0.01,""units_min"":0.001,""units_max"":999999999,""units_multiples"":0.001}]"
220,cybrillapoa,ICICI PRUDENTIAL ALL SEASONS BOND FUND RETAIL - QUARTERLY DIVIDEND,ICICI PRUDENTIAL MUTUAL FUND,INF109K01GH1,regular,idcw_quarterly,reinvestment,true,"[{""type"":""withdrawal"",""amount_min"":0.01,""amount_max"":999999999,""amount_multiples"":0.01,""units_min"":0.001,""units_max"":999999999,""units_multiples"":0.001}]"
221,cybrillapoa,ICICI PRUDENTIAL BALANCED ADVANTAGE FUND - GROWTH,ICICI PRUDENTIAL MUTUAL FUND,INF109K01BH2,regular,growth,,true,"[{""type"":""lumpsum"",""amount_min"":500,""additional_amount_min"":100,""amount_max"":999999999,""additional_amount_max"":999999999,""amount_multiples"":1,""additional_amount_multiples"":1},{""type"":""withdrawal"",""amount_min"":0.01,""amount_max"":999999999,""amount_multiples"":0.01,""units_min"":0.001,""units_max"":999999999,""units_multiples"":0.001},{""type"":""sip"",""frequency"":""monthly"",""amount_min"":100,""amount_max"":999999999,""amount_multiples"":1,""installments_min"":6,""dates"":[1,2,3,4,5,6,7,8,9,10,11,12,13,14,15,16,17,18,19,20,21,22,23,24,25,26,27,28]},{""type"":""sip"",""frequency"":""daily"",""amount_min"":100,""amount_max"":999999999,""amount_multiples"":1,""installments_min"":6,""dates"":[]},{""type"":""sip"",""frequency"":""calendar_day_daily"",""amount_min"":100,""amount_max"":999999999,""amount_multiples"":1,""installments_min"":6,""dates"":[]}]"
222,cybrillapoa,ICICI PRUDENTIAL BALANCED ADVANTAGE FUND - IDCW,ICICI PRUDENTIAL MUTUAL FUND,INF109K01BG4,regular,idcw,reinvestment,true,"[{""type"":""lumpsum"",""amount_min"":500,""additional_amount_min"":100,""amount_max"":999999999,""additional_amount_max"":999999999,""amount_multiples"":1,""additional_amount_multiples"":1},{""type"":""withdrawal"",""amount_min"":0.01,""amount_max"":999999999,""amount_multiples"":0.01,""units_min"":0.001,""units_max"":999999999,""units_multiples"":0.001},{""type"":""sip"",""frequency"":""monthly"",""amount_min"":100,""amount_max"":999999999,""amount_multiples"":1,""installments_min"":6,""dates"":[1,2,3,4,5,6,7,8,9,10,11,12,13,14,15,16,17,18,19,20,21,22,23,24,25,26,27,28]},{""type"":""sip"",""frequency"":""daily"",""amount_min"":100,""amount_max"":999999999,""amount_multiples"":1,""installments_min"":6,""dates"":[]},{""type"":""sip"",""frequency"":""calendar_day_daily"",""amount_min"":100,""amount_max"":999999999,""amount_multiples"":1,""installments_min"":6,""dates"":[]}]"
223,cybrillapoa,ICICI PRUDENTIAL BALANCED ADVANTAGE FUND - MONTHLY IDCW,ICICI PRUDENTIAL MUTUAL FUND,INF109K017W5,regular,idcw_monthly,reinvestment,true,"[{""type"":""withdrawal"",""amount_min"":0.01,""amount_max"":999999999,""amount_multiples"":0.01,""units_min"":0.001,""units_max"":999999999,""units_multiples"":0.001}]"
224,cybrillapoa,ICICI PRUDENTIAL BANKING AND FINANCIAL SERVICES FUND -  GROWTH,ICICI PRUDENTIAL MUTUAL FUND,INF109K01BU5,regular,growth,,true,"[{""type"":""lumpsum"",""amount_min"":5000,""additional_amount_min"":1000,""amount_max"":999999999,""additional_amount_max"":999999999,""amount_multiples"":1,""additional_amount_multiples"":1},{""type"":""withdrawal"",""amount_min"":0.01,""amount_max"":999999999,""amount_multiples"":0.01,""units_min"":0.001,""units_max"":999999999,""units_multiples"":0.001},{""type"":""sip"",""frequency"":""monthly"",""amount_min"":100,""amount_max"":999999999,""amount_multiples"":1,""installments_min"":6,""dates"":[1,2,3,4,5,6,7,8,9,10,11,12,13,14,15,16,17,18,19,20,21,22,23,24,25,26,27,28]},{""type"":""sip"",""frequency"":""daily"",""amount_min"":100,""amount_max"":999999999,""amount_multiples"":1,""installments_min"":6,""dates"":[]},{""type"":""sip"",""frequency"":""calendar_day_daily"",""amount_min"":100,""amount_max"":999999999,""amount_multiples"":1,""installments_min"":6,""dates"":[]}]"
225,cybrillapoa,ICICI PRUDENTIAL BANKING AND FINANCIAL SERVICES FUND -  IDCW,ICICI PRUDENTIAL MUTUAL FUND,INF109K01BV3,regular,idcw,reinvestment,true,"[{""type"":""lumpsum"",""amount_min"":5000,""additional_amount_min"":1000,""amount_max"":999999999,""additional_amount_max"":999999999,""amount_multiples"":1,""additional_amount_multiples"":1},{""type"":""withdrawal"",""amount_min"":0.01,""amount_max"":999999999,""amount_multiples"":0.01,""units_min"":0.001,""units_max"":999999999,""units_multiples"":0.001},{""type"":""sip"",""frequency"":""monthly"",""amount_min"":100,""amount_max"":999999999,""amount_multiples"":1,""installments_min"":6,""dates"":[1,2,3,4,5,6,7,8,9,10,11,12,13,14,15,16,17,18,19,20,21,22,23,24,25,26,27,28]},{""type"":""sip"",""frequency"":""daily"",""amount_min"":100,""amount_max"":999999999,""amount_multiples"":1,""installments_min"":6,""dates"":[]},{""type"":""sip"",""frequency"":""calendar_day_daily"",""amount_min"":100,""amount_max"":999999999,""amount_multiples"":1,""installments_min"":6,""dates"":[]}]"
226,cybrillapoa,ICICI PRUDENTIAL BANKING AND PSU DEBT FUND - BONUS,ICICI PRUDENTIAL MUTUAL FUND,INF109KA1B57,regular,bonus,,true,"[{""type"":""withdrawal"",""amount_min"":0.01,""amount_max"":999999999,""amount_multiples"":0.01,""units_min"":0.001,""units_max"":999999999,""units_multiples"":0.001}]"
227,cybrillapoa,ICICI PRUDENTIAL BANKING AND PSU DEBT FUND - GROWTH,ICICI PRUDENTIAL MUTUAL FUND,INF109K01RT3,regular,growth,,true,"[{""type"":""lumpsum"",""amount_min"":500,""additional_amount_min"":100,""amount_max"":999999999,""additional_amount_max"":999999999,""amount_multiples"":1,""additional_amount_multiples"":1},{""type"":""withdrawal"",""amount_min"":0.01,""amount_max"":999999999,""amount_multiples"":0.01,""units_min"":0.001,""units_max"":999999999,""units_multiples"":0.001},{""type"":""sip"",""frequency"":""monthly"",""amount_min"":100,""amount_max"":999999999,""amount_multiples"":1,""installments_min"":6,""dates"":[1,2,3,4,5,6,7,8,9,10,11,12,13,14,15,16,17,18,19,20,21,22,23,24,25,26,27,28]},{""type"":""sip"",""frequency"":""daily"",""amount_min"":100,""amount_max"":999999999,""amount_multiples"":1,""installments_min"":6,""dates"":[]},{""type"":""sip"",""frequency"":""calendar_day_daily"",""amount_min"":100,""amount_max"":999999999,""amount_multiples"":1,""installments_min"":6,""dates"":[]}]"
228,cybrillapoa,ICICI PRUDENTIAL BANKING AND PSU DEBT FUND - QUARTERLY IDCW,ICICI PRUDENTIAL MUTUAL FUND,INF109K01YD3,regular,idcw_quarterly,reinvestment,true,"[{""type"":""lumpsum"",""amount_min"":500,""additional_amount_min"":100,""amount_max"":999999999,""additional_amount_max"":999999999,""amount_multiples"":1,""additional_amount_multiples"":1},{""type"":""withdrawal"",""amount_min"":0.01,""amount_max"":999999999,""amount_multiples"":0.01,""units_min"":0.001,""units_max"":999999999,""units_multiples"":0.001},{""type"":""sip"",""frequency"":""monthly"",""amount_min"":100,""amount_max"":999999999,""amount_multiples"":1,""installments_min"":6,""dates"":[1,2,3,4,5,6,7,8,9,10,11,12,13,14,15,16,17,18,19,20,21,22,23,24,25,26,27,28]},{""type"":""sip"",""frequency"":""daily"",""amount_min"":100,""amount_max"":999999999,""amount_multiples"":1,""installments_min"":6,""dates"":[]},{""type"":""sip"",""frequency"":""calendar_day_daily"",""amount_min"":100,""amount_max"":999999999,""amount_multiples"":1,""installments_min"":6,""dates"":[]}]"
229,cybrillapoa,ICICI PRUDENTIAL BANKING AND PSU DEBT FUND RETAIL GROWTH,ICICI PRUDENTIAL MUTUAL FUND,INF109K01II5,regular,growth,,true,"[{""type"":""withdrawal"",""amount_min"":0.01,""amount_max"":999999999,""amount_multiples"":0.01,""units_min"":0.001,""units_max"":999999999,""units_multiples"":0.001}]"
230,cybrillapoa,ICICI PRUDENTIAL BANKING AND PSU DEBT FUND RETAIL WEEKLY DIVIDEND,ICICI PRUDENTIAL MUTUAL FUND,INF109K01IJ3,regular,idcw_weekly,reinvestment,true,"[{""type"":""withdrawal"",""amount_min"":0.01,""amount_max"":999999999,""amount_multiples"":0.01,""units_min"":0.001,""units_max"":999999999,""units_multiples"":0.001}]"
231,cybrillapoa,ICICI PRUDENTIAL BHARAT 22 FOF - CUMULATIVE OPTION,ICICI PRUDENTIAL MUTUAL FUND,INF109KC1FW3,regular,growth,,true,"[{""type"":""lumpsum"",""amount_min"":5000,""additional_amount_min"":1000,""amount_max"":999999999,""additional_amount_max"":999999999,""amount_multiples"":1,""additional_amount_multiples"":1},{""type"":""withdrawal"",""amount_min"":0.01,""amount_max"":999999999,""amount_multiples"":0.01,""units_min"":0.001,""units_max"":999999999,""units_multiples"":0.001},{""type"":""sip"",""frequency"":""monthly"",""amount_min"":1000,""amount_max"":999999999,""amount_multiples"":1,""installments_min"":6,""dates"":[1,2,3,4,5,6,7,8,9,10,11,12,13,14,15,16,17,18,19,20,21,22,23,24,25,26,27,28]},{""type"":""sip"",""frequency"":""daily"",""amount_min"":1000,""amount_max"":999999999,""amount_multiples"":1,""installments_min"":6,""dates"":[]},{""type"":""sip"",""frequency"":""calendar_day_daily"",""amount_min"":1000,""amount_max"":999999999,""amount_multiples"":1,""installments_min"":6,""dates"":[]}]"
232,cybrillapoa,ICICI PRUDENTIAL BHARAT CONSUMPTION FUND - GROWTH OPTION,ICICI PRUDENTIAL MUTUAL FUND,INF109KC1YA0,regular,growth,,true,"[{""type"":""lumpsum"",""amount_min"":5000,""additional_amount_min"":1000,""amount_max"":999999999,""additional_amount_max"":999999999,""amount_multiples"":1,""additional_amount_multiples"":1},{""type"":""withdrawal"",""amount_min"":0.01,""amount_max"":999999999,""amount_multiples"":0.01,""units_min"":0.001,""units_max"":999999999,""units_multiples"":0.001},{""type"":""sip"",""frequency"":""monthly"",""amount_min"":100,""amount_max"":999999999,""amount_multiples"":1,""installments_min"":6,""dates"":[1,2,3,4,5,6,7,8,9,10,11,12,13,14,15,16,17,18,19,20,21,22,23,24,25,26,27,28]},{""type"":""sip"",""frequency"":""daily"",""amount_min"":100,""amount_max"":999999999,""amount_multiples"":1,""installments_min"":6,""dates"":[]},{""type"":""sip"",""frequency"":""calendar_day_daily"",""amount_min"":100,""amount_max"":999999999,""amount_multiples"":1,""installments_min"":6,""dates"":[]}]"
233,cybrillapoa,ICICI PRUDENTIAL BHARAT CONSUMPTION FUND - IDCW OPTION,ICICI PRUDENTIAL MUTUAL FUND,INF109KC1YC6,regular,idcw,payout,true,"[{""type"":""lumpsum"",""amount_min"":5000,""additional_amount_min"":1000,""amount_max"":999999999,""additional_amount_max"":999999999,""amount_multiples"":1,""additional_amount_multiples"":1},{""type"":""withdrawal"",""amount_min"":0.01,""amount_max"":999999999,""amount_multiples"":0.01,""units_min"":0.001,""units_max"":999999999,""units_multiples"":0.001},{""type"":""sip"",""frequency"":""monthly"",""amount_min"":100,""amount_max"":999999999,""amount_multiples"":1,""installments_min"":6,""dates"":[1,2,3,4,5,6,7,8,9,10,11,12,13,14,15,16,17,18,19,20,21,22,23,24,25,26,27,28]},{""type"":""sip"",""frequency"":""daily"",""amount_min"":100,""amount_max"":999999999,""amount_multiples"":1,""installments_min"":6,""dates"":[]},{""type"":""sip"",""frequency"":""calendar_day_daily"",""amount_min"":100,""amount_max"":999999999,""amount_multiples"":1,""installments_min"":6,""dates"":[]}]"
234,cybrillapoa,ICICI PRUDENTIAL BOND FUND - BONUS,ICICI PRUDENTIAL MUTUAL FUND,INF109KA1C72,regular,bonus,,true,"[{""type"":""withdrawal"",""amount_min"":0.01,""amount_max"":999999999,""amount_multiples"":0.01,""units_min"":0.001,""units_max"":999999999,""units_multiples"":0.001}]"
235,cybrillapoa,ICICI PRUDENTIAL BOND FUND - GROWTH,ICICI PRUDENTIAL MUTUAL FUND,INF109K01BO8,regular,growth,,true,"[{""type"":""lumpsum"",""amount_min"":5000,""additional_amount_min"":1000,""amount_max"":999999999,""additional_amount_max"":999999999,""amount_multiples"":1,""additional_amount_multiples"":1},{""type"":""withdrawal"",""amount_min"":0.01,""amount_max"":999999999,""amount_multiples"":0.01,""units_min"":0.001,""units_max"":999999999,""units_multiples"":0.001},{""type"":""sip"",""frequency"":""monthly"",""amount_min"":1000,""amount_max"":999999999,""amount_multiples"":1,""installments_min"":6,""dates"":[1,2,3,4,5,6,7,8,9,10,11,12,13,14,15,16,17,18,19,20,21,22,23,24,25,26,27,28]},{""type"":""sip"",""frequency"":""daily"",""amount_min"":1000,""amount_max"":999999999,""amount_multiples"":1,""installments_min"":6,""dates"":[]},{""type"":""sip"",""frequency"":""calendar_day_daily"",""amount_min"":1000,""amount_max"":999999999,""amount_multiples"":1,""installments_min"":6,""dates"":[]}]"
236,cybrillapoa,ICICI PRUDENTIAL BOND FUND - HALF YEARLY IDCW,ICICI PRUDENTIAL MUTUAL FUND,INF109KA1X44,regular,idcw_half_yearly,reinvestment,true,"[{""type"":""lumpsum"",""amount_min"":5000,""additional_amount_min"":1000,""amount_max"":999999999,""additional_amount_max"":999999999,""amount_multiples"":1,""additional_amount_multiples"":1},{""type"":""withdrawal"",""amount_min"":0.01,""amount_max"":999999999,""amount_multiples"":0.01,""units_min"":0.001,""units_max"":999999999,""units_multiples"":0.001},{""type"":""sip"",""frequency"":""monthly"",""amount_min"":1000,""amount_max"":999999999,""amount_multiples"":1,""installments_min"":6,""dates"":[1,2,3,4,5,6,7,8,9,10,11,12,13,14,15,16,17,18,19,20,21,22,23,24,25,26,27,28]},{""type"":""sip"",""frequency"":""daily"",""amount_min"":1000,""amount_max"":999999999,""amount_multiples"":1,""installments_min"":6,""dates"":[]},{""type"":""sip"",""frequency"":""calendar_day_daily"",""amount_min"":1000,""amount_max"":999999999,""amount_multiples"":1,""installments_min"":6,""dates"":[]}]"
237,cybrillapoa,ICICI PRUDENTIAL BOND FUND - IDCW MONTHLY,ICICI PRUDENTIAL MUTUAL FUND,INF109K01BP5,regular,idcw_monthly,reinvestment,true,"[{""type"":""lumpsum"",""amount_min"":5000,""additional_amount_min"":1000,""amount_max"":999999999,""additional_amount_max"":999999999,""amount_multiples"":1,""additional_amount_multiples"":1},{""type"":""withdrawal"",""amount_min"":0.01,""amount_max"":999999999,""amount_multiples"":0.01,""units_min"":0.001,""units_max"":999999999,""units_multiples"":0.001},{""type"":""sip"",""frequency"":""monthly"",""amount_min"":1000,""amount_max"":999999999,""amount_multiples"":1,""installments_min"":6,""dates"":[1,2,3,4,5,6,7,8,9,10,11,12,13,14,15,16,17,18,19,20,21,22,23,24,25,26,27,28]},{""type"":""sip"",""frequency"":""daily"",""amount_min"":1000,""amount_max"":999999999,""amount_multiples"":1,""installments_min"":6,""dates"":[]},{""type"":""sip"",""frequency"":""calendar_day_daily"",""amount_min"":1000,""amount_max"":999999999,""amount_multiples"":1,""installments_min"":6,""dates"":[]}]"
238,cybrillapoa,ICICI PRUDENTIAL BOND FUND - IDCW QUARTERLY,ICICI PRUDENTIAL MUTUAL FUND,INF109K01BS9,regular,idcw_quarterly,reinvestment,true,"[{""type"":""lumpsum"",""amount_min"":5000,""additional_amount_min"":1000,""amount_max"":999999999,""additional_amount_max"":999999999,""amount_multiples"":1,""additional_amount_multiples"":1},{""type"":""withdrawal"",""amount_min"":0.01,""amount_max"":999999999,""amount_multiples"":0.01,""units_min"":0.001,""units_max"":999999999,""units_multiples"":0.001},{""type"":""sip"",""frequency"":""monthly"",""amount_min"":1000,""amount_max"":999999999,""amount_multiples"":1,""installments_min"":6,""dates"":[1,2,3,4,5,6,7,8,9,10,11,12,13,14,15,16,17,18,19,20,21,22,23,24,25,26,27,28]},{""type"":""sip"",""frequency"":""daily"",""amount_min"":1000,""amount_max"":999999999,""amount_multiples"":1,""installments_min"":6,""dates"":[]},{""type"":""sip"",""frequency"":""calendar_day_daily"",""amount_min"":1000,""amount_max"":999999999,""amount_multiples"":1,""installments_min"":6,""dates"":[]}]"
239,cybrillapoa,ICICI PRUDENTIAL BOND FUND- INSTITUTIONAL GROWTH,ICICI PRUDENTIAL MUTUAL FUND,INF109K01BQ3,regular,growth,,true,"[{""type"":""withdrawal"",""amount_min"":0.01,""amount_max"":999999999,""amount_multiples"":0.01,""units_min"":0.001,""units_max"":999999999,""units_multiples"":0.001}]"
240,cybrillapoa,ICICI PRUDENTIAL BOND FUND- INSTITUTIONAL MONTHLY DIVIDEND,ICICI PRUDENTIAL MUTUAL FUND,INF109K01BR1,regular,idcw_monthly,reinvestment,true,"[{""type"":""withdrawal"",""amount_min"":0.01,""amount_max"":999999999,""amount_multiples"":0.01,""units_min"":0.001,""units_max"":999999999,""units_multiples"":0.001}]"
241,cybrillapoa,ICICI PRUDENTIAL BOND FUND- INSTITUTIONAL QUARTERLY DIVIDEND,ICICI PRUDENTIAL MUTUAL FUND,INF109K01BT7,regular,idcw_quarterly,reinvestment,true,"[{""type"":""withdrawal"",""amount_min"":0.01,""amount_max"":999999999,""amount_multiples"":0.01,""units_min"":0.001,""units_max"":999999999,""units_multiples"":0.001}]"
242,cybrillapoa,ICICI PRUDENTIAL BSE 500 ETF FOF - GROWTH,ICICI PRUDENTIAL MUTUAL FUND,INF109KC1V67,regular,growth,,true,"[{""type"":""lumpsum"",""amount_min"":1000,""additional_amount_min"":500,""amount_max"":999999999,""additional_amount_max"":999999999,""amount_multiples"":1,""additional_amount_multiples"":1},{""type"":""withdrawal"",""amount_min"":1,""amount_max"":999999999,""amount_multiples"":0.01,""units_min"":0.001,""units_max"":999999999,""units_multiples"":0.001},{""type"":""sip"",""frequency"":""monthly"",""amount_min"":100,""amount_max"":999999999,""amount_multiples"":1,""installments_min"":6,""dates"":[1,2,3,4,5,6,7,8,9,10,11,12,13,14,15,16,17,18,19,20,21,22,23,24,25,26,27,28]}]"
243,cybrillapoa,ICICI PRUDENTIAL BSE 500 ETF FOF - IDCW,ICICI PRUDENTIAL MUTUAL FUND,INF109KC1V83,regular,idcw,reinvestment,true,"[{""type"":""withdrawal"",""amount_min"":1,""amount_max"":999999999,""amount_multiples"":0.01,""units_min"":0.001,""units_max"":999999999,""units_multiples"":0.001}]"
244,cybrillapoa,ICICI PRUDENTIAL BSE SENSEX INDEX FUND - CUMULATIVE OPTION,ICICI PRUDENTIAL MUTUAL FUND,INF109KB17W7,regular,growth,,true,"[{""type"":""lumpsum"",""amount_min"":100,""additional_amount_min"":100,""amount_max"":999999999,""additional_amount_max"":999999999,""amount_multiples"":1,""additional_amount_multiples"":1},{""type"":""withdrawal"",""amount_min"":0.01,""amount_max"":999999999,""amount_multiples"":0.01,""units_min"":0.001,""units_max"":999999999,""units_multiples"":0.001},{""type"":""sip"",""frequency"":""monthly"",""amount_min"":100,""amount_max"":999999999,""amount_multiples"":1,""installments_min"":6,""dates"":[1,2,3,4,5,6,7,8,9,10,11,12,13,14,15,16,17,18,19,20,21,22,23,24,25,26,27,28]},{""type"":""sip"",""frequency"":""daily"",""amount_min"":100,""amount_max"":999999999,""amount_multiples"":1,""installments_min"":6,""dates"":[]},{""type"":""sip"",""frequency"":""calendar_day_daily"",""amount_min"":100,""amount_max"":999999999,""amount_multiples"":1,""installments_min"":6,""dates"":[]}]"
245,cybrillapoa,ICICI PRUDENTIAL BSE SENSEX INDEX FUND - IDCW OPTION,ICICI PRUDENTIAL MUTUAL FUND,INF109KB19W3,regular,idcw,payout,true,"[{""type"":""withdrawal"",""amount_min"":0.01,""amount_max"":999999999,""amount_multiples"":0.01,""units_min"":0.001,""units_max"":999999999,""units_multiples"":0.001}]"
246,cybrillapoa,ICICI PRUDENTIAL BUSINESS CYCLE FUND GROWTH,ICICI PRUDENTIAL MUTUAL FUND,INF109KC1O90,regular,growth,,true,"[{""type"":""lumpsum"",""amount_min"":5000,""additional_amount_min"":1000,""amount_max"":999999999,""additional_amount_max"":999999999,""amount_multiples"":1,""additional_amount_multiples"":1},{""type"":""withdrawal"",""amount_min"":1,""amount_max"":999999999,""amount_multiples"":0.01,""units_min"":0.001,""units_max"":999999999,""units_multiples"":0.001},{""type"":""sip"",""frequency"":""monthly"",""amount_min"":100,""amount_max"":999999999,""amount_multiples"":1,""installments_min"":6,""dates"":[1,2,3,4,5,6,7,8,9,10,11,12,13,14,15,16,17,18,19,20,21,22,23,24,25,26,27,28]},{""type"":""sip"",""frequency"":""daily"",""amount_min"":100,""amount_max"":999999999,""amount_multiples"":1,""installments_min"":6,""dates"":[]},{""type"":""sip"",""frequency"":""calendar_day_daily"",""amount_min"":100,""amount_max"":999999999,""amount_multiples"":1,""installments_min"":6,""dates"":[]}]"
247,cybrillapoa,ICICI PRUDENTIAL BUSINESS CYCLE FUND IDCW,ICICI PRUDENTIAL MUTUAL FUND,INF109KC1P08,regular,idcw,reinvestment,true,"[{""type"":""lumpsum"",""amount_min"":5000,""additional_amount_min"":1000,""amount_max"":999999999,""additional_amount_max"":999999999,""amount_multiples"":1,""additional_amount_multiples"":1},{""type"":""withdrawal"",""amount_min"":1,""amount_max"":999999999,""amount_multiples"":0.01,""units_min"":0.001,""units_max"":999999999,""units_multiples"":0.001},{""type"":""sip"",""frequency"":""monthly"",""amount_min"":100,""amount_max"":999999999,""amount_multiples"":1,""installments_min"":6,""dates"":[1,2,3,4,5,6,7,8,9,10,11,12,13,14,15,16,17,18,19,20,21,22,23,24,25,26,27,28]},{""type"":""sip"",""frequency"":""daily"",""amount_min"":100,""amount_max"":999999999,""amount_multiples"":1,""installments_min"":6,""dates"":[]},{""type"":""sip"",""frequency"":""calendar_day_daily"",""amount_min"":100,""amount_max"":999999999,""amount_multiples"":1,""installments_min"":6,""dates"":[]}]"
248,cybrillapoa,ICICI PRUDENTIAL CHILDREN'S FUND - REGULAR PLAN,ICICI PRUDENTIAL MUTUAL FUND,INF109K01605,regular,growth,,true,"[{""type"":""lumpsum"",""amount_min"":5000,""additional_amount_min"":1000,""amount_max"":999999999,""additional_amount_max"":999999999,""amount_multiples"":1,""additional_amount_multiples"":1},{""type"":""withdrawal"",""amount_min"":0.01,""amount_max"":999999999,""amount_multiples"":0.01,""units_min"":0.001,""units_max"":999999999,""units_multiples"":0.001},{""type"":""sip"",""frequency"":""monthly"",""amount_min"":100,""amount_max"":999999999,""amount_multiples"":1,""installments_min"":6,""dates"":[1,2,3,4,5,6,7,8,9,10,11,12,13,14,15,16,17,18,19,20,21,22,23,24,25,26,27,28]},{""type"":""sip"",""frequency"":""daily"",""amount_min"":100,""amount_max"":999999999,""amount_multiples"":1,""installments_min"":6,""dates"":[]},{""type"":""sip"",""frequency"":""calendar_day_daily"",""amount_min"":100,""amount_max"":999999999,""amount_multiples"":1,""installments_min"":6,""dates"":[]}]"
249,cybrillapoa,ICICI PRUDENTIAL COMMODITIES FUND - GROWTH OPTION,ICICI PRUDENTIAL MUTUAL FUND,INF109KC1F67,regular,growth,,true,"[{""type"":""lumpsum"",""amount_min"":5000,""additional_amount_min"":1000,""amount_max"":999999999,""additional_amount_max"":999999999,""amount_multiples"":1,""additional_amount_multiples"":1},{""type"":""withdrawal"",""amount_min"":0.01,""amount_max"":999999999,""amount_multiples"":0.01,""units_min"":0.001,""units_max"":999999999,""units_multiples"":0.001},{""type"":""sip"",""frequency"":""monthly"",""amount_min"":100,""amount_max"":999999999,""amount_multiples"":1,""installments_min"":6,""dates"":[1,2,3,4,5,6,7,8,9,10,11,12,13,14,15,16,17,18,19,20,21,22,23,24,25,26,27,28]},{""type"":""sip"",""frequency"":""daily"",""amount_min"":100,""amount_max"":999999999,""amount_multiples"":1,""installments_min"":6,""dates"":[]},{""type"":""sip"",""frequency"":""calendar_day_daily"",""amount_min"":100,""amount_max"":999999999,""amount_multiples"":1,""installments_min"":6,""dates"":[]}]"
250,cybrillapoa,ICICI PRUDENTIAL COMMODITIES FUND - IDCW OPTION,ICICI PRUDENTIAL MUTUAL FUND,INF109KC1F75,regular,idcw,payout,true,"[{""type"":""lumpsum"",""amount_min"":5000,""additional_amount_min"":1000,""amount_max"":999999999,""additional_amount_max"":999999999,""amount_multiples"":1,""additional_amount_multiples"":1},{""type"":""withdrawal"",""amount_min"":0.01,""amount_max"":999999999,""amount_multiples"":0.01,""units_min"":0.001,""units_max"":999999999,""units_multiples"":0.001},{""type"":""sip"",""frequency"":""monthly"",""amount_min"":100,""amount_max"":999999999,""amount_multiples"":1,""installments_min"":6,""dates"":[1,2,3,4,5,6,7,8,9,10,11,12,13,14,15,16,17,18,19,20,21,22,23,24,25,26,27,28]},{""type"":""sip"",""frequency"":""daily"",""amount_min"":100,""amount_max"":999999999,""amount_multiples"":1,""installments_min"":6,""dates"":[]},{""type"":""sip"",""frequency"":""calendar_day_daily"",""amount_min"":100,""amount_max"":999999999,""amount_multiples"":1,""installments_min"":6,""dates"":[]}]"
251,cybrillapoa,ICICI PRUDENTIAL CONGLOMERATE FUND - GROWTH,ICICI PRUDENTIAL MUTUAL FUND,INF109K1A393,regular,growth,,true,"[{""type"":""lumpsum"",""amount_min"":1000,""additional_amount_min"":1000,""amount_max"":999999999,""additional_amount_max"":999999999,""amount_multiples"":1,""additional_amount_multiples"":1},{""type"":""withdrawal"",""amount_min"":0,""amount_max"":999999999,""amount_multiples"":1,""units_min"":0.001,""units_max"":999999999,""units_multiples"":0.001},{""type"":""sip"",""frequency"":""monthly"",""amount_min"":100,""amount_max"":999999999,""amount_multiples"":1,""installments_min"":6,""dates"":[1,2,3,4,5,6,7,8,9,10,11,12,13,14,15,16,17,18,19,20,21,22,23,24,25,26,27,28]}]"
252,cybrillapoa,ICICI PRUDENTIAL CONGLOMERATE FUND - IDCW,ICICI PRUDENTIAL MUTUAL FUND,INF109K1A401,regular,idcw,reinvestment,true,"[{""type"":""lumpsum"",""amount_min"":1000,""additional_amount_min"":1000,""amount_max"":999999999,""additional_amount_max"":999999999,""amount_multiples"":1,""additional_amount_multiples"":1},{""type"":""withdrawal"",""amount_min"":0,""amount_max"":999999999,""amount_multiples"":1,""units_min"":0.001,""units_max"":999999999,""units_multiples"":0.001},{""type"":""sip"",""frequency"":""monthly"",""amount_min"":100,""amount_max"":999999999,""amount_multiples"":1,""installments_min"":6,""dates"":[1,2,3,4,5,6,7,8,9,10,11,12,13,14,15,16,17,18,19,20,21,22,23,24,25,26,27,28]}]"
253,cybrillapoa,ICICI PRUDENTIAL CONSTANT MATURITY GILT FUND - GROWTH,ICICI PRUDENTIAL MUTUAL FUND,INF109KA1N46,regular,growth,,true,"[{""type"":""lumpsum"",""amount_min"":5000,""additional_amount_min"":1000,""amount_max"":999999999,""additional_amount_max"":999999999,""amount_multiples"":1,""additional_amount_multiples"":1},{""type"":""withdrawal"",""amount_min"":0.01,""amount_max"":999999999,""amount_multiples"":0.01,""units_min"":0.001,""units_max"":999999999,""units_multiples"":0.001},{""type"":""sip"",""frequency"":""monthly"",""amount_min"":1000,""amount_max"":999999999,""amount_multiples"":1,""installments_min"":6,""dates"":[1,2,3,4,5,6,7,8,9,10,11,12,13,14,15,16,17,18,19,20,21,22,23,24,25,26,27,28]},{""type"":""sip"",""frequency"":""daily"",""amount_min"":1000,""amount_max"":999999999,""amount_multiples"":1,""installments_min"":6,""dates"":[]},{""type"":""sip"",""frequency"":""calendar_day_daily"",""amount_min"":1000,""amount_max"":999999999,""amount_multiples"":1,""installments_min"":6,""dates"":[]}]"
254,cybrillapoa,ICICI PRUDENTIAL CONSTANT MATURITY GILT FUND - QUARTERLY IDCW,ICICI PRUDENTIAL MUTUAL FUND,INF109KA1O03,regular,idcw_quarterly,reinvestment,true,"[{""type"":""lumpsum"",""amount_min"":5000,""additional_amount_min"":1000,""amount_max"":999999999,""additional_amount_max"":999999999,""amount_multiples"":1,""additional_amount_multiples"":1},{""type"":""withdrawal"",""amount_min"":0.01,""amount_max"":999999999,""amount_multiples"":0.01,""units_min"":0.001,""units_max"":999999999,""units_multiples"":0.001},{""type"":""sip"",""frequency"":""monthly"",""amount_min"":1000,""amount_max"":999999999,""amount_multiples"":1,""installments_min"":6,""dates"":[1,2,3,4,5,6,7,8,9,10,11,12,13,14,15,16,17,18,19,20,21,22,23,24,25,26,27,28]},{""type"":""sip"",""frequency"":""daily"",""amount_min"":1000,""amount_max"":999999999,""amount_multiples"":1,""installments_min"":6,""dates"":[]},{""type"":""sip"",""frequency"":""calendar_day_daily"",""amount_min"":1000,""amount_max"":999999999,""amount_multiples"":1,""installments_min"":6,""dates"":[]}]"
255,cybrillapoa,ICICI PRUDENTIAL CORPORATE BOND FUND - BONUS,ICICI PRUDENTIAL MUTUAL FUND,INF109KA1I84,regular,bonus,,true,"[{""type"":""withdrawal"",""amount_min"":0.01,""amount_max"":999999999,""amount_multiples"":0.01,""units_min"":0.001,""units_max"":999999999,""units_multiples"":0.001}]"
256,cybrillapoa,ICICI PRUDENTIAL CORPORATE BOND FUND - GROWTH,ICICI PRUDENTIAL MUTUAL FUND,INF109K01CQ1,regular,growth,,true,"[{""type"":""lumpsum"",""amount_min"":100,""additional_amount_min"":100,""amount_max"":999999999,""additional_amount_max"":999999999,""amount_multiples"":1,""additional_amount_multiples"":1},{""type"":""withdrawal"",""amount_min"":0.01,""amount_max"":999999999,""amount_multiples"":0.01,""units_min"":0.001,""units_max"":999999999,""units_multiples"":0.001},{""type"":""sip"",""frequency"":""monthly"",""amount_min"":100,""amount_max"":999999999,""amount_multiples"":1,""installments_min"":6,""dates"":[1,2,3,4,5,6,7,8,9,10,11,12,13,14,15,16,17,18,19,20,21,22,23,24,25,26,27,28]},{""type"":""sip"",""frequency"":""daily"",""amount_min"":100,""amount_max"":999999999,""amount_multiples"":1,""installments_min"":6,""dates"":[]},{""type"":""sip"",""frequency"":""calendar_day_daily"",""amount_min"":100,""amount_max"":999999999,""amount_multiples"":1,""installments_min"":6,""dates"":[]}]"
257,cybrillapoa,ICICI PRUDENTIAL CORPORATE BOND FUND - MONTHLY IDCW,ICICI PRUDENTIAL MUTUAL FUND,INF109K01CT5,regular,idcw_monthly,reinvestment,true,"[{""type"":""lumpsum"",""amount_min"":100,""additional_amount_min"":100,""amount_max"":999999999,""additional_amount_max"":999999999,""amount_multiples"":1,""additional_amount_multiples"":1},{""type"":""withdrawal"",""amount_min"":0.01,""amount_max"":999999999,""amount_multiples"":0.01,""units_min"":0.001,""units_max"":999999999,""units_multiples"":0.001},{""type"":""sip"",""frequency"":""monthly"",""amount_min"":100,""amount_max"":999999999,""amount_multiples"":1,""installments_min"":6,""dates"":[1,2,3,4,5,6,7,8,9,10,11,12,13,14,15,16,17,18,19,20,21,22,23,24,25,26,27,28]},{""type"":""sip"",""frequency"":""daily"",""amount_min"":100,""amount_max"":999999999,""amount_multiples"":1,""installments_min"":6,""dates"":[]},{""type"":""sip"",""frequency"":""calendar_day_daily"",""amount_min"":100,""amount_max"":999999999,""amount_multiples"":1,""installments_min"":6,""dates"":[]}]"
258,cybrillapoa,ICICI PRUDENTIAL CORPORATE BOND FUND - PREMIUM MONTHLY DIVIDEND,ICICI PRUDENTIAL MUTUAL FUND,INF109K01CO6,regular,idcw_monthly,payout,true,"[{""type"":""withdrawal"",""amount_min"":0.01,""amount_max"":999999999,""amount_multiples"":0.01,""units_min"":0.001,""units_max"":999999999,""units_multiples"":0.001}]"
259,cybrillapoa,ICICI PRUDENTIAL CORPORATE BOND FUND -QUARTERLY IDCW,ICICI PRUDENTIAL MUTUAL FUND,INF109K01SO2,regular,idcw_quarterly,reinvestment,true,"[{""type"":""lumpsum"",""amount_min"":100,""additional_amount_min"":100,""amount_max"":999999999,""additional_amount_max"":999999999,""amount_multiples"":1,""additional_amount_multiples"":1},{""type"":""withdrawal"",""amount_min"":0.01,""amount_max"":999999999,""amount_multiples"":0.01,""units_min"":0.001,""units_max"":999999999,""units_multiples"":0.001},{""type"":""sip"",""frequency"":""monthly"",""amount_min"":100,""amount_max"":999999999,""amount_multiples"":1,""installments_min"":6,""dates"":[1,2,3,4,5,6,7,8,9,10,11,12,13,14,15,16,17,18,19,20,21,22,23,24,25,26,27,28]},{""type"":""sip"",""frequency"":""daily"",""amount_min"":100,""amount_max"":999999999,""amount_multiples"":1,""installments_min"":6,""dates"":[]},{""type"":""sip"",""frequency"":""calendar_day_daily"",""amount_min"":100,""amount_max"":999999999,""amount_multiples"":1,""installments_min"":6,""dates"":[]}]"
260,cybrillapoa,ICICI PRUDENTIAL CORPORATE BOND FUND RETAIL FORT NIGHTLY DIVIDEND,ICICI PRUDENTIAL MUTUAL FUND,INF109K01CH0,regular,idcw,reinvestment,true,"[{""type"":""withdrawal"",""amount_min"":0.01,""amount_max"":999999999,""amount_multiples"":0.01,""units_min"":0.001,""units_max"":999999999,""units_multiples"":0.001}]"
261,cybrillapoa,ICICI PRUDENTIAL CORPORATE BOND FUND RETAIL GROWTH,ICICI PRUDENTIAL MUTUAL FUND,INF109K01CE7,regular,growth,,true,"[{""type"":""withdrawal"",""amount_min"":0.01,""amount_max"":999999999,""amount_multiples"":0.01,""units_min"":0.001,""units_max"":999999999,""units_multiples"":0.001}]"
262,cybrillapoa,ICICI PRUDENTIAL CORPORATE BOND FUND RETAIL MONTHLY DIVIDEND,ICICI PRUDENTIAL MUTUAL FUND,INF109K01CI8,regular,idcw_monthly,reinvestment,true,"[{""type"":""withdrawal"",""amount_min"":0.01,""amount_max"":999999999,""amount_multiples"":0.01,""units_min"":0.001,""units_max"":999999999,""units_multiples"":0.001}]"
263,cybrillapoa,ICICI PRUDENTIAL CORPORATE BOND FUND RETAIL QUARTERLY DIVIDEND,ICICI PRUDENTIAL MUTUAL FUND,INF109K01CJ6,regular,idcw_quarterly,reinvestment,true,"[{""type"":""withdrawal"",""amount_min"":0.01,""amount_max"":999999999,""amount_multiples"":0.01,""units_min"":0.001,""units_max"":999999999,""units_multiples"":0.001}]"
264,cybrillapoa,ICICI PRUDENTIAL CORPORATE BOND FUND RETAIL WEEKLY DIVIDEND,ICICI PRUDENTIAL MUTUAL FUND,INF109K01CG2,regular,idcw_weekly,reinvestment,true,"[{""type"":""withdrawal"",""amount_min"":0.01,""amount_max"":999999999,""amount_multiples"":0.01,""units_min"":0.001,""units_max"":999999999,""units_multiples"":0.001}]"
265,cybrillapoa,ICICI PRUDENTIAL CREDIT RISK FUND - BONUS,ICICI PRUDENTIAL MUTUAL FUND,INF109KA1I27,regular,bonus,,true,"[{""type"":""withdrawal"",""amount_min"":0.01,""amount_max"":999999999,""amount_multiples"":0.01,""units_min"":0.001,""units_max"":999999999,""units_multiples"":0.001}]"
266,cybrillapoa,ICICI PRUDENTIAL CREDIT RISK FUND - GROWTH,ICICI PRUDENTIAL MUTUAL FUND,INF109K01GU4,regular,growth,,true,"[{""type"":""lumpsum"",""amount_min"":100,""additional_amount_min"":100,""amount_max"":999999999,""additional_amount_max"":999999999,""amount_multiples"":1,""additional_amount_multiples"":1},{""type"":""withdrawal"",""amount_min"":0.01,""amount_max"":999999999,""amount_multiples"":0.01,""units_min"":0.001,""units_max"":999999999,""units_multiples"":0.001},{""type"":""sip"",""frequency"":""monthly"",""amount_min"":100,""amount_max"":999999999,""amount_multiples"":1,""installments_min"":6,""dates"":[1,2,3,4,5,6,7,8,9,10,11,12,13,14,15,16,17,18,19,20,21,22,23,24,25,26,27,28]},{""type"":""sip"",""frequency"":""daily"",""amount_min"":100,""amount_max"":999999999,""amount_multiples"":1,""installments_min"":6,""dates"":[]},{""type"":""sip"",""frequency"":""calendar_day_daily"",""amount_min"":100,""amount_max"":999999999,""amount_multiples"":1,""installments_min"":6,""dates"":[]}]"
267,cybrillapoa,ICICI PRUDENTIAL CREDIT RISK FUND - QUARTERLY IDCW,ICICI PRUDENTIAL MUTUAL FUND,INF109K01GW0,regular,idcw_quarterly,reinvestment,true,"[{""type"":""lumpsum"",""amount_min"":100,""additional_amount_min"":100,""amount_max"":999999999,""additional_amount_max"":999999999,""amount_multiples"":1,""additional_amount_multiples"":1},{""type"":""withdrawal"",""amount_min"":0.01,""amount_max"":999999999,""amount_multiples"":0.01,""units_min"":0.001,""units_max"":999999999,""units_multiples"":0.001},{""type"":""sip"",""frequency"":""monthly"",""amount_min"":100,""amount_max"":999999999,""amount_multiples"":1,""installments_min"":6,""dates"":[1,2,3,4,5,6,7,8,9,10,11,12,13,14,15,16,17,18,19,20,21,22,23,24,25,26,27,28]},{""type"":""sip"",""frequency"":""daily"",""amount_min"":100,""amount_max"":999999999,""amount_multiples"":1,""installments_min"":6,""dates"":[]},{""type"":""sip"",""frequency"":""calendar_day_daily"",""amount_min"":100,""amount_max"":999999999,""amount_multiples"":1,""installments_min"":6,""dates"":[]}]"
268,cybrillapoa,ICICI PRUDENTIAL CRISIL-IBX AAA BOND FINANCIAL SERVICES INDEX -DEC 2026 FUND - ANNUAL IDCW,ICICI PRUDENTIAL MUTUAL FUND,INF109K1A013,regular,idcw_annual,reinvestment,true,"[{""type"":""withdrawal"",""amount_min"":0,""amount_max"":999999999,""amount_multiples"":1,""units_min"":0.001,""units_max"":999999999,""units_multiples"":0.001}]"
269,cybrillapoa,ICICI PRUDENTIAL CRISIL-IBX AAA BOND FINANCIAL SERVICES INDEX -DEC 2026 FUND - GROWTH,ICICI PRUDENTIAL MUTUAL FUND,INF109KC18Z6,regular,growth,,true,"[{""type"":""withdrawal"",""amount_min"":0,""amount_max"":999999999,""amount_multiples"":1,""units_min"":0.001,""units_max"":999999999,""units_multiples"":0.001}]"
270,cybrillapoa,ICICI PRUDENTIAL CRISIL-IBX FINANCIAL SERVICES 3-6 MONTHS DEBT INDEX FUND - ANNUAL IDCW,ICICI PRUDENTIAL MUTUAL FUND,INF109K1A047,regular,idcw_annual,reinvestment,true,"[{""type"":""withdrawal"",""amount_min"":0,""amount_max"":999999999,""amount_multiples"":1,""units_min"":0.001,""units_max"":999999999,""units_multiples"":0.001}]"
271,cybrillapoa,ICICI PRUDENTIAL CRISIL-IBX FINANCIAL SERVICES 3-6 MONTHS DEBT INDEX FUND - GROWTH,ICICI PRUDENTIAL MUTUAL FUND,INF109K1A039,regular,growth,,true,"[{""type"":""lumpsum"",""amount_min"":1000,""additional_amount_min"":500,""amount_max"":999999999,""additional_amount_max"":999999999,""amount_multiples"":1,""additional_amount_multiples"":1},{""type"":""withdrawal"",""amount_min"":0,""amount_max"":999999999,""amount_multiples"":1,""units_min"":0.001,""units_max"":999999999,""units_multiples"":0.001},{""type"":""sip"",""frequency"":""monthly"",""amount_min"":1000,""amount_max"":999999999,""amount_multiples"":1,""installments_min"":6,""dates"":[1,2,3,4,5,6,7,8,9,10,11,12,13,14,15,16,17,18,19,20,21,22,23,24,25,26,27,28]},{""type"":""sip"",""frequency"":""daily"",""amount_min"":1000,""amount_max"":999999999,""amount_multiples"":1,""installments_min"":6,""dates"":[]},{""type"":""sip"",""frequency"":""calendar_day_daily"",""amount_min"":1000,""amount_max"":999999999,""amount_multiples"":1,""installments_min"":6,""dates"":[]}]"
272,cybrillapoa,ICICI PRUDENTIAL DEBT MANAGEMENT FUND (FOF) - GROWTH,ICICI PRUDENTIAL MUTUAL FUND,INF109K01878,regular,growth,,true,"[{""type"":""lumpsum"",""amount_min"":100,""additional_amount_min"":100,""amount_max"":999999999,""additional_amount_max"":999999999,""amount_multiples"":1,""additional_amount_multiples"":1},{""type"":""withdrawal"",""amount_min"":0.01,""amount_max"":999999999,""amount_multiples"":0.01,""units_min"":0.001,""units_max"":999999999,""units_multiples"":0.001},{""type"":""sip"",""frequency"":""monthly"",""amount_min"":100,""amount_max"":999999999,""amount_multiples"":1,""installments_min"":6,""dates"":[1,2,3,4,5,6,7,8,9,10,11,12,13,14,15,16,17,18,19,20,21,22,23,24,25,26,27,28]},{""type"":""sip"",""frequency"":""daily"",""amount_min"":100,""amount_max"":999999999,""amount_multiples"":1,""installments_min"":6,""dates"":[]},{""type"":""sip"",""frequency"":""calendar_day_daily"",""amount_min"":100,""amount_max"":999999999,""amount_multiples"":1,""installments_min"":6,""dates"":[]}]"
273,cybrillapoa,ICICI PRUDENTIAL DIVERSIFIED DEBT STRATEGY ACTIVE FOF - IDCW,ICICI PRUDENTIAL MUTUAL FUND,INF109K01886,regular,idcw,reinvestment,true,"[{""type"":""withdrawal"",""amount_min"":0.01,""amount_max"":999999999,""amount_multiples"":0.01,""units_min"":0.001,""units_max"":999999999,""units_multiples"":0.001}]"
274,cybrillapoa,ICICI PRUDENTIAL DIVERSIFIED EQUITY ALL CAP ACTIVE FOF - GROWTH,ICICI PRUDENTIAL MUTUAL FUND,INF109K1A450,regular,growth,,true,"[{""type"":""lumpsum"",""amount_min"":100,""additional_amount_min"":100,""amount_max"":999999999,""additional_amount_max"":999999999,""amount_multiples"":1,""additional_amount_multiples"":1},{""type"":""withdrawal"",""amount_min"":0,""amount_max"":999999999,""amount_multiples"":1,""units_min"":0.001,""units_max"":999999999,""units_multiples"":0.001}]"
275,cybrillapoa,ICICI PRUDENTIAL DIVERSIFIED EQUITY ALL CAP OMNI FOF - IDCW,ICICI PRUDENTIAL MUTUAL FUND,INF109KC1I23,regular,idcw,reinvestment,true,"[{""type"":""withdrawal"",""amount_min"":1,""amount_max"":999999999,""amount_multiples"":0.01,""units_min"":0.001,""units_max"":999999999,""units_multiples"":0.001}]"
276,cybrillapoa,ICICI PRUDENTIAL DIVIDEND YIELD EQUITY FUND GROWTH OPTION,ICICI PRUDENTIAL MUTUAL FUND,INF109KA1TX4,regular,growth,,true,"[{""type"":""lumpsum"",""amount_min"":5000,""additional_amount_min"":1000,""amount_max"":999999999,""additional_amount_max"":999999999,""amount_multiples"":1,""additional_amount_multiples"":1},{""type"":""withdrawal"",""amount_min"":0.01,""amount_max"":999999999,""amount_multiples"":0.01,""units_min"":0.001,""units_max"":999999999,""units_multiples"":0.001},{""type"":""sip"",""frequency"":""monthly"",""amount_min"":100,""amount_max"":999999999,""amount_multiples"":1,""installments_min"":6,""dates"":[1,2,3,4,5,6,7,8,9,10,11,12,13,14,15,16,17,18,19,20,21,22,23,24,25,26,27,28]},{""type"":""sip"",""frequency"":""daily"",""amount_min"":100,""amount_max"":999999999,""amount_multiples"":1,""installments_min"":6,""dates"":[]},{""type"":""sip"",""frequency"":""calendar_day_daily"",""amount_min"":100,""amount_max"":999999999,""amount_multiples"":1,""installments_min"":6,""dates"":[]}]"
277,cybrillapoa,ICICI PRUDENTIAL DIVIDEND YIELD EQUITY FUND IDCW OPTION,ICICI PRUDENTIAL MUTUAL FUND,INF109KA1TZ9,regular,idcw,reinvestment,true,"[{""type"":""lumpsum"",""amount_min"":5000,""additional_amount_min"":1000,""amount_max"":999999999,""additional_amount_max"":999999999,""amount_multiples"":1,""additional_amount_multiples"":1},{""type"":""withdrawal"",""amount_min"":0.01,""amount_max"":999999999,""amount_multiples"":0.01,""units_min"":0.001,""units_max"":999999999,""units_multiples"":0.001},{""type"":""sip"",""frequency"":""monthly"",""amount_min"":100,""amount_max"":999999999,""amount_multiples"":1,""installments_min"":6,""dates"":[1,2,3,4,5,6,7,8,9,10,11,12,13,14,15,16,17,18,19,20,21,22,23,24,25,26,27,28]},{""type"":""sip"",""frequency"":""daily"",""amount_min"":100,""amount_max"":999999999,""amount_multiples"":1,""installments_min"":6,""dates"":[]},{""type"":""sip"",""frequency"":""calendar_day_daily"",""amount_min"":100,""amount_max"":999999999,""amount_multiples"":1,""installments_min"":6,""dates"":[]}]"
278,cybrillapoa,ICICI PRUDENTIAL DYNAMIC ASSET ALLOCATION ACTIVE FOF - GROWTH,ICICI PRUDENTIAL MUTUAL FUND,INF109K01837,regular,growth,,true,"[{""type"":""lumpsum"",""amount_min"":5000,""additional_amount_min"":500,""amount_max"":999999999,""additional_amount_max"":999999999,""amount_multiples"":1,""additional_amount_multiples"":1},{""type"":""withdrawal"",""amount_min"":0.01,""amount_max"":999999999,""amount_multiples"":0.01,""units_min"":0.001,""units_max"":999999999,""units_multiples"":0.001},{""type"":""sip"",""frequency"":""monthly"",""amount_min"":1000,""amount_max"":999999999,""amount_multiples"":1,""installments_min"":6,""dates"":[1,2,3,4,5,6,7,8,9,10,11,12,13,14,15,16,17,18,19,20,21,22,23,24,25,26,27,28]},{""type"":""sip"",""frequency"":""daily"",""amount_min"":1000,""amount_max"":999999999,""amount_multiples"":1,""installments_min"":6,""dates"":[]},{""type"":""sip"",""frequency"":""calendar_day_daily"",""amount_min"":1000,""amount_max"":999999999,""amount_multiples"":1,""installments_min"":6,""dates"":[]}]"
279,cybrillapoa,ICICI PRUDENTIAL DYNAMIC ASSET ALLOCATION ACTIVE FOF - IDCW,ICICI PRUDENTIAL MUTUAL FUND,INF109K01845,regular,idcw,reinvestment,true,"[{""type"":""withdrawal"",""amount_min"":0.01,""amount_max"":999999999,""amount_multiples"":0.01,""units_min"":0.001,""units_max"":999999999,""units_multiples"":0.001}]"
280,cybrillapoa,ICICI PRUDENTIAL ELSS TAX SAVER FUND - GROWTH,ICICI PRUDENTIAL MUTUAL FUND,INF109K01464,regular,growth,,true,"[{""type"":""lumpsum"",""amount_min"":500,""additional_amount_min"":500,""amount_max"":999999999,""additional_amount_max"":999999999,""amount_multiples"":500,""additional_amount_multiples"":500},{""type"":""withdrawal"",""amount_min"":0.01,""amount_max"":999999999,""amount_multiples"":0.01,""units_min"":0.001,""units_max"":999999999,""units_multiples"":0.001},{""type"":""sip"",""frequency"":""monthly"",""amount_min"":500,""amount_max"":999999999,""amount_multiples"":500,""installments_min"":6,""dates"":[1,2,3,4,5,6,7,8,9,10,11,12,13,14,15,16,17,18,19,20,21,22,23,24,25,26,27,28]},{""type"":""sip"",""frequency"":""daily"",""amount_min"":500,""amount_max"":999999999,""amount_multiples"":500,""installments_min"":6,""dates"":[]},{""type"":""sip"",""frequency"":""calendar_day_daily"",""amount_min"":500,""amount_max"":999999999,""amount_multiples"":500,""installments_min"":6,""dates"":[]}]"
281,cybrillapoa,ICICI PRUDENTIAL ELSS TAX SAVER FUND - IDCW,ICICI PRUDENTIAL MUTUAL FUND,INF109K01FN1,regular,idcw,payout,true,"[{""type"":""lumpsum"",""amount_min"":500,""additional_amount_min"":500,""amount_max"":999999999,""additional_amount_max"":999999999,""amount_multiples"":500,""additional_amount_multiples"":500},{""type"":""withdrawal"",""amount_min"":0.01,""amount_max"":999999999,""amount_multiples"":0.01,""units_min"":0.001,""units_max"":999999999,""units_multiples"":0.001},{""type"":""sip"",""frequency"":""monthly"",""amount_min"":500,""amount_max"":999999999,""amount_multiples"":500,""installments_min"":6,""dates"":[1,2,3,4,5,6,7,8,9,10,11,12,13,14,15,16,17,18,19,20,21,22,23,24,25,26,27,28]},{""type"":""sip"",""frequency"":""daily"",""amount_min"":500,""amount_max"":999999999,""amount_multiples"":500,""installments_min"":6,""dates"":[]},{""type"":""sip"",""frequency"":""calendar_day_daily"",""amount_min"":500,""amount_max"":999999999,""amount_multiples"":500,""installments_min"":6,""dates"":[]}]"
282,cybrillapoa,ICICI PRUDENTIAL ENERGY OPPORTUNITIES FUND - GROWTH,ICICI PRUDENTIAL MUTUAL FUND,INF109KC15W9,regular,growth,,true,"[{""type"":""lumpsum"",""amount_min"":5000,""additional_amount_min"":1000,""amount_max"":999999999,""additional_amount_max"":999999999,""amount_multiples"":1,""additional_amount_multiples"":1},{""type"":""withdrawal"",""amount_min"":1,""amount_max"":999999999,""amount_multiples"":0,""units_min"":0.001,""units_max"":999999999,""units_multiples"":0.001},{""type"":""sip"",""frequency"":""monthly"",""amount_min"":100,""amount_max"":999999999,""amount_multiples"":1,""installments_min"":6,""dates"":[1,2,3,4,5,6,7,8,9,10,11,12,13,14,15,16,17,18,19,20,21,22,23,24,25,26,27,28]},{""type"":""sip"",""frequency"":""daily"",""amount_min"":100,""amount_max"":999999999,""amount_multiples"":1,""installments_min"":6,""dates"":[]},{""type"":""sip"",""frequency"":""calendar_day_daily"",""amount_min"":100,""amount_max"":999999999,""amount_multiples"":1,""installments_min"":6,""dates"":[]}]"
283,cybrillapoa,ICICI PRUDENTIAL ENERGY OPPORTUNITIES FUND - IDCW,ICICI PRUDENTIAL MUTUAL FUND,INF109KC17W5,regular,idcw,reinvestment,true,"[{""type"":""lumpsum"",""amount_min"":5000,""additional_amount_min"":1000,""amount_max"":999999999,""additional_amount_max"":999999999,""amount_multiples"":1,""additional_amount_multiples"":1},{""type"":""withdrawal"",""amount_min"":1,""amount_max"":999999999,""amount_multiples"":0,""units_min"":0.001,""units_max"":999999999,""units_multiples"":0.001},{""type"":""sip"",""frequency"":""monthly"",""amount_min"":100,""amount_max"":999999999,""amount_multiples"":1,""installments_min"":6,""dates"":[1,2,3,4,5,6,7,8,9,10,11,12,13,14,15,16,17,18,19,20,21,22,23,24,25,26,27,28]},{""type"":""sip"",""frequency"":""daily"",""amount_min"":100,""amount_max"":999999999,""amount_multiples"":1,""installments_min"":6,""dates"":[]},{""type"":""sip"",""frequency"":""calendar_day_daily"",""amount_min"":100,""amount_max"":999999999,""amount_multiples"":1,""installments_min"":6,""dates"":[]}]"
284,cybrillapoa,ICICI PRUDENTIAL EQUITY & DEBT FUND - ANNUAL IDCW,ICICI PRUDENTIAL MUTUAL FUND,INF109KB1QJ8,regular,idcw_annual,reinvestment,true,"[{""type"":""lumpsum"",""amount_min"":5000,""additional_amount_min"":1000,""amount_max"":999999999,""additional_amount_max"":999999999,""amount_multiples"":1,""additional_amount_multiples"":1},{""type"":""withdrawal"",""amount_min"":0.01,""amount_max"":999999999,""amount_multiples"":0.01,""units_min"":0.001,""units_max"":999999999,""units_multiples"":0.001},{""type"":""sip"",""frequency"":""monthly"",""amount_min"":100,""amount_max"":999999999,""amount_multiples"":1,""installments_min"":6,""dates"":[1,2,3,4,5,6,7,8,9,10,11,12,13,14,15,16,17,18,19,20,21,22,23,24,25,26,27,28]},{""type"":""sip"",""frequency"":""daily"",""amount_min"":100,""amount_max"":999999999,""amount_multiples"":1,""installments_min"":6,""dates"":[]},{""type"":""sip"",""frequency"":""calendar_day_daily"",""amount_min"":100,""amount_max"":999999999,""amount_multiples"":1,""installments_min"":6,""dates"":[]}]"
285,cybrillapoa,ICICI PRUDENTIAL EQUITY & DEBT FUND - GROWTH,ICICI PRUDENTIAL MUTUAL FUND,INF109K01480,regular,growth,,true,"[{""type"":""lumpsum"",""amount_min"":5000,""additional_amount_min"":1000,""amount_max"":999999999,""additional_amount_max"":999999999,""amount_multiples"":1,""additional_amount_multiples"":1},{""type"":""withdrawal"",""amount_min"":0.01,""amount_max"":999999999,""amount_multiples"":0.01,""units_min"":0.001,""units_max"":999999999,""units_multiples"":0.001},{""type"":""sip"",""frequency"":""monthly"",""amount_min"":100,""amount_max"":999999999,""amount_multiples"":1,""installments_min"":6,""dates"":[1,2,3,4,5,6,7,8,9,10,11,12,13,14,15,16,17,18,19,20,21,22,23,24,25,26,27,28]},{""type"":""sip"",""frequency"":""daily"",""amount_min"":100,""amount_max"":999999999,""amount_multiples"":1,""installments_min"":6,""dates"":[]},{""type"":""sip"",""frequency"":""calendar_day_daily"",""amount_min"":100,""amount_max"":999999999,""amount_multiples"":1,""installments_min"":6,""dates"":[]}]"
286,cybrillapoa,ICICI PRUDENTIAL EQUITY & DEBT FUND - HALF YEARLY IDCW,ICICI PRUDENTIAL MUTUAL FUND,INF109KA1X85,regular,idcw_half_yearly,reinvestment,true,"[{""type"":""withdrawal"",""amount_min"":0.01,""amount_max"":999999999,""amount_multiples"":0.01,""units_min"":0.001,""units_max"":999999999,""units_multiples"":0.001}]"
287,cybrillapoa,ICICI PRUDENTIAL EQUITY & DEBT FUND - MONTHLY IDCW,ICICI PRUDENTIAL MUTUAL FUND,INF109K01498,regular,idcw_monthly,reinvestment,true,"[{""type"":""withdrawal"",""amount_min"":0.01,""amount_max"":999999999,""amount_multiples"":0.01,""units_min"":0.001,""units_max"":999999999,""units_multiples"":0.001}]"
288,cybrillapoa,ICICI PRUDENTIAL EQUITY ARBITRAGE FUND - BONUS,ICICI PRUDENTIAL MUTUAL FUND,INF109KA1C15,regular,bonus,,true,"[{""type"":""withdrawal"",""amount_min"":0.01,""amount_max"":999999999,""amount_multiples"":0.01,""units_min"":0.001,""units_max"":999999999,""units_multiples"":0.001}]"
289,cybrillapoa,ICICI PRUDENTIAL EQUITY ARBITRAGE FUND - GROWTH,ICICI PRUDENTIAL MUTUAL FUND,INF109K01BF6,regular,growth,,true,"[{""type"":""lumpsum"",""amount_min"":5000,""additional_amount_min"":1000,""amount_max"":999999999,""additional_amount_max"":999999999,""amount_multiples"":1,""additional_amount_multiples"":1},{""type"":""withdrawal"",""amount_min"":0.01,""amount_max"":999999999,""amount_multiples"":0.01,""units_min"":0.001,""units_max"":999999999,""units_multiples"":0.001},{""type"":""sip"",""frequency"":""monthly"",""amount_min"":1000,""amount_max"":999999999,""amount_multiples"":1,""installments_min"":6,""dates"":[1,2,3,4,5,6,7,8,9,10,11,12,13,14,15,16,17,18,19,20,21,22,23,24,25,26,27,28]},{""type"":""sip"",""frequency"":""daily"",""amount_min"":1000,""amount_max"":999999999,""amount_multiples"":1,""installments_min"":6,""dates"":[]},{""type"":""sip"",""frequency"":""calendar_day_daily"",""amount_min"":1000,""amount_max"":999999999,""amount_multiples"":1,""installments_min"":6,""dates"":[]}]"
290,cybrillapoa,ICICI PRUDENTIAL EQUITY ARBITRAGE FUND - IDCW,ICICI PRUDENTIAL MUTUAL FUND,INF109K01BE9,regular,idcw,reinvestment,true,"[{""type"":""lumpsum"",""amount_min"":5000,""additional_amount_min"":1000,""amount_max"":999999999,""additional_amount_max"":999999999,""amount_multiples"":1,""additional_amount_multiples"":1},{""type"":""withdrawal"",""amount_min"":0.01,""amount_max"":999999999,""amount_multiples"":0.01,""units_min"":0.001,""units_max"":999999999,""units_multiples"":0.001},{""type"":""sip"",""frequency"":""monthly"",""amount_min"":1000,""amount_max"":999999999,""amount_multiples"":1,""installments_min"":6,""dates"":[1,2,3,4,5,6,7,8,9,10,11,12,13,14,15,16,17,18,19,20,21,22,23,24,25,26,27,28]},{""type"":""sip"",""frequency"":""daily"",""amount_min"":1000,""amount_max"":999999999,""amount_multiples"":1,""installments_min"":6,""dates"":[]},{""type"":""sip"",""frequency"":""calendar_day_daily"",""amount_min"":1000,""amount_max"":999999999,""amount_multiples"":1,""installments_min"":6,""dates"":[]}]"
291,cybrillapoa,ICICI PRUDENTIAL EQUITY MINIMUM VARIANCE FUND - GROWTH,ICICI PRUDENTIAL MUTUAL FUND,INF109KC17X3,regular,growth,,true,"[{""type"":""lumpsum"",""amount_min"":5000,""additional_amount_min"":1000,""amount_max"":999999999,""additional_amount_max"":999999999,""amount_multiples"":1,""additional_amount_multiples"":1},{""type"":""withdrawal"",""amount_min"":0,""amount_max"":999999999,""amount_multiples"":1,""units_min"":0.001,""units_max"":999999999,""units_multiples"":0.001},{""type"":""sip"",""frequency"":""monthly"",""amount_min"":100,""amount_max"":999999999,""amount_multiples"":1,""installments_min"":6,""dates"":[1,2,3,4,5,6,7,8,9,10,11,12,13,14,15,16,17,18,19,20,21,22,23,24,25,26,27,28]},{""type"":""sip"",""frequency"":""daily"",""amount_min"":100,""amount_max"":999999999,""amount_multiples"":1,""installments_min"":6,""dates"":[]},{""type"":""sip"",""frequency"":""calendar_day_daily"",""amount_min"":100,""amount_max"":999999999,""amount_multiples"":1,""installments_min"":6,""dates"":[]}]"
292,cybrillapoa,ICICI PRUDENTIAL EQUITY MINIMUM VARIANCE FUND - IDCW,ICICI PRUDENTIAL MUTUAL FUND,INF109KC18X1,regular,idcw,reinvestment,true,"[{""type"":""lumpsum"",""amount_min"":5000,""additional_amount_min"":1000,""amount_max"":999999999,""additional_amount_max"":999999999,""amount_multiples"":1,""additional_amount_multiples"":1},{""type"":""withdrawal"",""amount_min"":0,""amount_max"":999999999,""amount_multiples"":1,""units_min"":0.001,""units_max"":999999999,""units_multiples"":0.001},{""type"":""sip"",""frequency"":""monthly"",""amount_min"":100,""amount_max"":999999999,""amount_multiples"":1,""installments_min"":6,""dates"":[1,2,3,4,5,6,7,8,9,10,11,12,13,14,15,16,17,18,19,20,21,22,23,24,25,26,27,28]},{""type"":""sip"",""frequency"":""daily"",""amount_min"":100,""amount_max"":999999999,""amount_multiples"":1,""installments_min"":6,""dates"":[]},{""type"":""sip"",""frequency"":""calendar_day_daily"",""amount_min"":100,""amount_max"":999999999,""amount_multiples"":1,""installments_min"":6,""dates"":[]}]"
293,cybrillapoa,ICICI PRUDENTIAL EQUITY SAVINGS FUND - CUMULATIVE OPTION,ICICI PRUDENTIAL MUTUAL FUND,INF109KA14I5,regular,growth,,true,"[{""type"":""lumpsum"",""amount_min"":5000,""additional_amount_min"":1000,""amount_max"":999999999,""additional_amount_max"":999999999,""amount_multiples"":1,""additional_amount_multiples"":1},{""type"":""withdrawal"",""amount_min"":0.01,""amount_max"":999999999,""amount_multiples"":0.01,""units_min"":0.001,""units_max"":999999999,""units_multiples"":0.001},{""type"":""sip"",""frequency"":""monthly"",""amount_min"":100,""amount_max"":999999999,""amount_multiples"":1,""installments_min"":6,""dates"":[1,2,3,4,5,6,7,8,9,10,11,12,13,14,15,16,17,18,19,20,21,22,23,24,25,26,27,28]},{""type"":""sip"",""frequency"":""daily"",""amount_min"":100,""amount_max"":999999999,""amount_multiples"":1,""installments_min"":6,""dates"":[]},{""type"":""sip"",""frequency"":""calendar_day_daily"",""amount_min"":100,""amount_max"":999999999,""amount_multiples"":1,""installments_min"":6,""dates"":[]}]"
294,cybrillapoa,ICICI PRUDENTIAL EQUITY SAVINGS FUND - QUARTERLY IDCW,ICICI PRUDENTIAL MUTUAL FUND,INF109KA19I4,regular,idcw_quarterly,reinvestment,true,"[{""type"":""lumpsum"",""amount_min"":5000,""additional_amount_min"":1000,""amount_max"":999999999,""additional_amount_max"":999999999,""amount_multiples"":1,""additional_amount_multiples"":1},{""type"":""withdrawal"",""amount_min"":0.01,""amount_max"":999999999,""amount_multiples"":0.01,""units_min"":0.001,""units_max"":999999999,""units_multiples"":0.001},{""type"":""sip"",""frequency"":""monthly"",""amount_min"":100,""amount_max"":999999999,""amount_multiples"":1,""installments_min"":6,""dates"":[1,2,3,4,5,6,7,8,9,10,11,12,13,14,15,16,17,18,19,20,21,22,23,24,25,26,27,28]},{""type"":""sip"",""frequency"":""daily"",""amount_min"":100,""amount_max"":999999999,""amount_multiples"":1,""installments_min"":6,""dates"":[]},{""type"":""sip"",""frequency"":""calendar_day_daily"",""amount_min"":100,""amount_max"":999999999,""amount_multiples"":1,""installments_min"":6,""dates"":[]}]"
295,cybrillapoa,ICICI PRUDENTIAL ESG EXCLUSIONARY STRATEGY FUND - GROWTH,ICICI PRUDENTIAL MUTUAL FUND,INF109KC1N75,regular,growth,,true,"[{""type"":""lumpsum"",""amount_min"":5000,""additional_amount_min"":1000,""amount_max"":999999999,""additional_amount_max"":999999999,""amount_multiples"":1,""additional_amount_multiples"":1},{""type"":""withdrawal"",""amount_min"":1,""amount_max"":999999999,""amount_multiples"":0.01,""units_min"":0.001,""units_max"":999999999,""units_multiples"":0.001},{""type"":""sip"",""frequency"":""monthly"",""amount_min"":100,""amount_max"":999999999,""amount_multiples"":1,""installments_min"":6,""dates"":[1,2,3,4,5,6,7,8,9,10,11,12,13,14,15,16,17,18,19,20,21,22,23,24,25,26,27,28]},{""type"":""sip"",""frequency"":""daily"",""amount_min"":100,""amount_max"":999999999,""amount_multiples"":1,""installments_min"":6,""dates"":[]},{""type"":""sip"",""frequency"":""calendar_day_daily"",""amount_min"":100,""amount_max"":999999999,""amount_multiples"":1,""installments_min"":6,""dates"":[]}]"
296,cybrillapoa,ICICI PRUDENTIAL ESG EXCLUSIONARY STRATEGY FUND - IDCW,ICICI PRUDENTIAL MUTUAL FUND,INF109KC1N83,regular,idcw,reinvestment,true,"[{""type"":""lumpsum"",""amount_min"":5000,""additional_amount_min"":1000,""amount_max"":999999999,""additional_amount_max"":999999999,""amount_multiples"":1,""additional_amount_multiples"":1},{""type"":""withdrawal"",""amount_min"":1,""amount_max"":999999999,""amount_multiples"":0.01,""units_min"":0.001,""units_max"":999999999,""units_multiples"":0.001},{""type"":""sip"",""frequency"":""monthly"",""amount_min"":100,""amount_max"":999999999,""amount_multiples"":1,""installments_min"":6,""dates"":[1,2,3,4,5,6,7,8,9,10,11,12,13,14,15,16,17,18,19,20,21,22,23,24,25,26,27,28]},{""type"":""sip"",""frequency"":""daily"",""amount_min"":100,""amount_max"":999999999,""amount_multiples"":1,""installments_min"":6,""dates"":[]},{""type"":""sip"",""frequency"":""calendar_day_daily"",""amount_min"":100,""amount_max"":999999999,""amount_multiples"":1,""installments_min"":6,""dates"":[]}]"
297,cybrillapoa,ICICI PRUDENTIAL EXPORTS & SERVICES FUND - GROWTH,ICICI PRUDENTIAL MUTUAL FUND,INF109K01BB5,regular,growth,,true,"[{""type"":""lumpsum"",""amount_min"":5000,""additional_amount_min"":1000,""amount_max"":999999999,""additional_amount_max"":999999999,""amount_multiples"":1,""additional_amount_multiples"":1},{""type"":""withdrawal"",""amount_min"":0.01,""amount_max"":999999999,""amount_multiples"":0.01,""units_min"":0.001,""units_max"":999999999,""units_multiples"":0.001},{""type"":""sip"",""frequency"":""monthly"",""amount_min"":100,""amount_max"":999999999,""amount_multiples"":1,""installments_min"":6,""dates"":[1,2,3,4,5,6,7,8,9,10,11,12,13,14,15,16,17,18,19,20,21,22,23,24,25,26,27,28]},{""type"":""sip"",""frequency"":""daily"",""amount_min"":100,""amount_max"":999999999,""amount_multiples"":1,""installments_min"":6,""dates"":[]},{""type"":""sip"",""frequency"":""calendar_day_daily"",""amount_min"":100,""amount_max"":999999999,""amount_multiples"":1,""installments_min"":6,""dates"":[]}]"
298,cybrillapoa,ICICI PRUDENTIAL EXPORTS & SERVICES FUND - IDCW,ICICI PRUDENTIAL MUTUAL FUND,INF109K01BA7,regular,idcw,reinvestment,true,"[{""type"":""lumpsum"",""amount_min"":5000,""additional_amount_min"":1000,""amount_max"":999999999,""additional_amount_max"":999999999,""amount_multiples"":1,""additional_amount_multiples"":1},{""type"":""withdrawal"",""amount_min"":0.01,""amount_max"":999999999,""amount_multiples"":0.01,""units_min"":0.001,""units_max"":999999999,""units_multiples"":0.001},{""type"":""sip"",""frequency"":""monthly"",""amount_min"":100,""amount_max"":999999999,""amount_multiples"":1,""installments_min"":6,""dates"":[1,2,3,4,5,6,7,8,9,10,11,12,13,14,15,16,17,18,19,20,21,22,23,24,25,26,27,28]},{""type"":""sip"",""frequency"":""daily"",""amount_min"":100,""amount_max"":999999999,""amount_multiples"":1,""installments_min"":6,""dates"":[]},{""type"":""sip"",""frequency"":""calendar_day_daily"",""amount_min"":100,""amount_max"":999999999,""amount_multiples"":1,""installments_min"":6,""dates"":[]}]"
299,cybrillapoa,ICICI PRUDENTIAL FLEXICAP FUND - GROWTH,ICICI PRUDENTIAL MUTUAL FUND,INF109KC1Q80,regular,growth,,true,"[{""type"":""lumpsum"",""amount_min"":5000,""additional_amount_min"":1000,""amount_max"":999999999,""additional_amount_max"":999999999,""amount_multiples"":1,""additional_amount_multiples"":1},{""type"":""withdrawal"",""amount_min"":1,""amount_max"":999999999,""amount_multiples"":0.01,""units_min"":0.001,""units_max"":999999999,""units_multiples"":0.001},{""type"":""sip"",""frequency"":""monthly"",""amount_min"":100,""amount_max"":999999999,""amount_multiples"":1,""installments_min"":6,""dates"":[1,2,3,4,5,6,7,8,9,10,11,12,13,14,15,16,17,18,19,20,21,22,23,24,25,26,27,28]}]"
300,cybrillapoa,ICICI PRUDENTIAL FLEXICAP FUND - IDCW,ICICI PRUDENTIAL MUTUAL FUND,INF109KC1Q98,regular,idcw,payout,true,"[{""type"":""lumpsum"",""amount_min"":5000,""additional_amount_min"":1000,""amount_max"":999999999,""additional_amount_max"":999999999,""amount_multiples"":1,""additional_amount_multiples"":1},{""type"":""withdrawal"",""amount_min"":1,""amount_max"":999999999,""amount_multiples"":0.01,""units_min"":0.001,""units_max"":999999999,""units_multiples"":0.001},{""type"":""sip"",""frequency"":""monthly"",""amount_min"":100,""amount_max"":999999999,""amount_multiples"":1,""installments_min"":6,""dates"":[1,2,3,4,5,6,7,8,9,10,11,12,13,14,15,16,17,18,19,20,21,22,23,24,25,26,27,28]}]"
301,cybrillapoa,ICICI PRUDENTIAL FLOATING INTEREST FUND - BONUS,ICICI PRUDENTIAL MUTUAL FUND,INF109KA1I43,regular,bonus,,true,"[{""type"":""withdrawal"",""amount_min"":0.01,""amount_max"":999999999,""amount_multiples"":0.01,""units_min"":0.001,""units_max"":999999999,""units_multiples"":0.001}]"
302,cybrillapoa,ICICI PRUDENTIAL FLOATING INTEREST FUND - GROWTH,ICICI PRUDENTIAL MUTUAL FUND,INF109K01AX1,regular,growth,,true,"[{""type"":""lumpsum"",""amount_min"":500,""additional_amount_min"":100,""amount_max"":999999999,""additional_amount_max"":999999999,""amount_multiples"":1,""additional_amount_multiples"":1},{""type"":""withdrawal"",""amount_min"":0.01,""amount_max"":999999999,""amount_multiples"":0.01,""units_min"":0.001,""units_max"":999999999,""units_multiples"":0.001},{""type"":""sip"",""frequency"":""monthly"",""amount_min"":100,""amount_max"":999999999,""amount_multiples"":1,""installments_min"":6,""dates"":[1,2,3,4,5,6,7,8,9,10,11,12,13,14,15,16,17,18,19,20,21,22,23,24,25,26,27,28]},{""type"":""sip"",""frequency"":""daily"",""amount_min"":100,""amount_max"":999999999,""amount_multiples"":1,""installments_min"":6,""dates"":[]},{""type"":""sip"",""frequency"":""calendar_day_daily"",""amount_min"":100,""amount_max"":999999999,""amount_multiples"":1,""installments_min"":6,""dates"":[]}]"
303,cybrillapoa,ICICI PRUDENTIAL FLOATING INTEREST FUND - IDCW OTHERS,ICICI PRUDENTIAL MUTUAL FUND,INF109K01WP1,regular,idcw,reinvestment,true,"[{""type"":""lumpsum"",""amount_min"":500,""additional_amount_min"":100,""amount_max"":999999999,""additional_amount_max"":999999999,""amount_multiples"":1,""additional_amount_multiples"":1},{""type"":""withdrawal"",""amount_min"":0.01,""amount_max"":999999999,""amount_multiples"":0.01,""units_min"":0.001,""units_max"":999999999,""units_multiples"":0.001},{""type"":""sip"",""frequency"":""monthly"",""amount_min"":100,""amount_max"":999999999,""amount_multiples"":1,""installments_min"":6,""dates"":[1,2,3,4,5,6,7,8,9,10,11,12,13,14,15,16,17,18,19,20,21,22,23,24,25,26,27,28]},{""type"":""sip"",""frequency"":""daily"",""amount_min"":100,""amount_max"":999999999,""amount_multiples"":1,""installments_min"":6,""dates"":[]},{""type"":""sip"",""frequency"":""calendar_day_daily"",""amount_min"":100,""amount_max"":999999999,""amount_multiples"":1,""installments_min"":6,""dates"":[]}]"
304,cybrillapoa,ICICI PRUDENTIAL FLOATING INTEREST FUND - WEEKLY IDCW,ICICI PRUDENTIAL MUTUAL FUND,INF109K01AY9,regular,idcw_weekly,reinvestment,true,"[{""type"":""lumpsum"",""amount_min"":500,""additional_amount_min"":100,""amount_max"":999999999,""additional_amount_max"":999999999,""amount_multiples"":1,""additional_amount_multiples"":1},{""type"":""withdrawal"",""amount_min"":0.01,""amount_max"":999999999,""amount_multiples"":0.01,""units_min"":0.001,""units_max"":999999999,""units_multiples"":0.001},{""type"":""sip"",""frequency"":""monthly"",""amount_min"":100,""amount_max"":999999999,""amount_multiples"":1,""installments_min"":6,""dates"":[1,2,3,4,5,6,7,8,9,10,11,12,13,14,15,16,17,18,19,20,21,22,23,24,25,26,27,28]},{""type"":""sip"",""frequency"":""daily"",""amount_min"":100,""amount_max"":999999999,""amount_multiples"":1,""installments_min"":6,""dates"":[]},{""type"":""sip"",""frequency"":""calendar_day_daily"",""amount_min"":100,""amount_max"":999999999,""amount_multiples"":1,""installments_min"":6,""dates"":[]}]"
305,cybrillapoa,ICICI PRUDENTIAL FLOATING INTEREST FUND PLAN A - GROWTH,ICICI PRUDENTIAL MUTUAL FUND,INF109K01936,regular,growth,,true,"[{""type"":""withdrawal"",""amount_min"":0.01,""amount_max"":999999999,""amount_multiples"":0.01,""units_min"":0.001,""units_max"":999999999,""units_multiples"":0.001}]"
306,cybrillapoa,ICICI PRUDENTIAL FLOATING INTEREST FUND PLAN A - WEEKLY DIVIDEND OPTION,ICICI PRUDENTIAL MUTUAL FUND,INF109K01944,regular,idcw_weekly,reinvestment,true,"[{""type"":""withdrawal"",""amount_min"":0.01,""amount_max"":999999999,""amount_multiples"":0.01,""units_min"":0.001,""units_max"":999999999,""units_multiples"":0.001}]"
307,cybrillapoa,ICICI PRUDENTIAL FLOATING INTEREST FUND PLAN B - GROWTH,ICICI PRUDENTIAL MUTUAL FUND,INF109K01977,regular,growth,,true,"[{""type"":""withdrawal"",""amount_min"":0.01,""amount_max"":999999999,""amount_multiples"":0.01,""units_min"":0.001,""units_max"":999999999,""units_multiples"":0.001}]"
308,cybrillapoa,ICICI PRUDENTIAL FLOATING INTEREST FUND PLAN B - WEEKLY DIVIDEND OPTION,ICICI PRUDENTIAL MUTUAL FUND,INF109K01985,regular,idcw_weekly,reinvestment,true,"[{""type"":""withdrawal"",""amount_min"":0.01,""amount_max"":999999999,""amount_multiples"":0.01,""units_min"":0.001,""units_max"":999999999,""units_multiples"":0.001}]"
309,cybrillapoa,ICICI PRUDENTIAL FMCG FUND - GROWTH,ICICI PRUDENTIAL MUTUAL FUND,INF109K01415,regular,growth,,true,"[{""type"":""lumpsum"",""amount_min"":5000,""additional_amount_min"":1000,""amount_max"":999999999,""additional_amount_max"":999999999,""amount_multiples"":1,""additional_amount_multiples"":1},{""type"":""withdrawal"",""amount_min"":0.01,""amount_max"":999999999,""amount_multiples"":0.01,""units_min"":0.001,""units_max"":999999999,""units_multiples"":0.001},{""type"":""sip"",""frequency"":""monthly"",""amount_min"":100,""amount_max"":999999999,""amount_multiples"":1,""installments_min"":6,""dates"":[1,2,3,4,5,6,7,8,9,10,11,12,13,14,15,16,17,18,19,20,21,22,23,24,25,26,27,28]},{""type"":""sip"",""frequency"":""daily"",""amount_min"":100,""amount_max"":999999999,""amount_multiples"":1,""installments_min"":6,""dates"":[]},{""type"":""sip"",""frequency"":""calendar_day_daily"",""amount_min"":100,""amount_max"":999999999,""amount_multiples"":1,""installments_min"":6,""dates"":[]}]"
310,cybrillapoa,ICICI PRUDENTIAL FMCG FUND - IDCW,ICICI PRUDENTIAL MUTUAL FUND,INF109K01423,regular,idcw,reinvestment,true,"[{""type"":""lumpsum"",""amount_min"":5000,""additional_amount_min"":1000,""amount_max"":999999999,""additional_amount_max"":999999999,""amount_multiples"":1,""additional_amount_multiples"":1},{""type"":""withdrawal"",""amount_min"":0.01,""amount_max"":999999999,""amount_multiples"":0.01,""units_min"":0.001,""units_max"":999999999,""units_multiples"":0.001},{""type"":""sip"",""frequency"":""monthly"",""amount_min"":100,""amount_max"":999999999,""amount_multiples"":1,""installments_min"":6,""dates"":[1,2,3,4,5,6,7,8,9,10,11,12,13,14,15,16,17,18,19,20,21,22,23,24,25,26,27,28]},{""type"":""sip"",""frequency"":""daily"",""amount_min"":100,""amount_max"":999999999,""amount_multiples"":1,""installments_min"":6,""dates"":[]},{""type"":""sip"",""frequency"":""calendar_day_daily"",""amount_min"":100,""amount_max"":999999999,""amount_multiples"":1,""installments_min"":6,""dates"":[]}]"
311,cybrillapoa,ICICI PRUDENTIAL FOCUSED EQUITY FUND - GROWTH,ICICI PRUDENTIAL MUTUAL FUND,INF109K01BZ4,regular,growth,,true,"[{""type"":""lumpsum"",""amount_min"":5000,""additional_amount_min"":1000,""amount_max"":999999999,""additional_amount_max"":999999999,""amount_multiples"":1,""additional_amount_multiples"":1},{""type"":""withdrawal"",""amount_min"":0.01,""amount_max"":999999999,""amount_multiples"":0.01,""units_min"":0.001,""units_max"":999999999,""units_multiples"":0.001},{""type"":""sip"",""frequency"":""monthly"",""amount_min"":100,""amount_max"":999999999,""amount_multiples"":1,""installments_min"":6,""dates"":[1,2,3,4,5,6,7,8,9,10,11,12,13,14,15,16,17,18,19,20,21,22,23,24,25,26,27,28]},{""type"":""sip"",""frequency"":""daily"",""amount_min"":100,""amount_max"":999999999,""amount_multiples"":1,""installments_min"":6,""dates"":[]},{""type"":""sip"",""frequency"":""calendar_day_daily"",""amount_min"":100,""amount_max"":999999999,""amount_multiples"":1,""installments_min"":6,""dates"":[]}]"
312,cybrillapoa,ICICI PRUDENTIAL FOCUSED EQUITY FUND - IDCW,ICICI PRUDENTIAL MUTUAL FUND,INF109K01CA5,regular,idcw,reinvestment,true,"[{""type"":""lumpsum"",""amount_min"":5000,""additional_amount_min"":1000,""amount_max"":999999999,""additional_amount_max"":999999999,""amount_multiples"":1,""additional_amount_multiples"":1},{""type"":""withdrawal"",""amount_min"":0.01,""amount_max"":999999999,""amount_multiples"":0.01,""units_min"":0.001,""units_max"":999999999,""units_multiples"":0.001},{""type"":""sip"",""frequency"":""monthly"",""amount_min"":100,""amount_max"":999999999,""amount_multiples"":1,""installments_min"":6,""dates"":[1,2,3,4,5,6,7,8,9,10,11,12,13,14,15,16,17,18,19,20,21,22,23,24,25,26,27,28]},{""type"":""sip"",""frequency"":""daily"",""amount_min"":100,""amount_max"":999999999,""amount_multiples"":1,""installments_min"":6,""dates"":[]},{""type"":""sip"",""frequency"":""calendar_day_daily"",""amount_min"":100,""amount_max"":999999999,""amount_multiples"":1,""installments_min"":6,""dates"":[]}]"
313,cybrillapoa,ICICI PRUDENTIAL GILT FUND - BONUS,ICICI PRUDENTIAL MUTUAL FUND,INF109KA1H10,regular,bonus,,true,"[{""type"":""withdrawal"",""amount_min"":0.01,""amount_max"":999999999,""amount_multiples"":0.01,""units_min"":0.001,""units_max"":999999999,""units_multiples"":0.001}]"
314,cybrillapoa,ICICI PRUDENTIAL GILT FUND - GROWTH,ICICI PRUDENTIAL MUTUAL FUND,INF109K01JR4,regular,growth,,true,"[{""type"":""lumpsum"",""amount_min"":5000,""additional_amount_min"":5000,""amount_max"":999999999,""additional_amount_max"":999999999,""amount_multiples"":1,""additional_amount_multiples"":1},{""type"":""withdrawal"",""amount_min"":0.01,""amount_max"":999999999,""amount_multiples"":0.01,""units_min"":0.001,""units_max"":999999999,""units_multiples"":0.001},{""type"":""sip"",""frequency"":""monthly"",""amount_min"":1000,""amount_max"":999999999,""amount_multiples"":1,""installments_min"":6,""dates"":[1,2,3,4,5,6,7,8,9,10,11,12,13,14,15,16,17,18,19,20,21,22,23,24,25,26,27,28]},{""type"":""sip"",""frequency"":""daily"",""amount_min"":1000,""amount_max"":999999999,""amount_multiples"":1,""installments_min"":6,""dates"":[]},{""type"":""sip"",""frequency"":""calendar_day_daily"",""amount_min"":1000,""amount_max"":999999999,""amount_multiples"":1,""installments_min"":6,""dates"":[]}]"
315,cybrillapoa,ICICI PRUDENTIAL GILT FUND - IDCW,ICICI PRUDENTIAL MUTUAL FUND,INF109K01JP8,regular,idcw,reinvestment,true,"[{""type"":""lumpsum"",""amount_min"":5000,""additional_amount_min"":5000,""amount_max"":999999999,""additional_amount_max"":999999999,""amount_multiples"":1,""additional_amount_multiples"":1},{""type"":""withdrawal"",""amount_min"":0.01,""amount_max"":999999999,""amount_multiples"":0.01,""units_min"":0.001,""units_max"":999999999,""units_multiples"":0.001},{""type"":""sip"",""frequency"":""monthly"",""amount_min"":1000,""amount_max"":999999999,""amount_multiples"":1,""installments_min"":6,""dates"":[1,2,3,4,5,6,7,8,9,10,11,12,13,14,15,16,17,18,19,20,21,22,23,24,25,26,27,28]},{""type"":""sip"",""frequency"":""daily"",""amount_min"":1000,""amount_max"":999999999,""amount_multiples"":1,""installments_min"":6,""dates"":[]},{""type"":""sip"",""frequency"":""calendar_day_daily"",""amount_min"":1000,""amount_max"":999999999,""amount_multiples"":1,""installments_min"":6,""dates"":[]}]"
316,cybrillapoa,ICICI PRUDENTIAL GLOBAL ADVANTAGE FUND (FOF) - GROWTH OPTION,ICICI PRUDENTIAL MUTUAL FUND,INF109KC1F00,regular,growth,,true,"[{""type"":""withdrawal"",""amount_min"":0.01,""amount_max"":999999999,""amount_multiples"":0.01,""units_min"":0.001,""units_max"":999999999,""units_multiples"":0.001}]"
317,cybrillapoa,ICICI PRUDENTIAL GLOBAL ADVANTAGE FUND (FOF) - IDCW,ICICI PRUDENTIAL MUTUAL FUND,INF109KC1F18,regular,idcw,payout,true,"[{""type"":""withdrawal"",""amount_min"":0.01,""amount_max"":999999999,""amount_multiples"":0.01,""units_min"":0.001,""units_max"":999999999,""units_multiples"":0.001}]"
318,cybrillapoa,ICICI PRUDENTIAL GLOBAL STABLE EQUITY FUND (FOF) - GROWTH,ICICI PRUDENTIAL MUTUAL FUND,INF109KA1CB6,regular,growth,,true,"[{""type"":""withdrawal"",""amount_min"":0.01,""amount_max"":999999999,""amount_multiples"":0.01,""units_min"":0.001,""units_max"":999999999,""units_multiples"":0.001}]"
319,cybrillapoa,ICICI PRUDENTIAL GLOBAL STABLE EQUITY FUND (FOF) - IDCW,ICICI PRUDENTIAL MUTUAL FUND,INF109KA1CC4,regular,idcw,reinvestment,true,"[{""type"":""withdrawal"",""amount_min"":0.01,""amount_max"":999999999,""amount_multiples"":0.01,""units_min"":0.001,""units_max"":999999999,""units_multiples"":0.001}]"
320,cybrillapoa,ICICI PRUDENTIAL GOLD ETF FOF - GROWTH,ICICI PRUDENTIAL MUTUAL FUND,INF109K01TK8,regular,growth,,true,"[{""type"":""lumpsum"",""amount_min"":100,""additional_amount_min"":100,""amount_max"":999999999,""additional_amount_max"":999999999,""amount_multiples"":1,""additional_amount_multiples"":1},{""type"":""withdrawal"",""amount_min"":0.01,""amount_max"":999999999,""amount_multiples"":0.01,""units_min"":0.001,""units_max"":999999999,""units_multiples"":0.001},{""type"":""sip"",""frequency"":""monthly"",""amount_min"":100,""amount_max"":999999999,""amount_multiples"":1,""installments_min"":6,""dates"":[1,2,3,4,5,6,7,8,9,10,11,12,13,14,15,16,17,18,19,20,21,22,23,24,25,26,27,28]},{""type"":""sip"",""frequency"":""daily"",""amount_min"":100,""amount_max"":999999999,""amount_multiples"":1,""installments_min"":6,""dates"":[]},{""type"":""sip"",""frequency"":""calendar_day_daily"",""amount_min"":100,""amount_max"":999999999,""amount_multiples"":1,""installments_min"":6,""dates"":[]}]"
321,cybrillapoa,ICICI PRUDENTIAL GOLD ETF FOF - IDCW,ICICI PRUDENTIAL MUTUAL FUND,INF109K01TL6,regular,idcw,reinvestment,true,"[{""type"":""withdrawal"",""amount_min"":0.01,""amount_max"":999999999,""amount_multiples"":0.01,""units_min"":0.001,""units_max"":999999999,""units_multiples"":0.001}]"
322,cybrillapoa,ICICI PRUDENTIAL HOUSING OPPORTUNITIES FUND - GROWTH,ICICI PRUDENTIAL MUTUAL FUND,INF109KC17B9,regular,growth,,true,"[{""type"":""lumpsum"",""amount_min"":5000,""additional_amount_min"":1000,""amount_max"":999999999,""additional_amount_max"":999999999,""amount_multiples"":1,""additional_amount_multiples"":1},{""type"":""withdrawal"",""amount_min"":1,""amount_max"":999999999,""amount_multiples"":0,""units_min"":0.001,""units_max"":999999999,""units_multiples"":0.001},{""type"":""sip"",""frequency"":""monthly"",""amount_min"":100,""amount_max"":999999999,""amount_multiples"":1,""installments_min"":6,""dates"":[1,2,3,4,5,6,7,8,9,10,11,12,13,14,15,16,17,18,19,20,21,22,23,24,25,26,27,28]},{""type"":""sip"",""frequency"":""daily"",""amount_min"":100,""amount_max"":999999999,""amount_multiples"":1,""installments_min"":6,""dates"":[]},{""type"":""sip"",""frequency"":""calendar_day_daily"",""amount_min"":100,""amount_max"":999999999,""amount_multiples"":1,""installments_min"":6,""dates"":[]}]"
323,cybrillapoa,ICICI PRUDENTIAL HOUSING OPPORTUNITIES FUND - IDCW,ICICI PRUDENTIAL MUTUAL FUND,INF109KC19B5,regular,idcw,reinvestment,true,"[{""type"":""lumpsum"",""amount_min"":5000,""additional_amount_min"":1000,""amount_max"":999999999,""additional_amount_max"":999999999,""amount_multiples"":1,""additional_amount_multiples"":1},{""type"":""withdrawal"",""amount_min"":1,""amount_max"":999999999,""amount_multiples"":0,""units_min"":0.001,""units_max"":999999999,""units_multiples"":0.001},{""type"":""sip"",""frequency"":""monthly"",""amount_min"":100,""amount_max"":999999999,""amount_multiples"":1,""installments_min"":6,""dates"":[1,2,3,4,5,6,7,8,9,10,11,12,13,14,15,16,17,18,19,20,21,22,23,24,25,26,27,28]},{""type"":""sip"",""frequency"":""daily"",""amount_min"":100,""amount_max"":999999999,""amount_multiples"":1,""installments_min"":6,""dates"":[]},{""type"":""sip"",""frequency"":""calendar_day_daily"",""amount_min"":100,""amount_max"":999999999,""amount_multiples"":1,""installments_min"":6,""dates"":[]}]"
324,cybrillapoa,ICICI PRUDENTIAL INCOME PLUS ARBITRAGE OMNI FOF - GROWTH,ICICI PRUDENTIAL MUTUAL FUND,INF109K01811,regular,growth,,true,"[{""type"":""lumpsum"",""amount_min"":5000,""additional_amount_min"":500,""amount_max"":999999999,""additional_amount_max"":999999999,""amount_multiples"":1,""additional_amount_multiples"":1},{""type"":""withdrawal"",""amount_min"":0.01,""amount_max"":999999999,""amount_multiples"":0.01,""units_min"":0.001,""units_max"":999999999,""units_multiples"":0.001},{""type"":""sip"",""frequency"":""monthly"",""amount_min"":1000,""amount_max"":999999999,""amount_multiples"":1,""installments_min"":6,""dates"":[1,2,3,4,5,6,7,8,9,10,11,12,13,14,15,16,17,18,19,20,21,22,23,24,25,26,27,28]},{""type"":""sip"",""frequency"":""daily"",""amount_min"":1000,""amount_max"":999999999,""amount_multiples"":1,""installments_min"":6,""dates"":[]},{""type"":""sip"",""frequency"":""calendar_day_daily"",""amount_min"":1000,""amount_max"":999999999,""amount_multiples"":1,""installments_min"":6,""dates"":[]}]"
325,cybrillapoa,ICICI PRUDENTIAL INCOME PLUS ARBITRAGE OMNI FOF - IDCW,ICICI PRUDENTIAL MUTUAL FUND,INF109K01829,regular,idcw,reinvestment,true,"[{""type"":""withdrawal"",""amount_min"":0.01,""amount_max"":999999999,""amount_multiples"":0.01,""units_min"":0.001,""units_max"":999999999,""units_multiples"":0.001}]"
326,cybrillapoa,ICICI PRUDENTIAL INDIA EQUITY FOF - GROWTH,ICICI PRUDENTIAL MUTUAL FUND,INF109KC1I15,regular,growth,,true,"[{""type"":""lumpsum"",""amount_min"":500,""additional_amount_min"":500,""amount_max"":999999999,""additional_amount_max"":999999999,""amount_multiples"":1,""additional_amount_multiples"":1},{""type"":""withdrawal"",""amount_min"":1,""amount_max"":999999999,""amount_multiples"":0.01,""units_min"":0.001,""units_max"":999999999,""units_multiples"":0.001},{""type"":""sip"",""frequency"":""monthly"",""amount_min"":100,""amount_max"":999999999,""amount_multiples"":1,""installments_min"":6,""dates"":[1,2,3,4,5,6,7,8,9,10,11,12,13,14,15,16,17,18,19,20,21,22,23,24,25,26,27,28]}]"
327,cybrillapoa,ICICI PRUDENTIAL INDIA OPPORTUNITIES FUND - CUMULATIVE OPTION,ICICI PRUDENTIAL MUTUAL FUND,INF109KC1RE6,regular,growth,,true,"[{""type"":""lumpsum"",""amount_min"":5000,""additional_amount_min"":1000,""amount_max"":999999999,""additional_amount_max"":999999999,""amount_multiples"":1,""additional_amount_multiples"":1},{""type"":""withdrawal"",""amount_min"":0.01,""amount_max"":999999999,""amount_multiples"":0.01,""units_min"":0.001,""units_max"":999999999,""units_multiples"":0.001},{""type"":""sip"",""frequency"":""monthly"",""amount_min"":100,""amount_max"":999999999,""amount_multiples"":1,""installments_min"":6,""dates"":[1,2,3,4,5,6,7,8,9,10,11,12,13,14,15,16,17,18,19,20,21,22,23,24,25,26,27,28]},{""type"":""sip"",""frequency"":""daily"",""amount_min"":100,""amount_max"":999999999,""amount_multiples"":1,""installments_min"":6,""dates"":[]},{""type"":""sip"",""frequency"":""calendar_day_daily"",""amount_min"":100,""amount_max"":999999999,""amount_multiples"":1,""installments_min"":6,""dates"":[]}]"
328,cybrillapoa,ICICI PRUDENTIAL INDIA OPPORTUNITIES FUND - IDCW OPTION,ICICI PRUDENTIAL MUTUAL FUND,INF109KC1RF3,regular,idcw,reinvestment,true,"[{""type"":""lumpsum"",""amount_min"":5000,""additional_amount_min"":1000,""amount_max"":999999999,""additional_amount_max"":999999999,""amount_multiples"":1,""additional_amount_multiples"":1},{""type"":""withdrawal"",""amount_min"":0.01,""amount_max"":999999999,""amount_multiples"":0.01,""units_min"":0.001,""units_max"":999999999,""units_multiples"":0.001},{""type"":""sip"",""frequency"":""monthly"",""amount_min"":100,""amount_max"":999999999,""amount_multiples"":1,""installments_min"":6,""dates"":[1,2,3,4,5,6,7,8,9,10,11,12,13,14,15,16,17,18,19,20,21,22,23,24,25,26,27,28]},{""type"":""sip"",""frequency"":""daily"",""amount_min"":100,""amount_max"":999999999,""amount_multiples"":1,""installments_min"":6,""dates"":[]},{""type"":""sip"",""frequency"":""calendar_day_daily"",""amount_min"":100,""amount_max"":999999999,""amount_multiples"":1,""installments_min"":6,""dates"":[]}]"
329,cybrillapoa,ICICI PRUDENTIAL INFRASTRUCTURE FUND - GROWTH,ICICI PRUDENTIAL MUTUAL FUND,INF109K01AV5,regular,growth,,true,"[{""type"":""lumpsum"",""amount_min"":5000,""additional_amount_min"":1000,""amount_max"":999999999,""additional_amount_max"":999999999,""amount_multiples"":1,""additional_amount_multiples"":1},{""type"":""withdrawal"",""amount_min"":0.01,""amount_max"":999999999,""amount_multiples"":0.01,""units_min"":0.001,""units_max"":999999999,""units_multiples"":0.001},{""type"":""sip"",""frequency"":""monthly"",""amount_min"":100,""amount_max"":999999999,""amount_multiples"":1,""installments_min"":6,""dates"":[1,2,3,4,5,6,7,8,9,10,11,12,13,14,15,16,17,18,19,20,21,22,23,24,25,26,27,28]},{""type"":""sip"",""frequency"":""daily"",""amount_min"":100,""amount_max"":999999999,""amount_multiples"":1,""installments_min"":6,""dates"":[]},{""type"":""sip"",""frequency"":""calendar_day_daily"",""amount_min"":100,""amount_max"":999999999,""amount_multiples"":1,""installments_min"":6,""dates"":[]}]"
330,cybrillapoa,ICICI PRUDENTIAL INFRASTRUCTURE FUND - IDCW,ICICI PRUDENTIAL MUTUAL FUND,INF109K01AT9,regular,idcw,reinvestment,true,"[{""type"":""lumpsum"",""amount_min"":5000,""additional_amount_min"":1000,""amount_max"":999999999,""additional_amount_max"":999999999,""amount_multiples"":1,""additional_amount_multiples"":1},{""type"":""withdrawal"",""amount_min"":0.01,""amount_max"":999999999,""amount_multiples"":0.01,""units_min"":0.001,""units_max"":999999999,""units_multiples"":0.001},{""type"":""sip"",""frequency"":""monthly"",""amount_min"":100,""amount_max"":999999999,""amount_multiples"":1,""installments_min"":6,""dates"":[1,2,3,4,5,6,7,8,9,10,11,12,13,14,15,16,17,18,19,20,21,22,23,24,25,26,27,28]},{""type"":""sip"",""frequency"":""daily"",""amount_min"":100,""amount_max"":999999999,""amount_multiples"":1,""installments_min"":6,""dates"":[]},{""type"":""sip"",""frequency"":""calendar_day_daily"",""amount_min"":100,""amount_max"":999999999,""amount_multiples"":1,""installments_min"":6,""dates"":[]}]"
331,cybrillapoa,ICICI PRUDENTIAL INNOVATION FUND - GROWTH,ICICI PRUDENTIAL MUTUAL FUND,INF109KC19S9,regular,growth,,true,"[{""type"":""lumpsum"",""amount_min"":5000,""additional_amount_min"":1000,""amount_max"":999999999,""additional_amount_max"":999999999,""amount_multiples"":1,""additional_amount_multiples"":1},{""type"":""withdrawal"",""amount_min"":1,""amount_max"":999999999,""amount_multiples"":0.01,""units_min"":0.001,""units_max"":999999999,""units_multiples"":0.001},{""type"":""sip"",""frequency"":""monthly"",""amount_min"":100,""amount_max"":999999999,""amount_multiples"":1,""installments_min"":6,""dates"":[1,2,3,4,5,6,7,8,9,10,11,12,13,14,15,16,17,18,19,20,21,22,23,24,25,26,27,28]},{""type"":""sip"",""frequency"":""daily"",""amount_min"":100,""amount_max"":999999999,""amount_multiples"":1,""installments_min"":6,""dates"":[]},{""type"":""sip"",""frequency"":""calendar_day_daily"",""amount_min"":100,""amount_max"":999999999,""amount_multiples"":1,""installments_min"":6,""dates"":[]}]"
332,cybrillapoa,ICICI PRUDENTIAL INNOVATION FUND - IDCW,ICICI PRUDENTIAL MUTUAL FUND,INF109KC11T4,regular,idcw,reinvestment,true,"[{""type"":""lumpsum"",""amount_min"":5000,""additional_amount_min"":1000,""amount_max"":999999999,""additional_amount_max"":999999999,""amount_multiples"":1,""additional_amount_multiples"":1},{""type"":""withdrawal"",""amount_min"":1,""amount_max"":999999999,""amount_multiples"":0.01,""units_min"":0.001,""units_max"":999999999,""units_multiples"":0.001},{""type"":""sip"",""frequency"":""monthly"",""amount_min"":100,""amount_max"":999999999,""amount_multiples"":1,""installments_min"":6,""dates"":[1,2,3,4,5,6,7,8,9,10,11,12,13,14,15,16,17,18,19,20,21,22,23,24,25,26,27,28]},{""type"":""sip"",""frequency"":""daily"",""amount_min"":100,""amount_max"":999999999,""amount_multiples"":1,""installments_min"":6,""dates"":[]},{""type"":""sip"",""frequency"":""calendar_day_daily"",""amount_min"":100,""amount_max"":999999999,""amount_multiples"":1,""installments_min"":6,""dates"":[]}]"
333,cybrillapoa,ICICI PRUDENTIAL LARGE & MID CAP FUND - GROWTH,ICICI PRUDENTIAL MUTUAL FUND,INF109K01431,regular,growth,,true,"[{""type"":""lumpsum"",""amount_min"":5000,""additional_amount_min"":1000,""amount_max"":999999999,""additional_amount_max"":999999999,""amount_multiples"":1,""additional_amount_multiples"":1},{""type"":""withdrawal"",""amount_min"":0.01,""amount_max"":999999999,""amount_multiples"":0.01,""units_min"":0.001,""units_max"":999999999,""units_multiples"":0.001},{""type"":""sip"",""frequency"":""monthly"",""amount_min"":100,""amount_max"":999999999,""amount_multiples"":1,""installments_min"":6,""dates"":[1,2,3,4,5,6,7,8,9,10,11,12,13,14,15,16,17,18,19,20,21,22,23,24,25,26,27,28]},{""type"":""sip"",""frequency"":""daily"",""amount_min"":100,""amount_max"":999999999,""amount_multiples"":1,""installments_min"":6,""dates"":[]},{""type"":""sip"",""frequency"":""calendar_day_daily"",""amount_min"":100,""amount_max"":999999999,""amount_multiples"":1,""installments_min"":6,""dates"":[]}]"
334,cybrillapoa,ICICI PRUDENTIAL LARGE & MID CAP FUND - IDCW,ICICI PRUDENTIAL MUTUAL FUND,INF109K01449,regular,idcw,reinvestment,true,"[{""type"":""lumpsum"",""amount_min"":5000,""additional_amount_min"":1000,""amount_max"":999999999,""additional_amount_max"":999999999,""amount_multiples"":1,""additional_amount_multiples"":1},{""type"":""withdrawal"",""amount_min"":0.01,""amount_max"":999999999,""amount_multiples"":0.01,""units_min"":0.001,""units_max"":999999999,""units_multiples"":0.001},{""type"":""sip"",""frequency"":""monthly"",""amount_min"":100,""amount_max"":999999999,""amount_multiples"":1,""installments_min"":6,""dates"":[1,2,3,4,5,6,7,8,9,10,11,12,13,14,15,16,17,18,19,20,21,22,23,24,25,26,27,28]},{""type"":""sip"",""frequency"":""daily"",""amount_min"":100,""amount_max"":999999999,""amount_multiples"":1,""installments_min"":6,""dates"":[]},{""type"":""sip"",""frequency"":""calendar_day_daily"",""amount_min"":100,""amount_max"":999999999,""amount_multiples"":1,""installments_min"":6,""dates"":[]}]"
335,cybrillapoa,ICICI PRUDENTIAL LARGE CAP FUND (ERSTWHILE BLUECHIP FUND)  - GROWTH,ICICI PRUDENTIAL MUTUAL FUND,INF109K01BL4,regular,growth,,true,"[{""type"":""lumpsum"",""amount_min"":100,""additional_amount_min"":100,""amount_max"":999999999,""additional_amount_max"":999999999,""amount_multiples"":1,""additional_amount_multiples"":1},{""type"":""withdrawal"",""amount_min"":0.01,""amount_max"":999999999,""amount_multiples"":0.01,""units_min"":0.001,""units_max"":999999999,""units_multiples"":0.001},{""type"":""sip"",""frequency"":""monthly"",""amount_min"":100,""amount_max"":999999999,""amount_multiples"":1,""installments_min"":6,""dates"":[1,2,3,4,5,6,7,8,9,10,11,12,13,14,15,16,17,18,19,20,21,22,23,24,25,26,27,28]},{""type"":""sip"",""frequency"":""daily"",""amount_min"":20,""amount_max"":999999999,""amount_multiples"":1,""installments_min"":6,""dates"":[]},{""type"":""sip"",""frequency"":""calendar_day_daily"",""amount_min"":20,""amount_max"":999999999,""amount_multiples"":1,""installments_min"":6,""dates"":[]}]"
336,cybrillapoa,ICICI PRUDENTIAL LARGE CAP FUND (ERSTWHILE BLUECHIP FUND)  - IDCW,ICICI PRUDENTIAL MUTUAL FUND,INF109K01BM2,regular,idcw,reinvestment,true,"[{""type"":""lumpsum"",""amount_min"":100,""additional_amount_min"":100,""amount_max"":999999999,""additional_amount_max"":999999999,""amount_multiples"":1,""additional_amount_multiples"":1},{""type"":""withdrawal"",""amount_min"":0.01,""amount_max"":999999999,""amount_multiples"":0.01,""units_min"":0.001,""units_max"":999999999,""units_multiples"":0.001},{""type"":""sip"",""frequency"":""monthly"",""amount_min"":100,""amount_max"":999999999,""amount_multiples"":1,""installments_min"":6,""dates"":[1,2,3,4,5,6,7,8,9,10,11,12,13,14,15,16,17,18,19,20,21,22,23,24,25,26,27,28]},{""type"":""sip"",""frequency"":""daily"",""amount_min"":20,""amount_max"":999999999,""amount_multiples"":1,""installments_min"":6,""dates"":[]},{""type"":""sip"",""frequency"":""calendar_day_daily"",""amount_min"":20,""amount_max"":999999999,""amount_multiples"":1,""installments_min"":6,""dates"":[]}]"
337,cybrillapoa,ICICI PRUDENTIAL LIQUID FUND - GROWTH,ICICI PRUDENTIAL MUTUAL FUND,INF109K01VQ1,regular,growth,,true,"[{""type"":""lumpsum"",""amount_min"":99,""additional_amount_min"":1,""amount_max"":999999999,""additional_amount_max"":999999999,""amount_multiples"":1,""additional_amount_multiples"":1},{""type"":""withdrawal"",""amount_min"":0.01,""amount_max"":999999999,""amount_multiples"":0.01,""units_min"":0.001,""units_max"":999999999,""units_multiples"":0.001},{""type"":""sip"",""frequency"":""monthly"",""amount_min"":99,""amount_max"":999999999,""amount_multiples"":1,""installments_min"":6,""dates"":[1,2,3,4,5,6,7,8,9,10,11,12,13,14,15,16,17,18,19,20,21,22,23,24,25,26,27,28]},{""type"":""sip"",""frequency"":""daily"",""amount_min"":99,""amount_max"":999999999,""amount_multiples"":1,""installments_min"":6,""dates"":[]},{""type"":""sip"",""frequency"":""calendar_day_daily"",""amount_min"":99,""amount_max"":999999999,""amount_multiples"":1,""installments_min"":6,""dates"":[]}]"
338,cybrillapoa,ICICI PRUDENTIAL LIQUID FUND - WEEKLY IDCW,ICICI PRUDENTIAL MUTUAL FUND,INF109K01VS7,regular,idcw_weekly,payout,true,"[{""type"":""lumpsum"",""amount_min"":99,""additional_amount_min"":1,""amount_max"":999999999,""additional_amount_max"":999999999,""amount_multiples"":1,""additional_amount_multiples"":1},{""type"":""withdrawal"",""amount_min"":0.01,""amount_max"":999999999,""amount_multiples"":0.01,""units_min"":0.001,""units_max"":999999999,""units_multiples"":0.001},{""type"":""sip"",""frequency"":""monthly"",""amount_min"":99,""amount_max"":999999999,""amount_multiples"":1,""installments_min"":6,""dates"":[1,2,3,4,5,6,7,8,9,10,11,12,13,14,15,16,17,18,19,20,21,22,23,24,25,26,27,28]},{""type"":""sip"",""frequency"":""daily"",""amount_min"":99,""amount_max"":999999999,""amount_multiples"":1,""installments_min"":6,""dates"":[]},{""type"":""sip"",""frequency"":""calendar_day_daily"",""amount_min"":99,""amount_max"":999999999,""amount_multiples"":1,""installments_min"":6,""dates"":[]}]"
339,cybrillapoa,ICICI PRUDENTIAL LONG TERM BOND FUND - BONUS,ICICI PRUDENTIAL MUTUAL FUND,INF109KA1335,regular,bonus,,true,"[{""type"":""withdrawal"",""amount_min"":1,""amount_max"":999999999,""amount_multiples"":0.01,""units_min"":0.001,""units_max"":999999999,""units_multiples"":0.001}]"
340,cybrillapoa,ICICI PRUDENTIAL LONG TERM BOND FUND - GROWTH,ICICI PRUDENTIAL MUTUAL FUND,INF109K01365,regular,growth,,true,"[{""type"":""lumpsum"",""amount_min"":5000,""additional_amount_min"":1000,""amount_max"":999999999,""additional_amount_max"":999999999,""amount_multiples"":1,""additional_amount_multiples"":1},{""type"":""withdrawal"",""amount_min"":0.01,""amount_max"":999999999,""amount_multiples"":0.01,""units_min"":0.001,""units_max"":999999999,""units_multiples"":0.001},{""type"":""sip"",""frequency"":""monthly"",""amount_min"":1000,""amount_max"":999999999,""amount_multiples"":1,""installments_min"":6,""dates"":[1,2,3,4,5,6,7,8,9,10,11,12,13,14,15,16,17,18,19,20,21,22,23,24,25,26,27,28]},{""type"":""sip"",""frequency"":""daily"",""amount_min"":1000,""amount_max"":999999999,""amount_multiples"":1,""installments_min"":6,""dates"":[]},{""type"":""sip"",""frequency"":""calendar_day_daily"",""amount_min"":1000,""amount_max"":999999999,""amount_multiples"":1,""installments_min"":6,""dates"":[]}]"
341,cybrillapoa,ICICI PRUDENTIAL LONG TERM BOND FUND - QUARTERLY IDCW,ICICI PRUDENTIAL MUTUAL FUND,INF109K01399,regular,idcw_quarterly,reinvestment,true,"[{""type"":""lumpsum"",""amount_min"":5000,""additional_amount_min"":1000,""amount_max"":999999999,""additional_amount_max"":999999999,""amount_multiples"":1,""additional_amount_multiples"":1},{""type"":""withdrawal"",""amount_min"":0.01,""amount_max"":999999999,""amount_multiples"":0.01,""units_min"":0.001,""units_max"":999999999,""units_multiples"":0.001},{""type"":""sip"",""frequency"":""monthly"",""amount_min"":1000,""amount_max"":999999999,""amount_multiples"":1,""installments_min"":6,""dates"":[1,2,3,4,5,6,7,8,9,10,11,12,13,14,15,16,17,18,19,20,21,22,23,24,25,26,27,28]},{""type"":""sip"",""frequency"":""daily"",""amount_min"":1000,""amount_max"":999999999,""amount_multiples"":1,""installments_min"":6,""dates"":[]},{""type"":""sip"",""frequency"":""calendar_day_daily"",""amount_min"":1000,""amount_max"":999999999,""amount_multiples"":1,""installments_min"":6,""dates"":[]}]"
342,cybrillapoa,ICICI PRUDENTIAL LONG TERM BOND FUND-INSTITUTIONAL OPTION-GROWTH,ICICI PRUDENTIAL MUTUAL FUND,INF109K01407,regular,growth,,true,"[{""type"":""withdrawal"",""amount_min"":0.01,""amount_max"":999999999,""amount_multiples"":0.01,""units_min"":0.001,""units_max"":999999999,""units_multiples"":0.001}]"
343,cybrillapoa,ICICI PRUDENTIAL LONG TERM BOND FUND-INSTITUTIONAL QUARTERLY DIVIDEND,ICICI PRUDENTIAL MUTUAL FUND,INF109K01381,regular,idcw_quarterly,reinvestment,true,"[{""type"":""withdrawal"",""amount_min"":0.01,""amount_max"":999999999,""amount_multiples"":0.01,""units_min"":0.001,""units_max"":999999999,""units_multiples"":0.001}]"
344,cybrillapoa,ICICI PRUDENTIAL MANUFACTURING FUND - CUMULATIVE OPTION,ICICI PRUDENTIAL MUTUAL FUND,INF109KC1LG4,regular,growth,,true,"[{""type"":""lumpsum"",""amount_min"":5000,""additional_amount_min"":1000,""amount_max"":999999999,""additional_amount_max"":999999999,""amount_multiples"":1,""additional_amount_multiples"":1},{""type"":""withdrawal"",""amount_min"":0.01,""amount_max"":999999999,""amount_multiples"":0.01,""units_min"":0.001,""units_max"":999999999,""units_multiples"":0.001},{""type"":""sip"",""frequency"":""monthly"",""amount_min"":100,""amount_max"":999999999,""amount_multiples"":1,""installments_min"":6,""dates"":[1,2,3,4,5,6,7,8,9,10,11,12,13,14,15,16,17,18,19,20,21,22,23,24,25,26,27,28]},{""type"":""sip"",""frequency"":""daily"",""amount_min"":100,""amount_max"":999999999,""amount_multiples"":1,""installments_min"":6,""dates"":[]},{""type"":""sip"",""frequency"":""calendar_day_daily"",""amount_min"":100,""amount_max"":999999999,""amount_multiples"":1,""installments_min"":6,""dates"":[]}]"
345,cybrillapoa,ICICI PRUDENTIAL MANUFACTURING FUND - IDCW OPTION,ICICI PRUDENTIAL MUTUAL FUND,INF109KC1LH2,regular,idcw,payout,true,"[{""type"":""lumpsum"",""amount_min"":5000,""additional_amount_min"":1000,""amount_max"":999999999,""additional_amount_max"":999999999,""amount_multiples"":1,""additional_amount_multiples"":1},{""type"":""withdrawal"",""amount_min"":0.01,""amount_max"":999999999,""amount_multiples"":0.01,""units_min"":0.001,""units_max"":999999999,""units_multiples"":0.001},{""type"":""sip"",""frequency"":""monthly"",""amount_min"":100,""amount_max"":999999999,""amount_multiples"":1,""installments_min"":6,""dates"":[1,2,3,4,5,6,7,8,9,10,11,12,13,14,15,16,17,18,19,20,21,22,23,24,25,26,27,28]},{""type"":""sip"",""frequency"":""daily"",""amount_min"":100,""amount_max"":999999999,""amount_multiples"":1,""installments_min"":6,""dates"":[]},{""type"":""sip"",""frequency"":""calendar_day_daily"",""amount_min"":100,""amount_max"":999999999,""amount_multiples"":1,""installments_min"":6,""dates"":[]}]"
346,cybrillapoa,ICICI PRUDENTIAL MEDIUM TERM BOND FUND - BONUS,ICICI PRUDENTIAL MUTUAL FUND,INF109KA1B99,regular,bonus,,true,"[{""type"":""withdrawal"",""amount_min"":0.01,""amount_max"":999999999,""amount_multiples"":0.01,""units_min"":0.001,""units_max"":999999999,""units_multiples"":0.001}]"
347,cybrillapoa,ICICI PRUDENTIAL MEDIUM TERM BOND FUND - GROWTH,ICICI PRUDENTIAL MUTUAL FUND,INF109K01AH4,regular,growth,,true,"[{""type"":""lumpsum"",""amount_min"":5000,""additional_amount_min"":1000,""amount_max"":999999999,""additional_amount_max"":999999999,""amount_multiples"":1,""additional_amount_multiples"":1},{""type"":""withdrawal"",""amount_min"":0.01,""amount_max"":999999999,""amount_multiples"":0.01,""units_min"":0.001,""units_max"":999999999,""units_multiples"":0.001},{""type"":""sip"",""frequency"":""monthly"",""amount_min"":1000,""amount_max"":999999999,""amount_multiples"":1,""installments_min"":6,""dates"":[1,2,3,4,5,6,7,8,9,10,11,12,13,14,15,16,17,18,19,20,21,22,23,24,25,26,27,28]},{""type"":""sip"",""frequency"":""daily"",""amount_min"":1000,""amount_max"":999999999,""amount_multiples"":1,""installments_min"":6,""dates"":[]},{""type"":""sip"",""frequency"":""calendar_day_daily"",""amount_min"":1000,""amount_max"":999999999,""amount_multiples"":1,""installments_min"":6,""dates"":[]}]"
348,cybrillapoa,ICICI PRUDENTIAL MEDIUM TERM BOND FUND - QUARTERLY IDCW,ICICI PRUDENTIAL MUTUAL FUND,INF109K01IO3,regular,idcw_quarterly,reinvestment,true,"[{""type"":""lumpsum"",""amount_min"":5000,""additional_amount_min"":1000,""amount_max"":999999999,""additional_amount_max"":999999999,""amount_multiples"":1,""additional_amount_multiples"":1},{""type"":""withdrawal"",""amount_min"":0.01,""amount_max"":999999999,""amount_multiples"":0.01,""units_min"":0.001,""units_max"":999999999,""units_multiples"":0.001},{""type"":""sip"",""frequency"":""monthly"",""amount_min"":1000,""amount_max"":999999999,""amount_multiples"":1,""installments_min"":6,""dates"":[1,2,3,4,5,6,7,8,9,10,11,12,13,14,15,16,17,18,19,20,21,22,23,24,25,26,27,28]},{""type"":""sip"",""frequency"":""daily"",""amount_min"":1000,""amount_max"":999999999,""amount_multiples"":1,""installments_min"":6,""dates"":[]},{""type"":""sip"",""frequency"":""calendar_day_daily"",""amount_min"":1000,""amount_max"":999999999,""amount_multiples"":1,""installments_min"":6,""dates"":[]}]"
349,cybrillapoa,ICICI PRUDENTIAL MEDIUM TERM BOND FUND PLAN B - QUARTERLY DIVIDEND,ICICI PRUDENTIAL MUTUAL FUND,INF109K01IQ8,regular,idcw_quarterly,reinvestment,true,"[{""type"":""withdrawal"",""amount_min"":0.01,""amount_max"":999999999,""amount_multiples"":0.01,""units_min"":0.001,""units_max"":999999999,""units_multiples"":0.001}]"
350,cybrillapoa,ICICI PRUDENTIAL MEDIUM TERM BOND FUND PLAN C - QUARTERLY DIVIDEND,ICICI PRUDENTIAL MUTUAL FUND,INF109K01UN0,regular,idcw_quarterly,reinvestment,true,"[{""type"":""withdrawal"",""amount_min"":0.01,""amount_max"":999999999,""amount_multiples"":0.01,""units_min"":0.001,""units_max"":999999999,""units_multiples"":0.001}]"
351,cybrillapoa,ICICI PRUDENTIAL MEDIUM TERM BOND FUND-PLAN B-GROWTH,ICICI PRUDENTIAL MUTUAL FUND,INF109K01AJ0,regular,growth,,true,"[{""type"":""withdrawal"",""amount_min"":0.01,""amount_max"":999999999,""amount_multiples"":0.01,""units_min"":0.001,""units_max"":999999999,""units_multiples"":0.001}]"
352,cybrillapoa,ICICI PRUDENTIAL MIDCAP FUND - GROWTH,ICICI PRUDENTIAL MUTUAL FUND,INF109K01AN2,regular,growth,,true,"[{""type"":""withdrawal"",""amount_min"":0.01,""amount_max"":999999999,""amount_multiples"":0.01,""units_min"":0.001,""units_max"":999999999,""units_multiples"":0.001},{""type"":""sip"",""frequency"":""monthly"",""amount_min"":100,""amount_max"":999999999,""amount_multiples"":1,""installments_min"":6,""dates"":[1,2,3,4,5,6,7,8,9,10,11,12,13,14,15,16,17,18,19,20,21,22,23,24,25,26,27,28]},{""type"":""sip"",""frequency"":""daily"",""amount_min"":100,""amount_max"":999999999,""amount_multiples"":1,""installments_min"":6,""dates"":[]},{""type"":""sip"",""frequency"":""calendar_day_daily"",""amount_min"":100,""amount_max"":999999999,""amount_multiples"":1,""installments_min"":6,""dates"":[]}]"
353,cybrillapoa,ICICI PRUDENTIAL MIDCAP FUND - IDCW,ICICI PRUDENTIAL MUTUAL FUND,INF109K01AL6,regular,idcw,reinvestment,true,"[{""type"":""withdrawal"",""amount_min"":0.01,""amount_max"":999999999,""amount_multiples"":0.01,""units_min"":0.001,""units_max"":999999999,""units_multiples"":0.001},{""type"":""sip"",""frequency"":""monthly"",""amount_min"":100,""amount_max"":999999999,""amount_multiples"":1,""installments_min"":6,""dates"":[1,2,3,4,5,6,7,8,9,10,11,12,13,14,15,16,17,18,19,20,21,22,23,24,25,26,27,28]},{""type"":""sip"",""frequency"":""daily"",""amount_min"":100,""amount_max"":999999999,""amount_multiples"":1,""installments_min"":6,""dates"":[]},{""type"":""sip"",""frequency"":""calendar_day_daily"",""amount_min"":100,""amount_max"":999999999,""amount_multiples"":1,""installments_min"":6,""dates"":[]}]"
354,cybrillapoa,ICICI PRUDENTIAL MNC FUND - GROWTH OPTION,ICICI PRUDENTIAL MUTUAL FUND,INF109KC1D69,regular,growth,,true,"[{""type"":""lumpsum"",""amount_min"":5000,""additional_amount_min"":1000,""amount_max"":999999999,""additional_amount_max"":999999999,""amount_multiples"":1,""additional_amount_multiples"":1},{""type"":""withdrawal"",""amount_min"":0.01,""amount_max"":999999999,""amount_multiples"":0.01,""units_min"":0.001,""units_max"":999999999,""units_multiples"":0.001},{""type"":""sip"",""frequency"":""monthly"",""amount_min"":100,""amount_max"":999999999,""amount_multiples"":1,""installments_min"":6,""dates"":[1,2,3,4,5,6,7,8,9,10,11,12,13,14,15,16,17,18,19,20,21,22,23,24,25,26,27,28]},{""type"":""sip"",""frequency"":""daily"",""amount_min"":100,""amount_max"":999999999,""amount_multiples"":1,""installments_min"":6,""dates"":[]},{""type"":""sip"",""frequency"":""calendar_day_daily"",""amount_min"":100,""amount_max"":999999999,""amount_multiples"":1,""installments_min"":6,""dates"":[]}]"
355,cybrillapoa,ICICI PRUDENTIAL MNC FUND - IDCW OPTION,ICICI PRUDENTIAL MUTUAL FUND,INF109KC1D77,regular,idcw,payout,true,"[{""type"":""lumpsum"",""amount_min"":5000,""additional_amount_min"":1000,""amount_max"":999999999,""additional_amount_max"":999999999,""amount_multiples"":1,""additional_amount_multiples"":1},{""type"":""withdrawal"",""amount_min"":0.01,""amount_max"":999999999,""amount_multiples"":0.01,""units_min"":0.001,""units_max"":999999999,""units_multiples"":0.001},{""type"":""sip"",""frequency"":""monthly"",""amount_min"":100,""amount_max"":999999999,""amount_multiples"":1,""installments_min"":6,""dates"":[1,2,3,4,5,6,7,8,9,10,11,12,13,14,15,16,17,18,19,20,21,22,23,24,25,26,27,28]},{""type"":""sip"",""frequency"":""daily"",""amount_min"":100,""amount_max"":999999999,""amount_multiples"":1,""installments_min"":6,""dates"":[]},{""type"":""sip"",""frequency"":""calendar_day_daily"",""amount_min"":100,""amount_max"":999999999,""amount_multiples"":1,""installments_min"":6,""dates"":[]}]"
356,cybrillapoa,ICICI PRUDENTIAL MONEY MARKET FUND -BONUS,ICICI PRUDENTIAL MUTUAL FUND,INF109KA1H93,regular,bonus,,true,"[{""type"":""withdrawal"",""amount_min"":0.01,""amount_max"":999999999,""amount_multiples"":0.01,""units_min"":0.001,""units_max"":999999999,""units_multiples"":0.001}]"
357,cybrillapoa,ICICI PRUDENTIAL MONEY MARKET FUND OPTION - GROWTH,ICICI PRUDENTIAL MUTUAL FUND,INF109K01TX1,regular,growth,,true,"[{""type"":""lumpsum"",""amount_min"":500,""additional_amount_min"":1,""amount_max"":999999999,""additional_amount_max"":999999999,""amount_multiples"":1,""additional_amount_multiples"":1},{""type"":""withdrawal"",""amount_min"":0.01,""amount_max"":999999999,""amount_multiples"":0.01,""units_min"":0.001,""units_max"":999999999,""units_multiples"":0.001},{""type"":""sip"",""frequency"":""monthly"",""amount_min"":100,""amount_max"":999999999,""amount_multiples"":1,""installments_min"":6,""dates"":[1,2,3,4,5,6,7,8,9,10,11,12,13,14,15,16,17,18,19,20,21,22,23,24,25,26,27,28]},{""type"":""sip"",""frequency"":""daily"",""amount_min"":100,""amount_max"":999999999,""amount_multiples"":1,""installments_min"":6,""dates"":[]},{""type"":""sip"",""frequency"":""calendar_day_daily"",""amount_min"":100,""amount_max"":999999999,""amount_multiples"":1,""installments_min"":6,""dates"":[]}]"
358,cybrillapoa,ICICI PRUDENTIAL MONEY MARKET FUND OPTION - IDCW OTHERS,ICICI PRUDENTIAL MUTUAL FUND,INF109K01I64,regular,idcw,payout,true,"[{""type"":""lumpsum"",""amount_min"":500,""additional_amount_min"":1,""amount_max"":999999999,""additional_amount_max"":999999999,""amount_multiples"":1,""additional_amount_multiples"":1},{""type"":""withdrawal"",""amount_min"":0.01,""amount_max"":999999999,""amount_multiples"":0.01,""units_min"":0.001,""units_max"":999999999,""units_multiples"":0.001},{""type"":""sip"",""frequency"":""monthly"",""amount_min"":100,""amount_max"":999999999,""amount_multiples"":1,""installments_min"":6,""dates"":[1,2,3,4,5,6,7,8,9,10,11,12,13,14,15,16,17,18,19,20,21,22,23,24,25,26,27,28]},{""type"":""sip"",""frequency"":""daily"",""amount_min"":100,""amount_max"":999999999,""amount_multiples"":1,""installments_min"":6,""dates"":[]},{""type"":""sip"",""frequency"":""calendar_day_daily"",""amount_min"":100,""amount_max"":999999999,""amount_multiples"":1,""installments_min"":6,""dates"":[]}]"
359,cybrillapoa,ICICI PRUDENTIAL MONEY MARKET FUND RETAIL GROWTH (ERSTWHILE CASH OPTION),ICICI PRUDENTIAL MUTUAL FUND,INF109K01TW3,regular,growth,,true,"[{""type"":""withdrawal"",""amount_min"":0.01,""amount_max"":999999999,""amount_multiples"":0.01,""units_min"":0.001,""units_max"":999999999,""units_multiples"":0.001}]"
360,cybrillapoa,ICICI PRUDENTIAL MULTI SECTOR PASSIVE FOF - GROWTH,ICICI PRUDENTIAL MUTUAL FUND,INF109K01795,regular,growth,,true,"[{""type"":""lumpsum"",""amount_min"":5000,""additional_amount_min"":500,""amount_max"":999999999,""additional_amount_max"":999999999,""amount_multiples"":1,""additional_amount_multiples"":1},{""type"":""withdrawal"",""amount_min"":0.01,""amount_max"":999999999,""amount_multiples"":0.01,""units_min"":0.001,""units_max"":999999999,""units_multiples"":0.001},{""type"":""sip"",""frequency"":""monthly"",""amount_min"":1000,""amount_max"":999999999,""amount_multiples"":1,""installments_min"":6,""dates"":[1,2,3,4,5,6,7,8,9,10,11,12,13,14,15,16,17,18,19,20,21,22,23,24,25,26,27,28]},{""type"":""sip"",""frequency"":""daily"",""amount_min"":1000,""amount_max"":999999999,""amount_multiples"":1,""installments_min"":6,""dates"":[]},{""type"":""sip"",""frequency"":""calendar_day_daily"",""amount_min"":1000,""amount_max"":999999999,""amount_multiples"":1,""installments_min"":6,""dates"":[]}]"
361,cybrillapoa,ICICI PRUDENTIAL MULTI SECTOR PASSIVE FOF - IDCW,ICICI PRUDENTIAL MUTUAL FUND,INF109K01803,regular,idcw,reinvestment,true,"[{""type"":""withdrawal"",""amount_min"":0.01,""amount_max"":999999999,""amount_multiples"":0.01,""units_min"":0.001,""units_max"":999999999,""units_multiples"":0.001}]"
362,cybrillapoa,ICICI PRUDENTIAL MULTI-ASSET FUND - GROWTH,ICICI PRUDENTIAL MUTUAL FUND,INF109K01761,regular,growth,,true,"[{""type"":""lumpsum"",""amount_min"":5000,""additional_amount_min"":1000,""amount_max"":999999999,""additional_amount_max"":999999999,""amount_multiples"":1,""additional_amount_multiples"":1},{""type"":""withdrawal"",""amount_min"":0.01,""amount_max"":999999999,""amount_multiples"":0.01,""units_min"":0.001,""units_max"":999999999,""units_multiples"":0.001},{""type"":""sip"",""frequency"":""monthly"",""amount_min"":100,""amount_max"":999999999,""amount_multiples"":1,""installments_min"":6,""dates"":[1,2,3,4,5,6,7,8,9,10,11,12,13,14,15,16,17,18,19,20,21,22,23,24,25,26,27,28]},{""type"":""sip"",""frequency"":""daily"",""amount_min"":20,""amount_max"":999999999,""amount_multiples"":1,""installments_min"":6,""dates"":[]},{""type"":""sip"",""frequency"":""calendar_day_daily"",""amount_min"":20,""amount_max"":999999999,""amount_multiples"":1,""installments_min"":6,""dates"":[]}]"
363,cybrillapoa,ICICI PRUDENTIAL MULTI-ASSET FUND - IDCW,ICICI PRUDENTIAL MUTUAL FUND,INF109K01779,regular,idcw,reinvestment,true,"[{""type"":""lumpsum"",""amount_min"":5000,""additional_amount_min"":1000,""amount_max"":999999999,""additional_amount_max"":999999999,""amount_multiples"":1,""additional_amount_multiples"":1},{""type"":""withdrawal"",""amount_min"":0.01,""amount_max"":999999999,""amount_multiples"":0.01,""units_min"":0.001,""units_max"":999999999,""units_multiples"":0.001},{""type"":""sip"",""frequency"":""monthly"",""amount_min"":100,""amount_max"":999999999,""amount_multiples"":1,""installments_min"":6,""dates"":[1,2,3,4,5,6,7,8,9,10,11,12,13,14,15,16,17,18,19,20,21,22,23,24,25,26,27,28]},{""type"":""sip"",""frequency"":""daily"",""amount_min"":20,""amount_max"":999999999,""amount_multiples"":1,""installments_min"":6,""dates"":[]},{""type"":""sip"",""frequency"":""calendar_day_daily"",""amount_min"":20,""amount_max"":999999999,""amount_multiples"":1,""installments_min"":6,""dates"":[]}]"
364,cybrillapoa,ICICI PRUDENTIAL MULTI-ASSET FUND- INSTITUTIONAL GROWTH OPTION,ICICI PRUDENTIAL MUTUAL FUND,INF109K01TN2,regular,growth,,true,"[{""type"":""withdrawal"",""amount_min"":0.01,""amount_max"":999999999,""amount_multiples"":0.01,""units_min"":0.001,""units_max"":999999999,""units_multiples"":0.001}]"
365,cybrillapoa,ICICI PRUDENTIAL MULTICAP FUND - GROWTH,ICICI PRUDENTIAL MUTUAL FUND,INF109K01613,regular,growth,,true,"[{""type"":""lumpsum"",""amount_min"":5000,""additional_amount_min"":1000,""amount_max"":999999999,""additional_amount_max"":999999999,""amount_multiples"":1,""additional_amount_multiples"":1},{""type"":""withdrawal"",""amount_min"":0.01,""amount_max"":999999999,""amount_multiples"":0.01,""units_min"":0.001,""units_max"":999999999,""units_multiples"":0.001},{""type"":""sip"",""frequency"":""monthly"",""amount_min"":100,""amount_max"":999999999,""amount_multiples"":1,""installments_min"":6,""dates"":[1,2,3,4,5,6,7,8,9,10,11,12,13,14,15,16,17,18,19,20,21,22,23,24,25,26,27,28]},{""type"":""sip"",""frequency"":""daily"",""amount_min"":100,""amount_max"":999999999,""amount_multiples"":1,""installments_min"":6,""dates"":[]},{""type"":""sip"",""frequency"":""calendar_day_daily"",""amount_min"":100,""amount_max"":999999999,""amount_multiples"":1,""installments_min"":6,""dates"":[]}]"
366,cybrillapoa,ICICI PRUDENTIAL MULTICAP FUND - IDCW,ICICI PRUDENTIAL MUTUAL FUND,INF109K01621,regular,idcw,reinvestment,true,"[{""type"":""lumpsum"",""amount_min"":5000,""additional_amount_min"":1000,""amount_max"":999999999,""additional_amount_max"":999999999,""amount_multiples"":1,""additional_amount_multiples"":1},{""type"":""withdrawal"",""amount_min"":0.01,""amount_max"":999999999,""amount_multiples"":0.01,""units_min"":0.001,""units_max"":999999999,""units_multiples"":0.001},{""type"":""sip"",""frequency"":""monthly"",""amount_min"":100,""amount_max"":999999999,""amount_multiples"":1,""installments_min"":6,""dates"":[1,2,3,4,5,6,7,8,9,10,11,12,13,14,15,16,17,18,19,20,21,22,23,24,25,26,27,28]},{""type"":""sip"",""frequency"":""daily"",""amount_min"":100,""amount_max"":999999999,""amount_multiples"":1,""installments_min"":6,""dates"":[]},{""type"":""sip"",""frequency"":""calendar_day_daily"",""amount_min"":100,""amount_max"":999999999,""amount_multiples"":1,""installments_min"":6,""dates"":[]}]"
367,cybrillapoa,ICICI PRUDENTIAL NASDAQ 100 INDEX FUND - GROWTH,ICICI PRUDENTIAL MUTUAL FUND,INF109KC1U27,regular,growth,,true,"[{""type"":""withdrawal"",""amount_min"":1,""amount_max"":999999999,""amount_multiples"":0.01,""units_min"":0.001,""units_max"":999999999,""units_multiples"":0.001}]"
368,cybrillapoa,ICICI PRUDENTIAL NASDAQ 100 INDEX FUND - IDCW,ICICI PRUDENTIAL MUTUAL FUND,INF109KC1U43,regular,idcw,reinvestment,true,"[{""type"":""withdrawal"",""amount_min"":1,""amount_max"":999999999,""amount_multiples"":0.01,""units_min"":0.001,""units_max"":999999999,""units_multiples"":0.001}]"
369,cybrillapoa,ICICI PRUDENTIAL NIFTY 100 LOW VOLATILITY 30 ETF FOF - GROWTH,ICICI PRUDENTIAL MUTUAL FUND,INF109KC1P57,regular,growth,,true,"[{""type"":""lumpsum"",""amount_min"":1000,""additional_amount_min"":500,""amount_max"":999999999,""additional_amount_max"":999999999,""amount_multiples"":1,""additional_amount_multiples"":1},{""type"":""withdrawal"",""amount_min"":1,""amount_max"":999999999,""amount_multiples"":0.01,""units_min"":0.001,""units_max"":999999999,""units_multiples"":0.001},{""type"":""sip"",""frequency"":""monthly"",""amount_min"":100,""amount_max"":999999999,""amount_multiples"":1,""installments_min"":6,""dates"":[1,2,3,4,5,6,7,8,9,10,11,12,13,14,15,16,17,18,19,20,21,22,23,24,25,26,27,28]},{""type"":""sip"",""frequency"":""daily"",""amount_min"":100,""amount_max"":999999999,""amount_multiples"":1,""installments_min"":6,""dates"":[]},{""type"":""sip"",""frequency"":""calendar_day_daily"",""amount_min"":100,""amount_max"":999999999,""amount_multiples"":1,""installments_min"":6,""dates"":[]}]"
370,cybrillapoa,ICICI PRUDENTIAL NIFTY 100 LOW VOLATILITY 30 ETF FOF - IDCW,ICICI PRUDENTIAL MUTUAL FUND,INF109KC1P65,regular,idcw,reinvestment,true,"[{""type"":""withdrawal"",""amount_min"":1,""amount_max"":999999999,""amount_multiples"":0.01,""units_min"":0.001,""units_max"":999999999,""units_multiples"":0.001}]"
371,cybrillapoa,ICICI PRUDENTIAL NIFTY 200 MOMENTUM 30 INDEX FUND - GROWTH,ICICI PRUDENTIAL MUTUAL FUND,INF109KC18C5,regular,growth,,true,"[{""type"":""lumpsum"",""amount_min"":5000,""additional_amount_min"":5000,""amount_max"":999999999,""additional_amount_max"":999999999,""amount_multiples"":1,""additional_amount_multiples"":1},{""type"":""withdrawal"",""amount_min"":1,""amount_max"":999999999,""amount_multiples"":0.01,""units_min"":0.001,""units_max"":999999999,""units_multiples"":0.001},{""type"":""sip"",""frequency"":""monthly"",""amount_min"":1000,""amount_max"":999999999,""amount_multiples"":1,""installments_min"":6,""dates"":[1,2,3,4,5,6,7,8,9,10,11,12,13,14,15,16,17,18,19,20,21,22,23,24,25,26,27,28]},{""type"":""sip"",""frequency"":""daily"",""amount_min"":1000,""amount_max"":999999999,""amount_multiples"":1,""installments_min"":6,""dates"":[]},{""type"":""sip"",""frequency"":""calendar_day_daily"",""amount_min"":1000,""amount_max"":999999999,""amount_multiples"":1,""installments_min"":6,""dates"":[]}]"
372,cybrillapoa,ICICI PRUDENTIAL NIFTY 200 MOMENTUM 30 INDEX FUND - IDCW,ICICI PRUDENTIAL MUTUAL FUND,INF109KC10D0,regular,idcw,reinvestment,true,"[{""type"":""withdrawal"",""amount_min"":1,""amount_max"":999999999,""amount_multiples"":0.01,""units_min"":0.001,""units_max"":999999999,""units_multiples"":0.001}]"
373,cybrillapoa,ICICI PRUDENTIAL NIFTY 50 INDEX FUND - CUMULATIVE OPTION,ICICI PRUDENTIAL MUTUAL FUND,INF109K01PI0,regular,growth,,true,"[{""type"":""lumpsum"",""amount_min"":100,""additional_amount_min"":100,""amount_max"":999999999,""additional_amount_max"":999999999,""amount_multiples"":1,""additional_amount_multiples"":1},{""type"":""withdrawal"",""amount_min"":0.01,""amount_max"":999999999,""amount_multiples"":0.01,""units_min"":0.001,""units_max"":999999999,""units_multiples"":0.001},{""type"":""sip"",""frequency"":""monthly"",""amount_min"":100,""amount_max"":999999999,""amount_multiples"":1,""installments_min"":6,""dates"":[1,2,3,4,5,6,7,8,9,10,11,12,13,14,15,16,17,18,19,20,21,22,23,24,25,26,27,28]},{""type"":""sip"",""frequency"":""daily"",""amount_min"":100,""amount_max"":999999999,""amount_multiples"":1,""installments_min"":6,""dates"":[]},{""type"":""sip"",""frequency"":""calendar_day_daily"",""amount_min"":100,""amount_max"":999999999,""amount_multiples"":1,""installments_min"":6,""dates"":[]}]"
374,cybrillapoa,ICICI PRUDENTIAL NIFTY 50 INDEX FUND - IDCW OPTION,ICICI PRUDENTIAL MUTUAL FUND,INF109KB1NO5,regular,idcw,reinvestment,true,"[{""type"":""withdrawal"",""amount_min"":0.01,""amount_max"":999999999,""amount_multiples"":0.01,""units_min"":0.001,""units_max"":999999999,""units_multiples"":0.001}]"
375,cybrillapoa,ICICI PRUDENTIAL NIFTY 500 INDEX FUND - GROWTH,ICICI PRUDENTIAL MUTUAL FUND,INF109KC13Y0,regular,growth,,true,"[{""type"":""lumpsum"",""amount_min"":100,""additional_amount_min"":100,""amount_max"":999999999,""additional_amount_max"":999999999,""amount_multiples"":1,""additional_amount_multiples"":1},{""type"":""withdrawal"",""amount_min"":0,""amount_max"":999999999,""amount_multiples"":1,""units_min"":0.001,""units_max"":999999999,""units_multiples"":0.001},{""type"":""sip"",""frequency"":""monthly"",""amount_min"":100,""amount_max"":999999999,""amount_multiples"":1,""installments_min"":6,""dates"":[1,2,3,4,5,6,7,8,9,10,11,12,13,14,15,16,17,18,19,20,21,22,23,24,25,26,27,28]},{""type"":""sip"",""frequency"":""daily"",""amount_min"":100,""amount_max"":999999999,""amount_multiples"":1,""installments_min"":6,""dates"":[]},{""type"":""sip"",""frequency"":""calendar_day_daily"",""amount_min"":100,""amount_max"":999999999,""amount_multiples"":1,""installments_min"":6,""dates"":[]}]"
376,cybrillapoa,ICICI PRUDENTIAL NIFTY 500 INDEX FUND - IDCW,ICICI PRUDENTIAL MUTUAL FUND,INF109KC14Y8,regular,idcw,reinvestment,true,"[{""type"":""withdrawal"",""amount_min"":0,""amount_max"":999999999,""amount_multiples"":1,""units_min"":0.001,""units_max"":999999999,""units_multiples"":0.001}]"
377,cybrillapoa,ICICI PRUDENTIAL NIFTY ALPHA LOW - VOLATILITY 30 ETF FOF - GROWTH,ICICI PRUDENTIAL MUTUAL FUND,INF109KC1R55,regular,growth,,true,"[{""type"":""lumpsum"",""amount_min"":1000,""additional_amount_min"":500,""amount_max"":999999999,""additional_amount_max"":999999999,""amount_multiples"":1,""additional_amount_multiples"":1},{""type"":""withdrawal"",""amount_min"":1,""amount_max"":999999999,""amount_multiples"":0.01,""units_min"":0.001,""units_max"":999999999,""units_multiples"":0.001},{""type"":""sip"",""frequency"":""monthly"",""amount_min"":100,""amount_max"":999999999,""amount_multiples"":1,""installments_min"":6,""dates"":[1,2,3,4,5,6,7,8,9,10,11,12,13,14,15,16,17,18,19,20,21,22,23,24,25,26,27,28]}]"
378,cybrillapoa,ICICI PRUDENTIAL NIFTY ALPHA LOW - VOLATILITY 30 ETF FOF - IDCW,ICICI PRUDENTIAL MUTUAL FUND,INF109KC1R63,regular,idcw,reinvestment,true,"[{""type"":""withdrawal"",""amount_min"":1,""amount_max"":999999999,""amount_multiples"":0.01,""units_min"":0.001,""units_max"":999999999,""units_multiples"":0.001}]"
379,cybrillapoa,ICICI PRUDENTIAL NIFTY AUTO INDEX FUND - GROWTH,ICICI PRUDENTIAL MUTUAL FUND,INF109KC13J1,regular,growth,,true,"[{""type"":""lumpsum"",""amount_min"":1000,""additional_amount_min"":1000,""amount_max"":999999999,""additional_amount_max"":999999999,""amount_multiples"":1,""additional_amount_multiples"":1},{""type"":""withdrawal"",""amount_min"":1,""amount_max"":999999999,""amount_multiples"":0.01,""units_min"":0.001,""units_max"":999999999,""units_multiples"":0.001},{""type"":""sip"",""frequency"":""monthly"",""amount_min"":1000,""amount_max"":999999999,""amount_multiples"":1,""installments_min"":6,""dates"":[1,2,3,4,5,6,7,8,9,10,11,12,13,14,15,16,17,18,19,20,21,22,23,24,25,26,27,28]},{""type"":""sip"",""frequency"":""daily"",""amount_min"":1000,""amount_max"":999999999,""amount_multiples"":1,""installments_min"":6,""dates"":[]},{""type"":""sip"",""frequency"":""calendar_day_daily"",""amount_min"":1000,""amount_max"":999999999,""amount_multiples"":1,""installments_min"":6,""dates"":[]}]"
380,cybrillapoa,ICICI PRUDENTIAL NIFTY AUTO INDEX FUND - IDCW,ICICI PRUDENTIAL MUTUAL FUND,INF109KC15J6,regular,idcw,reinvestment,true,"[{""type"":""withdrawal"",""amount_min"":1,""amount_max"":999999999,""amount_multiples"":0.01,""units_min"":0.001,""units_max"":999999999,""units_multiples"":0.001}]"
381,cybrillapoa,ICICI PRUDENTIAL NIFTY BANK INDEX FUND - GROWTH,ICICI PRUDENTIAL MUTUAL FUND,INF109KC1Z89,regular,growth,,true,"[{""type"":""lumpsum"",""amount_min"":1000,""additional_amount_min"":1000,""amount_max"":999999999,""additional_amount_max"":999999999,""amount_multiples"":1,""additional_amount_multiples"":1},{""type"":""withdrawal"",""amount_min"":1,""amount_max"":999999999,""amount_multiples"":0.01,""units_min"":0.001,""units_max"":999999999,""units_multiples"":0.001},{""type"":""sip"",""frequency"":""monthly"",""amount_min"":1000,""amount_max"":999999999,""amount_multiples"":1,""installments_min"":6,""dates"":[1,2,3,4,5,6,7,8,9,10,11,12,13,14,15,16,17,18,19,20,21,22,23,24,25,26,27,28]},{""type"":""sip"",""frequency"":""daily"",""amount_min"":1000,""amount_max"":999999999,""amount_multiples"":1,""installments_min"":6,""dates"":[]},{""type"":""sip"",""frequency"":""calendar_day_daily"",""amount_min"":1000,""amount_max"":999999999,""amount_multiples"":1,""installments_min"":6,""dates"":[]}]"
382,cybrillapoa,ICICI PRUDENTIAL NIFTY BANK INDEX FUND - IDCW,ICICI PRUDENTIAL MUTUAL FUND,INF109KC10A6,regular,idcw,reinvestment,true,"[{""type"":""withdrawal"",""amount_min"":1,""amount_max"":999999999,""amount_multiples"":0.01,""units_min"":0.001,""units_max"":999999999,""units_multiples"":0.001}]"
383,cybrillapoa,ICICI PRUDENTIAL NIFTY EV & NEW AGE AUTOMOTIVE ETF FOF - GROWTH,ICICI PRUDENTIAL MUTUAL FUND,INF109K1A096,regular,growth,,true,"[{""type"":""lumpsum"",""amount_min"":1000,""additional_amount_min"":1000,""amount_max"":999999999,""additional_amount_max"":999999999,""amount_multiples"":1,""additional_amount_multiples"":1},{""type"":""withdrawal"",""amount_min"":0,""amount_max"":999999999,""amount_multiples"":1,""units_min"":0.001,""units_max"":999999999,""units_multiples"":0.001},{""type"":""sip"",""frequency"":""monthly"",""amount_min"":1000,""amount_max"":999999999,""amount_multiples"":1,""installments_min"":6,""dates"":[1,2,3,4,5,6,7,8,9,10,11,12,13,14,15,16,17,18,19,20,21,22,23,24,25,26,27,28]},{""type"":""sip"",""frequency"":""daily"",""amount_min"":1000,""amount_max"":999999999,""amount_multiples"":1,""installments_min"":6,""dates"":[]},{""type"":""sip"",""frequency"":""calendar_day_daily"",""amount_min"":1000,""amount_max"":999999999,""amount_multiples"":1,""installments_min"":6,""dates"":[]}]"
384,cybrillapoa,ICICI PRUDENTIAL NIFTY EV & NEW AGE AUTOMOTIVE ETF FOF - IDCW,ICICI PRUDENTIAL MUTUAL FUND,INF109K1A104,regular,idcw,reinvestment,true,"[{""type"":""withdrawal"",""amount_min"":0,""amount_max"":999999999,""amount_multiples"":1,""units_min"":0.001,""units_max"":999999999,""units_multiples"":0.001}]"
385,cybrillapoa,ICICI PRUDENTIAL NIFTY G-SEC DEC 2030 INDEX FUND - ANNUAL IDCW,ICICI PRUDENTIAL MUTUAL FUND,INF109KC17K0,regular,idcw_annual,reinvestment,true,"[{""type"":""withdrawal"",""amount_min"":1,""amount_max"":999999999,""amount_multiples"":0.01,""units_min"":0.001,""units_max"":999999999,""units_multiples"":0.001}]"
386,cybrillapoa,ICICI PRUDENTIAL NIFTY G-SEC DEC 2030 INDEX FUND - GROWTH,ICICI PRUDENTIAL MUTUAL FUND,INF109KC15K4,regular,growth,,true,"[{""type"":""lumpsum"",""amount_min"":1000,""additional_amount_min"":500,""amount_max"":999999999,""additional_amount_max"":999999999,""amount_multiples"":1,""additional_amount_multiples"":1},{""type"":""withdrawal"",""amount_min"":1,""amount_max"":999999999,""amount_multiples"":0.01,""units_min"":0.001,""units_max"":999999999,""units_multiples"":0.001}]"
387,cybrillapoa,ICICI PRUDENTIAL NIFTY IT INDEX FUND - GROWTH,ICICI PRUDENTIAL MUTUAL FUND,INF109KC10E8,regular,growth,,true,"[{""type"":""lumpsum"",""amount_min"":1000,""additional_amount_min"":1000,""amount_max"":999999999,""additional_amount_max"":999999999,""amount_multiples"":1,""additional_amount_multiples"":1},{""type"":""withdrawal"",""amount_min"":1,""amount_max"":999999999,""amount_multiples"":0.01,""units_min"":0.001,""units_max"":999999999,""units_multiples"":0.001},{""type"":""sip"",""frequency"":""monthly"",""amount_min"":1000,""amount_max"":999999999,""amount_multiples"":1,""installments_min"":6,""dates"":[1,2,3,4,5,6,7,8,9,10,11,12,13,14,15,16,17,18,19,20,21,22,23,24,25,26,27,28]},{""type"":""sip"",""frequency"":""daily"",""amount_min"":1000,""amount_max"":999999999,""amount_multiples"":1,""installments_min"":6,""dates"":[]},{""type"":""sip"",""frequency"":""calendar_day_daily"",""amount_min"":1000,""amount_max"":999999999,""amount_multiples"":1,""installments_min"":6,""dates"":[]}]"
388,cybrillapoa,ICICI PRUDENTIAL NIFTY IT INDEX FUND - IDCW,ICICI PRUDENTIAL MUTUAL FUND,INF109KC12E4,regular,idcw,reinvestment,true,"[{""type"":""withdrawal"",""amount_min"":1,""amount_max"":999999999,""amount_multiples"":0.01,""units_min"":0.001,""units_max"":999999999,""units_multiples"":0.001}]"
389,cybrillapoa,ICICI PRUDENTIAL NIFTY LARGEMIDCAP 250 INDEX FUND - GROWTH,ICICI PRUDENTIAL MUTUAL FUND,INF109KC15U3,regular,growth,,true,"[{""type"":""lumpsum"",""amount_min"":100,""additional_amount_min"":100,""amount_max"":999999999,""additional_amount_max"":999999999,""amount_multiples"":1,""additional_amount_multiples"":1},{""type"":""withdrawal"",""amount_min"":0,""amount_max"":999999999,""amount_multiples"":0,""units_min"":0.001,""units_max"":999999999,""units_multiples"":0.001},{""type"":""sip"",""frequency"":""monthly"",""amount_min"":100,""amount_max"":999999999,""amount_multiples"":1,""installments_min"":6,""dates"":[1,2,3,4,5,6,7,8,9,10,11,12,13,14,15,16,17,18,19,20,21,22,23,24,25,26,27,28]},{""type"":""sip"",""frequency"":""daily"",""amount_min"":100,""amount_max"":999999999,""amount_multiples"":1,""installments_min"":6,""dates"":[]},{""type"":""sip"",""frequency"":""calendar_day_daily"",""amount_min"":100,""amount_max"":999999999,""amount_multiples"":1,""installments_min"":6,""dates"":[]}]"
390,cybrillapoa,ICICI PRUDENTIAL NIFTY LARGEMIDCAP 250 INDEX FUND - IDCW,ICICI PRUDENTIAL MUTUAL FUND,INF109KC17U9,regular,idcw,reinvestment,true,"[{""type"":""withdrawal"",""amount_min"":0,""amount_max"":999999999,""amount_multiples"":0,""units_min"":0.001,""units_max"":999999999,""units_multiples"":0.001}]"
391,cybrillapoa,ICICI PRUDENTIAL NIFTY MIDCAP 150 INDEX FUND - GROWTH,ICICI PRUDENTIAL MUTUAL FUND,INF109KC1W25,regular,growth,,true,"[{""type"":""lumpsum"",""amount_min"":100,""additional_amount_min"":100,""amount_max"":999999999,""additional_amount_max"":999999999,""amount_multiples"":1,""additional_amount_multiples"":1},{""type"":""withdrawal"",""amount_min"":1,""amount_max"":999999999,""amount_multiples"":0.01,""units_min"":0.001,""units_max"":999999999,""units_multiples"":0.001},{""type"":""sip"",""frequency"":""monthly"",""amount_min"":100,""amount_max"":999999999,""amount_multiples"":1,""installments_min"":6,""dates"":[1,2,3,4,5,6,7,8,9,10,11,12,13,14,15,16,17,18,19,20,21,22,23,24,25,26,27,28]}]"
392,cybrillapoa,ICICI PRUDENTIAL NIFTY MIDCAP 150 INDEX FUND - IDCW,ICICI PRUDENTIAL MUTUAL FUND,INF109KC1W41,regular,idcw,reinvestment,true,"[{""type"":""withdrawal"",""amount_min"":1,""amount_max"":999999999,""amount_multiples"":0.01,""units_min"":0.001,""units_max"":999999999,""units_multiples"":0.001}]"
393,cybrillapoa,ICICI PRUDENTIAL NIFTY NEXT 50 INDEX FUND - GROWTH,ICICI PRUDENTIAL MUTUAL FUND,INF109K01IF1,regular,growth,,true,"[{""type"":""lumpsum"",""amount_min"":100,""additional_amount_min"":100,""amount_max"":999999999,""additional_amount_max"":999999999,""amount_multiples"":1,""additional_amount_multiples"":1},{""type"":""withdrawal"",""amount_min"":0.01,""amount_max"":999999999,""amount_multiples"":0.01,""units_min"":0.001,""units_max"":999999999,""units_multiples"":0.001},{""type"":""sip"",""frequency"":""monthly"",""amount_min"":100,""amount_max"":999999999,""amount_multiples"":1,""installments_min"":6,""dates"":[1,2,3,4,5,6,7,8,9,10,11,12,13,14,15,16,17,18,19,20,21,22,23,24,25,26,27,28]},{""type"":""sip"",""frequency"":""daily"",""amount_min"":100,""amount_max"":999999999,""amount_multiples"":1,""installments_min"":6,""dates"":[]},{""type"":""sip"",""frequency"":""calendar_day_daily"",""amount_min"":100,""amount_max"":999999999,""amount_multiples"":1,""installments_min"":6,""dates"":[]}]"
394,cybrillapoa,ICICI PRUDENTIAL NIFTY NEXT 50 INDEX FUND -IDCW,ICICI PRUDENTIAL MUTUAL FUND,INF109K01IE4,regular,idcw,reinvestment,true,"[{""type"":""withdrawal"",""amount_min"":0.01,""amount_max"":999999999,""amount_multiples"":0.01,""units_min"":0.001,""units_max"":999999999,""units_multiples"":0.001}]"
395,cybrillapoa,ICICI PRUDENTIAL NIFTY PHARMA INDEX FUND - GROWTH,ICICI PRUDENTIAL MUTUAL FUND,INF109KC18L6,regular,growth,,true,"[{""type"":""lumpsum"",""amount_min"":1000,""additional_amount_min"":1000,""amount_max"":999999999,""additional_amount_max"":999999999,""amount_multiples"":1,""additional_amount_multiples"":1},{""type"":""withdrawal"",""amount_min"":1,""amount_max"":999999999,""amount_multiples"":0.01,""units_min"":0.001,""units_max"":999999999,""units_multiples"":0.001},{""type"":""sip"",""frequency"":""monthly"",""amount_min"":1000,""amount_max"":999999999,""amount_multiples"":1,""installments_min"":6,""dates"":[1,2,3,4,5,6,7,8,9,10,11,12,13,14,15,16,17,18,19,20,21,22,23,24,25,26,27,28]},{""type"":""sip"",""frequency"":""daily"",""amount_min"":1000,""amount_max"":999999999,""amount_multiples"":1,""installments_min"":6,""dates"":[]},{""type"":""sip"",""frequency"":""calendar_day_daily"",""amount_min"":1000,""amount_max"":999999999,""amount_multiples"":1,""installments_min"":6,""dates"":[]}]"
396,cybrillapoa,ICICI PRUDENTIAL NIFTY PHARMA INDEX FUND - IDCW,ICICI PRUDENTIAL MUTUAL FUND,INF109KC10M1,regular,idcw,reinvestment,true,"[{""type"":""withdrawal"",""amount_min"":1,""amount_max"":999999999,""amount_multiples"":0.01,""units_min"":0.001,""units_max"":999999999,""units_multiples"":0.001}]"
397,cybrillapoa,ICICI PRUDENTIAL NIFTY PRIVATE BANK INDEX FUND - GROWTH,ICICI PRUDENTIAL MUTUAL FUND,INF109K1A351,regular,growth,,true,"[{""type"":""lumpsum"",""amount_min"":1000,""additional_amount_min"":1000,""amount_max"":999999999,""additional_amount_max"":999999999,""amount_multiples"":1,""additional_amount_multiples"":1},{""type"":""withdrawal"",""amount_min"":0,""amount_max"":999999999,""amount_multiples"":1,""units_min"":0.001,""units_max"":999999999,""units_multiples"":0.001},{""type"":""sip"",""frequency"":""monthly"",""amount_min"":1000,""amount_max"":999999999,""amount_multiples"":1,""installments_min"":6,""dates"":[1,2,3,4,5,6,7,8,9,10,11,12,13,14,15,16,17,18,19,20,21,22,23,24,25,26,27,28]},{""type"":""sip"",""frequency"":""daily"",""amount_min"":1000,""amount_max"":999999999,""amount_multiples"":1,""installments_min"":6,""dates"":[]},{""type"":""sip"",""frequency"":""calendar_day_daily"",""amount_min"":1000,""amount_max"":999999999,""amount_multiples"":1,""installments_min"":6,""dates"":[]}]"
398,cybrillapoa,ICICI PRUDENTIAL NIFTY PSU BOND PLUS SDL SEP 2027 40:60 INDEX FUND - ANNUAL - IDCW,ICICI PRUDENTIAL MUTUAL FUND,INF109KC1S70,regular,idcw_annual,reinvestment,true,"[{""type"":""withdrawal"",""amount_min"":1,""amount_max"":999999999,""amount_multiples"":0.01,""units_min"":0.001,""units_max"":999999999,""units_multiples"":0.001}]"
399,cybrillapoa,ICICI PRUDENTIAL NIFTY PSU BOND PLUS SDL SEP 2027 40:60 INDEX FUND - GROWTH,ICICI PRUDENTIAL MUTUAL FUND,INF109KC1S13,regular,growth,,true,"[{""type"":""lumpsum"",""amount_min"":1000,""additional_amount_min"":500,""amount_max"":999999999,""additional_amount_max"":999999999,""amount_multiples"":1,""additional_amount_multiples"":1},{""type"":""withdrawal"",""amount_min"":1,""amount_max"":999999999,""amount_multiples"":0.01,""units_min"":0.001,""units_max"":999999999,""units_multiples"":0.001}]"
400,cybrillapoa,ICICI PRUDENTIAL NIFTY SDL DEC 2028 INDEX FUND - ANNUAL IDCW,ICICI PRUDENTIAL MUTUAL FUND,INF109KC13L7,regular,idcw_annual,reinvestment,true,"[{""type"":""withdrawal"",""amount_min"":1,""amount_max"":999999999,""amount_multiples"":0.01,""units_min"":0.001,""units_max"":999999999,""units_multiples"":0.001}]"
401,cybrillapoa,ICICI PRUDENTIAL NIFTY SDL DEC 2028 INDEX FUND - GROWTH,ICICI PRUDENTIAL MUTUAL FUND,INF109KC11L1,regular,growth,,true,"[{""type"":""lumpsum"",""amount_min"":1000,""additional_amount_min"":500,""amount_max"":999999999,""additional_amount_max"":999999999,""amount_multiples"":1,""additional_amount_multiples"":1},{""type"":""withdrawal"",""amount_min"":1,""amount_max"":999999999,""amount_multiples"":0.01,""units_min"":0.001,""units_max"":999999999,""units_multiples"":0.001}]"
402,cybrillapoa,ICICI PRUDENTIAL NIFTY SDL SEP 2026 INDEX FUND - ANNUAL IDCW,ICICI PRUDENTIAL MUTUAL FUND,INF109KC12P0,regular,idcw_annual,reinvestment,true,"[{""type"":""withdrawal"",""amount_min"":1,""amount_max"":999999999,""amount_multiples"":0.01,""units_min"":0.001,""units_max"":999999999,""units_multiples"":0.001}]"
403,cybrillapoa,ICICI PRUDENTIAL NIFTY SDL SEP 2026 INDEX FUND - GROWTH,ICICI PRUDENTIAL MUTUAL FUND,INF109KC10P4,regular,growth,,true,"[{""type"":""lumpsum"",""amount_min"":1000,""additional_amount_min"":500,""amount_max"":999999999,""additional_amount_max"":999999999,""amount_multiples"":1,""additional_amount_multiples"":1},{""type"":""withdrawal"",""amount_min"":1,""amount_max"":999999999,""amount_multiples"":0.01,""units_min"":0.001,""units_max"":999999999,""units_multiples"":0.001}]"
404,cybrillapoa,ICICI PRUDENTIAL NIFTY SDL SEP 2027 INDEX FUND - ANNUAL IDCW,ICICI PRUDENTIAL MUTUAL FUND,INF109KC13B8,regular,idcw_annual,reinvestment,true,"[{""type"":""withdrawal"",""amount_min"":1,""amount_max"":999999999,""amount_multiples"":0.01,""units_min"":0.001,""units_max"":999999999,""units_multiples"":0.001}]"
405,cybrillapoa,ICICI PRUDENTIAL NIFTY SDL SEP 2027 INDEX FUND - GROWTH,ICICI PRUDENTIAL MUTUAL FUND,INF109KC11B2,regular,growth,,true,"[{""type"":""lumpsum"",""amount_min"":1000,""additional_amount_min"":500,""amount_max"":999999999,""additional_amount_max"":999999999,""amount_multiples"":1,""additional_amount_multiples"":1},{""type"":""withdrawal"",""amount_min"":1,""amount_max"":999999999,""amount_multiples"":0.01,""units_min"":0.001,""units_max"":999999999,""units_multiples"":0.001}]"
406,cybrillapoa,ICICI PRUDENTIAL NIFTY SMALLCAP 250 INDEX FUND - GROWTH,ICICI PRUDENTIAL MUTUAL FUND,INF109KC1U84,regular,growth,,true,"[{""type"":""lumpsum"",""amount_min"":100,""additional_amount_min"":100,""amount_max"":999999999,""additional_amount_max"":999999999,""amount_multiples"":1,""additional_amount_multiples"":1},{""type"":""withdrawal"",""amount_min"":1,""amount_max"":999999999,""amount_multiples"":0.01,""units_min"":0.001,""units_max"":999999999,""units_multiples"":0.001},{""type"":""sip"",""frequency"":""monthly"",""amount_min"":100,""amount_max"":999999999,""amount_multiples"":1,""installments_min"":6,""dates"":[1,2,3,4,5,6,7,8,9,10,11,12,13,14,15,16,17,18,19,20,21,22,23,24,25,26,27,28]}]"
407,cybrillapoa,ICICI PRUDENTIAL NIFTY SMALLCAP 250 INDEX FUND - IDCW,ICICI PRUDENTIAL MUTUAL FUND,INF109KC1V00,regular,idcw,reinvestment,true,"[{""type"":""withdrawal"",""amount_min"":1,""amount_max"":999999999,""amount_multiples"":0.01,""units_min"":0.001,""units_max"":999999999,""units_multiples"":0.001}]"
408,cybrillapoa,ICICI PRUDENTIAL NIFTY TOP 15 EQUAL WEIGHT INDEX FUND - GROWTH,ICICI PRUDENTIAL MUTUAL FUND,INF109K1A286,regular,growth,,true,"[{""type"":""lumpsum"",""amount_min"":1000,""additional_amount_min"":1000,""amount_max"":999999999,""additional_amount_max"":999999999,""amount_multiples"":1,""additional_amount_multiples"":1},{""type"":""withdrawal"",""amount_min"":0,""amount_max"":999999999,""amount_multiples"":1,""units_min"":0.001,""units_max"":999999999,""units_multiples"":0.001},{""type"":""sip"",""frequency"":""monthly"",""amount_min"":1000,""amount_max"":999999999,""amount_multiples"":1,""installments_min"":6,""dates"":[1,2,3,4,5,6,7,8,9,10,11,12,13,14,15,16,17,18,19,20,21,22,23,24,25,26,27,28]},{""type"":""sip"",""frequency"":""daily"",""amount_min"":1000,""amount_max"":999999999,""amount_multiples"":1,""installments_min"":6,""dates"":[]},{""type"":""sip"",""frequency"":""calendar_day_daily"",""amount_min"":1000,""amount_max"":999999999,""amount_multiples"":1,""installments_min"":6,""dates"":[]}]"
409,cybrillapoa,ICICI PRUDENTIAL NIFTY TOP 15 EQUAL WEIGHT INDEX FUND - IDCW,ICICI PRUDENTIAL MUTUAL FUND,INF109K1A294,regular,idcw,reinvestment,true,"[{""type"":""withdrawal"",""amount_min"":0,""amount_max"":999999999,""amount_multiples"":1,""units_min"":0.001,""units_max"":999999999,""units_multiples"":0.001}]"
410,cybrillapoa,ICICI PRUDENTIAL NIFTY200 QUALITY 30 INDEX FUND - GROWTH,ICICI PRUDENTIAL MUTUAL FUND,INF109K1A229,regular,growth,,true,"[{""type"":""lumpsum"",""amount_min"":1000,""additional_amount_min"":1000,""amount_max"":999999999,""additional_amount_max"":999999999,""amount_multiples"":1,""additional_amount_multiples"":1},{""type"":""withdrawal"",""amount_min"":0,""amount_max"":999999999,""amount_multiples"":1,""units_min"":0.001,""units_max"":999999999,""units_multiples"":0.001},{""type"":""sip"",""frequency"":""monthly"",""amount_min"":1000,""amount_max"":999999999,""amount_multiples"":1,""installments_min"":6,""dates"":[1,2,3,4,5,6,7,8,9,10,11,12,13,14,15,16,17,18,19,20,21,22,23,24,25,26,27,28]},{""type"":""sip"",""frequency"":""daily"",""amount_min"":1000,""amount_max"":999999999,""amount_multiples"":1,""installments_min"":6,""dates"":[]},{""type"":""sip"",""frequency"":""calendar_day_daily"",""amount_min"":1000,""amount_max"":999999999,""amount_multiples"":1,""installments_min"":6,""dates"":[]}]"
411,cybrillapoa,ICICI PRUDENTIAL NIFTY200 QUALITY 30 INDEX FUND - IDCW,ICICI PRUDENTIAL MUTUAL FUND,INF109K1A237,regular,idcw,reinvestment,true,"[{""type"":""withdrawal"",""amount_min"":0,""amount_max"":999999999,""amount_multiples"":1,""units_min"":0.001,""units_max"":999999999,""units_multiples"":0.001}]"
412,cybrillapoa,ICICI PRUDENTIAL NIFTY200 VALUE 30 INDEX FUND - GROWTH,ICICI PRUDENTIAL MUTUAL FUND,INF109KC10X8,regular,growth,,true,"[{""type"":""lumpsum"",""amount_min"":100,""additional_amount_min"":100,""amount_max"":999999999,""additional_amount_max"":999999999,""amount_multiples"":1,""additional_amount_multiples"":1},{""type"":""withdrawal"",""amount_min"":0,""amount_max"":999999999,""amount_multiples"":1,""units_min"":0.001,""units_max"":999999999,""units_multiples"":0.001},{""type"":""sip"",""frequency"":""monthly"",""amount_min"":100,""amount_max"":999999999,""amount_multiples"":1,""installments_min"":6,""dates"":[1,2,3,4,5,6,7,8,9,10,11,12,13,14,15,16,17,18,19,20,21,22,23,24,25,26,27,28]},{""type"":""sip"",""frequency"":""daily"",""amount_min"":100,""amount_max"":999999999,""amount_multiples"":1,""installments_min"":6,""dates"":[]},{""type"":""sip"",""frequency"":""calendar_day_daily"",""amount_min"":100,""amount_max"":999999999,""amount_multiples"":1,""installments_min"":6,""dates"":[]}]"
413,cybrillapoa,ICICI PRUDENTIAL NIFTY200 VALUE 30 INDEX FUND - IDCW,ICICI PRUDENTIAL MUTUAL FUND,INF109KC11X6,regular,idcw,reinvestment,true,"[{""type"":""withdrawal"",""amount_min"":0,""amount_max"":999999999,""amount_multiples"":1,""units_min"":0.001,""units_max"":999999999,""units_multiples"":0.001}]"
414,cybrillapoa,ICICI PRUDENTIAL NIFTY50 EQUAL WEIGHT INDEX FUND- GROWTH,ICICI PRUDENTIAL MUTUAL FUND,INF109KC17I4,regular,growth,,true,"[{""type"":""lumpsum"",""amount_min"":5000,""additional_amount_min"":5000,""amount_max"":999999999,""additional_amount_max"":999999999,""amount_multiples"":1,""additional_amount_multiples"":1},{""type"":""withdrawal"",""amount_min"":1,""amount_max"":999999999,""amount_multiples"":0.01,""units_min"":0.001,""units_max"":999999999,""units_multiples"":0.001},{""type"":""sip"",""frequency"":""monthly"",""amount_min"":1000,""amount_max"":999999999,""amount_multiples"":1,""installments_min"":6,""dates"":[1,2,3,4,5,6,7,8,9,10,11,12,13,14,15,16,17,18,19,20,21,22,23,24,25,26,27,28]},{""type"":""sip"",""frequency"":""daily"",""amount_min"":1000,""amount_max"":999999999,""amount_multiples"":1,""installments_min"":6,""dates"":[]},{""type"":""sip"",""frequency"":""calendar_day_daily"",""amount_min"":1000,""amount_max"":999999999,""amount_multiples"":1,""installments_min"":6,""dates"":[]}]"
415,cybrillapoa,ICICI PRUDENTIAL NIFTY50 EQUAL WEIGHT INDEX FUND- IDCW,ICICI PRUDENTIAL MUTUAL FUND,INF109KC19I0,regular,idcw,reinvestment,true,"[{""type"":""withdrawal"",""amount_min"":1,""amount_max"":999999999,""amount_multiples"":0.01,""units_min"":0.001,""units_max"":999999999,""units_multiples"":0.001}]"
416,cybrillapoa,ICICI PRUDENTIAL NIFTY50 VALUE 20 INDEX FUND - GROWTH,ICICI PRUDENTIAL MUTUAL FUND,INF109KC19T7,regular,growth,,true,"[{""type"":""lumpsum"",""amount_min"":100,""additional_amount_min"":100,""amount_max"":999999999,""additional_amount_max"":999999999,""amount_multiples"":1,""additional_amount_multiples"":1},{""type"":""withdrawal"",""amount_min"":0,""amount_max"":999999999,""amount_multiples"":0,""units_min"":0.001,""units_max"":999999999,""units_multiples"":0.001},{""type"":""sip"",""frequency"":""monthly"",""amount_min"":100,""amount_max"":999999999,""amount_multiples"":1,""installments_min"":6,""dates"":[1,2,3,4,5,6,7,8,9,10,11,12,13,14,15,16,17,18,19,20,21,22,23,24,25,26,27,28]},{""type"":""sip"",""frequency"":""daily"",""amount_min"":100,""amount_max"":999999999,""amount_multiples"":1,""installments_min"":6,""dates"":[]},{""type"":""sip"",""frequency"":""calendar_day_daily"",""amount_min"":100,""amount_max"":999999999,""amount_multiples"":1,""installments_min"":6,""dates"":[]}]"
417,cybrillapoa,ICICI PRUDENTIAL NIFTY50 VALUE 20 INDEX FUND - IDCW,ICICI PRUDENTIAL MUTUAL FUND,INF109KC11U2,regular,idcw,reinvestment,true,"[{""type"":""withdrawal"",""amount_min"":0,""amount_max"":999999999,""amount_multiples"":0,""units_min"":0.001,""units_max"":999999999,""units_multiples"":0.001}]"
418,cybrillapoa,ICICI PRUDENTIAL OVERNIGHT FUND - DAILY IDCW,ICICI PRUDENTIAL MUTUAL FUND,INF109KC18E1,regular,idcw_daily,reinvestment,true,"[{""type"":""lumpsum"",""amount_min"":100,""additional_amount_min"":100,""amount_max"":999999999,""additional_amount_max"":999999999,""amount_multiples"":1,""additional_amount_multiples"":1},{""type"":""withdrawal"",""amount_min"":1,""amount_max"":999999999,""amount_multiples"":0.01,""units_min"":0.001,""units_max"":999999999,""units_multiples"":0.001},{""type"":""sip"",""frequency"":""monthly"",""amount_min"":500,""amount_max"":999999999,""amount_multiples"":1,""installments_min"":6,""dates"":[1,2,3,4,5,6,7,8,9,10,11,12,13,14,15,16,17,18,19,20,21,22,23,24,25,26,27,28]},{""type"":""sip"",""frequency"":""daily"",""amount_min"":500,""amount_max"":999999999,""amount_multiples"":1,""installments_min"":6,""dates"":[]},{""type"":""sip"",""frequency"":""calendar_day_daily"",""amount_min"":500,""amount_max"":999999999,""amount_multiples"":1,""installments_min"":6,""dates"":[]}]"
419,cybrillapoa,ICICI PRUDENTIAL OVERNIGHT FUND - GROWTH,ICICI PRUDENTIAL MUTUAL FUND,INF109KC17E3,regular,growth,,true,"[{""type"":""lumpsum"",""amount_min"":100,""additional_amount_min"":100,""amount_max"":999999999,""additional_amount_max"":999999999,""amount_multiples"":1,""additional_amount_multiples"":1},{""type"":""withdrawal"",""amount_min"":1,""amount_max"":999999999,""amount_multiples"":0.01,""units_min"":0.001,""units_max"":999999999,""units_multiples"":0.001},{""type"":""sip"",""frequency"":""monthly"",""amount_min"":500,""amount_max"":999999999,""amount_multiples"":1,""installments_min"":6,""dates"":[1,2,3,4,5,6,7,8,9,10,11,12,13,14,15,16,17,18,19,20,21,22,23,24,25,26,27,28]},{""type"":""sip"",""frequency"":""daily"",""amount_min"":500,""amount_max"":999999999,""amount_multiples"":1,""installments_min"":6,""dates"":[]},{""type"":""sip"",""frequency"":""calendar_day_daily"",""amount_min"":500,""amount_max"":999999999,""amount_multiples"":1,""installments_min"":6,""dates"":[]}]"
420,cybrillapoa,ICICI PRUDENTIAL OVERNIGHT FUND - WEEKLY IDCW,ICICI PRUDENTIAL MUTUAL FUND,INF109KC11F3,regular,idcw_weekly,reinvestment,true,"[{""type"":""lumpsum"",""amount_min"":100,""additional_amount_min"":100,""amount_max"":999999999,""additional_amount_max"":999999999,""amount_multiples"":1,""additional_amount_multiples"":1},{""type"":""withdrawal"",""amount_min"":1,""amount_max"":999999999,""amount_multiples"":0.01,""units_min"":0.001,""units_max"":999999999,""units_multiples"":0.001},{""type"":""sip"",""frequency"":""monthly"",""amount_min"":500,""amount_max"":999999999,""amount_multiples"":1,""installments_min"":6,""dates"":[1,2,3,4,5,6,7,8,9,10,11,12,13,14,15,16,17,18,19,20,21,22,23,24,25,26,27,28]},{""type"":""sip"",""frequency"":""daily"",""amount_min"":500,""amount_max"":999999999,""amount_multiples"":1,""installments_min"":6,""dates"":[]},{""type"":""sip"",""frequency"":""calendar_day_daily"",""amount_min"":500,""amount_max"":999999999,""amount_multiples"":1,""installments_min"":6,""dates"":[]}]"
421,cybrillapoa,ICICI PRUDENTIAL PASSIVE MULTI-ASSET FUND OF FUNDS - GROWTH,ICICI PRUDENTIAL MUTUAL FUND,INF109KC1X81,regular,growth,,true,"[{""type"":""withdrawal"",""amount_min"":1,""amount_max"":999999999,""amount_multiples"":0.01,""units_min"":0.001,""units_max"":999999999,""units_multiples"":0.001}]"
422,cybrillapoa,ICICI PRUDENTIAL PASSIVE MULTI-ASSET FUND OF FUNDS - IDCW,ICICI PRUDENTIAL MUTUAL FUND,INF109KC1Y07,regular,idcw,reinvestment,true,"[{""type"":""withdrawal"",""amount_min"":1,""amount_max"":999999999,""amount_multiples"":0.01,""units_min"":0.001,""units_max"":999999999,""units_multiples"":0.001}]"
423,cybrillapoa,ICICI PRUDENTIAL PHARMA HEALTHCARE AND DIAGNOSTICS (P.H.D) FUND - CUMULATIVE OPTION,ICICI PRUDENTIAL MUTUAL FUND,INF109KC1GE9,regular,growth,,true,"[{""type"":""lumpsum"",""amount_min"":5000,""additional_amount_min"":1000,""amount_max"":999999999,""additional_amount_max"":999999999,""amount_multiples"":1,""additional_amount_multiples"":1},{""type"":""withdrawal"",""amount_min"":0.01,""amount_max"":999999999,""amount_multiples"":0.01,""units_min"":0.001,""units_max"":999999999,""units_multiples"":0.001},{""type"":""sip"",""frequency"":""monthly"",""amount_min"":100,""amount_max"":999999999,""amount_multiples"":1,""installments_min"":6,""dates"":[1,2,3,4,5,6,7,8,9,10,11,12,13,14,15,16,17,18,19,20,21,22,23,24,25,26,27,28]},{""type"":""sip"",""frequency"":""daily"",""amount_min"":100,""amount_max"":999999999,""amount_multiples"":1,""installments_min"":6,""dates"":[]},{""type"":""sip"",""frequency"":""calendar_day_daily"",""amount_min"":100,""amount_max"":999999999,""amount_multiples"":1,""installments_min"":6,""dates"":[]}]"
424,cybrillapoa,ICICI PRUDENTIAL PHARMA HEALTHCARE AND DIAGNOSTICS (P.H.D) FUND - IDCW OPTION,ICICI PRUDENTIAL MUTUAL FUND,INF109KC1GG4,regular,idcw,payout,true,"[{""type"":""lumpsum"",""amount_min"":5000,""additional_amount_min"":1000,""amount_max"":999999999,""additional_amount_max"":999999999,""amount_multiples"":1,""additional_amount_multiples"":1},{""type"":""withdrawal"",""amount_min"":0.01,""amount_max"":999999999,""amount_multiples"":0.01,""units_min"":0.001,""units_max"":999999999,""units_multiples"":0.001},{""type"":""sip"",""frequency"":""monthly"",""amount_min"":100,""amount_max"":999999999,""amount_multiples"":1,""installments_min"":6,""dates"":[1,2,3,4,5,6,7,8,9,10,11,12,13,14,15,16,17,18,19,20,21,22,23,24,25,26,27,28]},{""type"":""sip"",""frequency"":""daily"",""amount_min"":100,""amount_max"":999999999,""amount_multiples"":1,""installments_min"":6,""dates"":[]},{""type"":""sip"",""frequency"":""calendar_day_daily"",""amount_min"":100,""amount_max"":999999999,""amount_multiples"":1,""installments_min"":6,""dates"":[]}]"
425,cybrillapoa,ICICI PRUDENTIAL PSU EQUITY FUND - GROWTH,ICICI PRUDENTIAL MUTUAL FUND,INF109KC19H2,regular,growth,,true,"[{""type"":""lumpsum"",""amount_min"":5000,""additional_amount_min"":1000,""amount_max"":999999999,""additional_amount_max"":999999999,""amount_multiples"":1,""additional_amount_multiples"":1},{""type"":""withdrawal"",""amount_min"":1,""amount_max"":999999999,""amount_multiples"":0.01,""units_min"":0.001,""units_max"":999999999,""units_multiples"":0.001},{""type"":""sip"",""frequency"":""monthly"",""amount_min"":100,""amount_max"":999999999,""amount_multiples"":1,""installments_min"":6,""dates"":[1,2,3,4,5,6,7,8,9,10,11,12,13,14,15,16,17,18,19,20,21,22,23,24,25,26,27,28]},{""type"":""sip"",""frequency"":""daily"",""amount_min"":100,""amount_max"":999999999,""amount_multiples"":1,""installments_min"":6,""dates"":[]},{""type"":""sip"",""frequency"":""calendar_day_daily"",""amount_min"":100,""amount_max"":999999999,""amount_multiples"":1,""installments_min"":6,""dates"":[]}]"
426,cybrillapoa,ICICI PRUDENTIAL PSU EQUITY FUND - IDCW,ICICI PRUDENTIAL MUTUAL FUND,INF109KC11I7,regular,idcw,reinvestment,true,"[{""type"":""lumpsum"",""amount_min"":5000,""additional_amount_min"":1000,""amount_max"":999999999,""additional_amount_max"":999999999,""amount_multiples"":1,""additional_amount_multiples"":1},{""type"":""withdrawal"",""amount_min"":1,""amount_max"":999999999,""amount_multiples"":0.01,""units_min"":0.001,""units_max"":999999999,""units_multiples"":0.001},{""type"":""sip"",""frequency"":""monthly"",""amount_min"":100,""amount_max"":999999999,""amount_multiples"":1,""installments_min"":6,""dates"":[1,2,3,4,5,6,7,8,9,10,11,12,13,14,15,16,17,18,19,20,21,22,23,24,25,26,27,28]},{""type"":""sip"",""frequency"":""daily"",""amount_min"":100,""amount_max"":999999999,""amount_multiples"":1,""installments_min"":6,""dates"":[]},{""type"":""sip"",""frequency"":""calendar_day_daily"",""amount_min"":100,""amount_max"":999999999,""amount_multiples"":1,""installments_min"":6,""dates"":[]}]"
427,cybrillapoa,ICICI PRUDENTIAL QUALITY FUND - GROWTH,ICICI PRUDENTIAL MUTUAL FUND,INF109K1A211,regular,growth,,true,"[{""type"":""lumpsum"",""amount_min"":5000,""additional_amount_min"":1000,""amount_max"":999999999,""additional_amount_max"":999999999,""amount_multiples"":1,""additional_amount_multiples"":1},{""type"":""withdrawal"",""amount_min"":0,""amount_max"":999999999,""amount_multiples"":1,""units_min"":0.001,""units_max"":999999999,""units_multiples"":0.001},{""type"":""sip"",""frequency"":""monthly"",""amount_min"":100,""amount_max"":999999999,""amount_multiples"":1,""installments_min"":6,""dates"":[1,2,3,4,5,6,7,8,9,10,11,12,13,14,15,16,17,18,19,20,21,22,23,24,25,26,27,28]},{""type"":""sip"",""frequency"":""daily"",""amount_min"":100,""amount_max"":999999999,""amount_multiples"":1,""installments_min"":6,""dates"":[]},{""type"":""sip"",""frequency"":""calendar_day_daily"",""amount_min"":100,""amount_max"":999999999,""amount_multiples"":1,""installments_min"":6,""dates"":[]}]"
428,cybrillapoa,ICICI PRUDENTIAL QUALITY FUND - IDCW,ICICI PRUDENTIAL MUTUAL FUND,INF109K1A161,regular,idcw,reinvestment,true,"[{""type"":""lumpsum"",""amount_min"":5000,""additional_amount_min"":1000,""amount_max"":999999999,""additional_amount_max"":999999999,""amount_multiples"":1,""additional_amount_multiples"":1},{""type"":""withdrawal"",""amount_min"":0,""amount_max"":999999999,""amount_multiples"":1,""units_min"":0.001,""units_max"":999999999,""units_multiples"":0.001},{""type"":""sip"",""frequency"":""monthly"",""amount_min"":100,""amount_max"":999999999,""amount_multiples"":1,""installments_min"":6,""dates"":[1,2,3,4,5,6,7,8,9,10,11,12,13,14,15,16,17,18,19,20,21,22,23,24,25,26,27,28]},{""type"":""sip"",""frequency"":""daily"",""amount_min"":100,""amount_max"":999999999,""amount_multiples"":1,""installments_min"":6,""dates"":[]},{""type"":""sip"",""frequency"":""calendar_day_daily"",""amount_min"":100,""amount_max"":999999999,""amount_multiples"":1,""installments_min"":6,""dates"":[]}]"
429,cybrillapoa,ICICI PRUDENTIAL QUANT FUND GROWTH,ICICI PRUDENTIAL MUTUAL FUND,INF109KC1O33,regular,growth,,true,"[{""type"":""lumpsum"",""amount_min"":1000,""additional_amount_min"":500,""amount_max"":999999999,""additional_amount_max"":999999999,""amount_multiples"":1,""additional_amount_multiples"":1},{""type"":""withdrawal"",""amount_min"":1,""amount_max"":999999999,""amount_multiples"":0.01,""units_min"":0.001,""units_max"":999999999,""units_multiples"":0.001},{""type"":""sip"",""frequency"":""monthly"",""amount_min"":100,""amount_max"":999999999,""amount_multiples"":1,""installments_min"":6,""dates"":[1,2,3,4,5,6,7,8,9,10,11,12,13,14,15,16,17,18,19,20,21,22,23,24,25,26,27,28]}]"
430,cybrillapoa,ICICI PRUDENTIAL QUANT FUND IDCW,ICICI PRUDENTIAL MUTUAL FUND,INF109KC1O41,regular,idcw,reinvestment,true,"[{""type"":""lumpsum"",""amount_min"":1000,""additional_amount_min"":500,""amount_max"":999999999,""additional_amount_max"":999999999,""amount_multiples"":1,""additional_amount_multiples"":1},{""type"":""withdrawal"",""amount_min"":1,""amount_max"":999999999,""amount_multiples"":0.01,""units_min"":0.001,""units_max"":999999999,""units_multiples"":0.001},{""type"":""sip"",""frequency"":""monthly"",""amount_min"":100,""amount_max"":999999999,""amount_multiples"":1,""installments_min"":6,""dates"":[1,2,3,4,5,6,7,8,9,10,11,12,13,14,15,16,17,18,19,20,21,22,23,24,25,26,27,28]}]"
431,cybrillapoa,ICICI PRUDENTIAL REGULAR SAVINGS FUND - PLAN - BONUS,ICICI PRUDENTIAL MUTUAL FUND,INF109KA1319,regular,bonus,,true,"[{""type"":""withdrawal"",""amount_min"":1,""amount_max"":999999999,""amount_multiples"":0.01,""units_min"":0.001,""units_max"":999999999,""units_multiples"":0.001}]"
432,cybrillapoa,ICICI PRUDENTIAL REGULAR SAVINGS FUND - PLAN - GROWTH,ICICI PRUDENTIAL MUTUAL FUND,INF109K01902,regular,growth,,true,"[{""type"":""lumpsum"",""amount_min"":5000,""additional_amount_min"":500,""amount_max"":999999999,""additional_amount_max"":999999999,""amount_multiples"":1,""additional_amount_multiples"":1},{""type"":""withdrawal"",""amount_min"":0.01,""amount_max"":999999999,""amount_multiples"":0.01,""units_min"":0.001,""units_max"":999999999,""units_multiples"":0.001},{""type"":""sip"",""frequency"":""monthly"",""amount_min"":100,""amount_max"":999999999,""amount_multiples"":1,""installments_min"":6,""dates"":[1,2,3,4,5,6,7,8,9,10,11,12,13,14,15,16,17,18,19,20,21,22,23,24,25,26,27,28]},{""type"":""sip"",""frequency"":""daily"",""amount_min"":100,""amount_max"":999999999,""amount_multiples"":1,""installments_min"":6,""dates"":[]},{""type"":""sip"",""frequency"":""calendar_day_daily"",""amount_min"":100,""amount_max"":999999999,""amount_multiples"":1,""installments_min"":6,""dates"":[]}]"
433,cybrillapoa,ICICI PRUDENTIAL REGULAR SAVINGS FUND - PLAN - HALF YEARLY IDCW,ICICI PRUDENTIAL MUTUAL FUND,INF109K01WX5,regular,idcw_half_yearly,reinvestment,true,"[{""type"":""lumpsum"",""amount_min"":5000,""additional_amount_min"":500,""amount_max"":999999999,""additional_amount_max"":999999999,""amount_multiples"":1,""additional_amount_multiples"":1},{""type"":""withdrawal"",""amount_min"":0.01,""amount_max"":999999999,""amount_multiples"":0.01,""units_min"":0.001,""units_max"":999999999,""units_multiples"":0.001},{""type"":""sip"",""frequency"":""monthly"",""amount_min"":100,""amount_max"":999999999,""amount_multiples"":1,""installments_min"":6,""dates"":[1,2,3,4,5,6,7,8,9,10,11,12,13,14,15,16,17,18,19,20,21,22,23,24,25,26,27,28]},{""type"":""sip"",""frequency"":""daily"",""amount_min"":100,""amount_max"":999999999,""amount_multiples"":1,""installments_min"":6,""dates"":[]},{""type"":""sip"",""frequency"":""calendar_day_daily"",""amount_min"":100,""amount_max"":999999999,""amount_multiples"":1,""installments_min"":6,""dates"":[]}]"
434,cybrillapoa,ICICI PRUDENTIAL REGULAR SAVINGS FUND - PLAN - MONTHLY IDCW,ICICI PRUDENTIAL MUTUAL FUND,INF109K01894,regular,idcw_monthly,reinvestment,true,"[{""type"":""lumpsum"",""amount_min"":5000,""additional_amount_min"":500,""amount_max"":999999999,""additional_amount_max"":999999999,""amount_multiples"":1,""additional_amount_multiples"":1},{""type"":""withdrawal"",""amount_min"":0.01,""amount_max"":999999999,""amount_multiples"":0.01,""units_min"":0.001,""units_max"":999999999,""units_multiples"":0.001},{""type"":""sip"",""frequency"":""monthly"",""amount_min"":100,""amount_max"":999999999,""amount_multiples"":1,""installments_min"":6,""dates"":[1,2,3,4,5,6,7,8,9,10,11,12,13,14,15,16,17,18,19,20,21,22,23,24,25,26,27,28]},{""type"":""sip"",""frequency"":""daily"",""amount_min"":100,""amount_max"":999999999,""amount_multiples"":1,""installments_min"":6,""dates"":[]},{""type"":""sip"",""frequency"":""calendar_day_daily"",""amount_min"":100,""amount_max"":999999999,""amount_multiples"":1,""installments_min"":6,""dates"":[]}]"
435,cybrillapoa,ICICI PRUDENTIAL REGULAR SAVINGS FUND - PLAN - QUARTERLY IDCW,ICICI PRUDENTIAL MUTUAL FUND,INF109K01WY3,regular,idcw_quarterly,reinvestment,true,"[{""type"":""lumpsum"",""amount_min"":5000,""additional_amount_min"":500,""amount_max"":999999999,""additional_amount_max"":999999999,""amount_multiples"":1,""additional_amount_multiples"":1},{""type"":""withdrawal"",""amount_min"":0.01,""amount_max"":999999999,""amount_multiples"":0.01,""units_min"":0.001,""units_max"":999999999,""units_multiples"":0.001},{""type"":""sip"",""frequency"":""monthly"",""amount_min"":100,""amount_max"":999999999,""amount_multiples"":1,""installments_min"":6,""dates"":[1,2,3,4,5,6,7,8,9,10,11,12,13,14,15,16,17,18,19,20,21,22,23,24,25,26,27,28]},{""type"":""sip"",""frequency"":""daily"",""amount_min"":100,""amount_max"":999999999,""amount_multiples"":1,""installments_min"":6,""dates"":[]},{""type"":""sip"",""frequency"":""calendar_day_daily"",""amount_min"":100,""amount_max"":999999999,""amount_multiples"":1,""installments_min"":6,""dates"":[]}]"
436,cybrillapoa,ICICI PRUDENTIAL RETIREMENT FUND - HYBRID AGGRESSIVE - GROWTH OPTION,ICICI PRUDENTIAL MUTUAL FUND,INF109KC1TU8,regular,growth,,true,"[{""type"":""lumpsum"",""amount_min"":5000,""additional_amount_min"":1000,""amount_max"":999999999,""additional_amount_max"":999999999,""amount_multiples"":1,""additional_amount_multiples"":1},{""type"":""withdrawal"",""amount_min"":0.01,""amount_max"":999999999,""amount_multiples"":0.01,""units_min"":0.001,""units_max"":999999999,""units_multiples"":0.001},{""type"":""sip"",""frequency"":""monthly"",""amount_min"":100,""amount_max"":999999999,""amount_multiples"":1,""installments_min"":6,""dates"":[1,2,3,4,5,6,7,8,9,10,11,12,13,14,15,16,17,18,19,20,21,22,23,24,25,26,27,28]},{""type"":""sip"",""frequency"":""daily"",""amount_min"":100,""amount_max"":999999999,""amount_multiples"":1,""installments_min"":6,""dates"":[]},{""type"":""sip"",""frequency"":""calendar_day_daily"",""amount_min"":100,""amount_max"":999999999,""amount_multiples"":1,""installments_min"":6,""dates"":[]}]"
437,cybrillapoa,ICICI PRUDENTIAL RETIREMENT FUND - HYBRID AGGRESSIVE - IDCW OPTION,ICICI PRUDENTIAL MUTUAL FUND,INF109KC1TV6,regular,idcw,payout,true,"[{""type"":""lumpsum"",""amount_min"":5000,""additional_amount_min"":1000,""amount_max"":999999999,""additional_amount_max"":999999999,""amount_multiples"":1,""additional_amount_multiples"":1},{""type"":""withdrawal"",""amount_min"":0.01,""amount_max"":999999999,""amount_multiples"":0.01,""units_min"":0.001,""units_max"":999999999,""units_multiples"":0.001},{""type"":""sip"",""frequency"":""monthly"",""amount_min"":100,""amount_max"":999999999,""amount_multiples"":1,""installments_min"":6,""dates"":[1,2,3,4,5,6,7,8,9,10,11,12,13,14,15,16,17,18,19,20,21,22,23,24,25,26,27,28]},{""type"":""sip"",""frequency"":""daily"",""amount_min"":100,""amount_max"":999999999,""amount_multiples"":1,""installments_min"":6,""dates"":[]},{""type"":""sip"",""frequency"":""calendar_day_daily"",""amount_min"":100,""amount_max"":999999999,""amount_multiples"":1,""installments_min"":6,""dates"":[]}]"
438,cybrillapoa,ICICI PRUDENTIAL RETIREMENT FUND - HYBRID CONSERVATIVE - GROWTH OPTION,ICICI PRUDENTIAL MUTUAL FUND,INF109KC1TY0,regular,growth,,true,"[{""type"":""lumpsum"",""amount_min"":5000,""additional_amount_min"":1000,""amount_max"":999999999,""additional_amount_max"":999999999,""amount_multiples"":1,""additional_amount_multiples"":1},{""type"":""withdrawal"",""amount_min"":0.01,""amount_max"":999999999,""amount_multiples"":0.01,""units_min"":0.001,""units_max"":999999999,""units_multiples"":0.001},{""type"":""sip"",""frequency"":""monthly"",""amount_min"":100,""amount_max"":999999999,""amount_multiples"":1,""installments_min"":6,""dates"":[1,2,3,4,5,6,7,8,9,10,11,12,13,14,15,16,17,18,19,20,21,22,23,24,25,26,27,28]},{""type"":""sip"",""frequency"":""daily"",""amount_min"":100,""amount_max"":999999999,""amount_multiples"":1,""installments_min"":6,""dates"":[]},{""type"":""sip"",""frequency"":""calendar_day_daily"",""amount_min"":100,""amount_max"":999999999,""amount_multiples"":1,""installments_min"":6,""dates"":[]}]"
439,cybrillapoa,ICICI PRUDENTIAL RETIREMENT FUND - HYBRID CONSERVATIVE - IDCW OPTION,ICICI PRUDENTIAL MUTUAL FUND,INF109KC1TZ7,regular,idcw,payout,true,"[{""type"":""lumpsum"",""amount_min"":5000,""additional_amount_min"":1000,""amount_max"":999999999,""additional_amount_max"":999999999,""amount_multiples"":1,""additional_amount_multiples"":1},{""type"":""withdrawal"",""amount_min"":0.01,""amount_max"":999999999,""amount_multiples"":0.01,""units_min"":0.001,""units_max"":999999999,""units_multiples"":0.001},{""type"":""sip"",""frequency"":""monthly"",""amount_min"":100,""amount_max"":999999999,""amount_multiples"":1,""installments_min"":6,""dates"":[1,2,3,4,5,6,7,8,9,10,11,12,13,14,15,16,17,18,19,20,21,22,23,24,25,26,27,28]},{""type"":""sip"",""frequency"":""daily"",""amount_min"":100,""amount_max"":999999999,""amount_multiples"":1,""installments_min"":6,""dates"":[]},{""type"":""sip"",""frequency"":""calendar_day_daily"",""amount_min"":100,""amount_max"":999999999,""amount_multiples"":1,""installments_min"":6,""dates"":[]}]"
440,cybrillapoa,ICICI PRUDENTIAL RETIREMENT FUND - PURE DEBT - GROWTH OPTION,ICICI PRUDENTIAL MUTUAL FUND,INF109KC1UC4,regular,growth,,true,"[{""type"":""lumpsum"",""amount_min"":5000,""additional_amount_min"":1000,""amount_max"":999999999,""additional_amount_max"":999999999,""amount_multiples"":1,""additional_amount_multiples"":1},{""type"":""withdrawal"",""amount_min"":0.01,""amount_max"":999999999,""amount_multiples"":0.01,""units_min"":0.001,""units_max"":999999999,""units_multiples"":0.001},{""type"":""sip"",""frequency"":""monthly"",""amount_min"":100,""amount_max"":999999999,""amount_multiples"":1,""installments_min"":6,""dates"":[1,2,3,4,5,6,7,8,9,10,11,12,13,14,15,16,17,18,19,20,21,22,23,24,25,26,27,28]},{""type"":""sip"",""frequency"":""daily"",""amount_min"":100,""amount_max"":999999999,""amount_multiples"":1,""installments_min"":6,""dates"":[]},{""type"":""sip"",""frequency"":""calendar_day_daily"",""amount_min"":100,""amount_max"":999999999,""amount_multiples"":1,""installments_min"":6,""dates"":[]}]"
441,cybrillapoa,ICICI PRUDENTIAL RETIREMENT FUND - PURE DEBT - IDCW OPTION,ICICI PRUDENTIAL MUTUAL FUND,INF109KC1UD2,regular,idcw,payout,true,"[{""type"":""lumpsum"",""amount_min"":5000,""additional_amount_min"":1000,""amount_max"":999999999,""additional_amount_max"":999999999,""amount_multiples"":1,""additional_amount_multiples"":1},{""type"":""withdrawal"",""amount_min"":0.01,""amount_max"":999999999,""amount_multiples"":0.01,""units_min"":0.001,""units_max"":999999999,""units_multiples"":0.001},{""type"":""sip"",""frequency"":""monthly"",""amount_min"":100,""amount_max"":999999999,""amount_multiples"":1,""installments_min"":6,""dates"":[1,2,3,4,5,6,7,8,9,10,11,12,13,14,15,16,17,18,19,20,21,22,23,24,25,26,27,28]},{""type"":""sip"",""frequency"":""daily"",""amount_min"":100,""amount_max"":999999999,""amount_multiples"":1,""installments_min"":6,""dates"":[]},{""type"":""sip"",""frequency"":""calendar_day_daily"",""amount_min"":100,""amount_max"":999999999,""amount_multiples"":1,""installments_min"":6,""dates"":[]}]"
442,cybrillapoa,ICICI PRUDENTIAL RETIREMENT FUND - PURE EQUITY - GROWTH OPTION,ICICI PRUDENTIAL MUTUAL FUND,INF109KC1TQ6,regular,growth,,true,"[{""type"":""lumpsum"",""amount_min"":5000,""additional_amount_min"":1000,""amount_max"":999999999,""additional_amount_max"":999999999,""amount_multiples"":1,""additional_amount_multiples"":1},{""type"":""withdrawal"",""amount_min"":0.01,""amount_max"":999999999,""amount_multiples"":0.01,""units_min"":0.001,""units_max"":999999999,""units_multiples"":0.001},{""type"":""sip"",""frequency"":""monthly"",""amount_min"":100,""amount_max"":999999999,""amount_multiples"":1,""installments_min"":6,""dates"":[1,2,3,4,5,6,7,8,9,10,11,12,13,14,15,16,17,18,19,20,21,22,23,24,25,26,27,28]},{""type"":""sip"",""frequency"":""daily"",""amount_min"":100,""amount_max"":999999999,""amount_multiples"":1,""installments_min"":6,""dates"":[]},{""type"":""sip"",""frequency"":""calendar_day_daily"",""amount_min"":100,""amount_max"":999999999,""amount_multiples"":1,""installments_min"":6,""dates"":[]}]"
443,cybrillapoa,ICICI PRUDENTIAL RETIREMENT FUND - PURE EQUITY - IDCW OPTION,ICICI PRUDENTIAL MUTUAL FUND,INF109KC1TR4,regular,idcw,payout,true,"[{""type"":""lumpsum"",""amount_min"":5000,""additional_amount_min"":1000,""amount_max"":999999999,""additional_amount_max"":999999999,""amount_multiples"":1,""additional_amount_multiples"":1},{""type"":""withdrawal"",""amount_min"":0.01,""amount_max"":999999999,""amount_multiples"":0.01,""units_min"":0.001,""units_max"":999999999,""units_multiples"":0.001},{""type"":""sip"",""frequency"":""monthly"",""amount_min"":100,""amount_max"":999999999,""amount_multiples"":1,""installments_min"":6,""dates"":[1,2,3,4,5,6,7,8,9,10,11,12,13,14,15,16,17,18,19,20,21,22,23,24,25,26,27,28]},{""type"":""sip"",""frequency"":""daily"",""amount_min"":100,""amount_max"":999999999,""amount_multiples"":1,""installments_min"":6,""dates"":[]},{""type"":""sip"",""frequency"":""calendar_day_daily"",""amount_min"":100,""amount_max"":999999999,""amount_multiples"":1,""installments_min"":6,""dates"":[]}]"
444,cybrillapoa,ICICI PRUDENTIAL RURAL OPPORTUNITIES FUND - GROWTH,ICICI PRUDENTIAL MUTUAL FUND,INF109KC19Y7,regular,growth,,true,"[{""type"":""lumpsum"",""amount_min"":5000,""additional_amount_min"":1000,""amount_max"":999999999,""additional_amount_max"":999999999,""amount_multiples"":1,""additional_amount_multiples"":1},{""type"":""withdrawal"",""amount_min"":0,""amount_max"":999999999,""amount_multiples"":1,""units_min"":0.001,""units_max"":999999999,""units_multiples"":0.001},{""type"":""sip"",""frequency"":""monthly"",""amount_min"":100,""amount_max"":999999999,""amount_multiples"":1,""installments_min"":6,""dates"":[1,2,3,4,5,6,7,8,9,10,11,12,13,14,15,16,17,18,19,20,21,22,23,24,25,26,27,28]},{""type"":""sip"",""frequency"":""daily"",""amount_min"":100,""amount_max"":999999999,""amount_multiples"":1,""installments_min"":6,""dates"":[]},{""type"":""sip"",""frequency"":""calendar_day_daily"",""amount_min"":100,""amount_max"":999999999,""amount_multiples"":1,""installments_min"":6,""dates"":[]}]"
445,cybrillapoa,ICICI PRUDENTIAL RURAL OPPORTUNITIES FUND - IDCW,ICICI PRUDENTIAL MUTUAL FUND,INF109KC10Z3,regular,idcw,reinvestment,true,"[{""type"":""lumpsum"",""amount_min"":5000,""additional_amount_min"":1000,""amount_max"":999999999,""additional_amount_max"":999999999,""amount_multiples"":1,""additional_amount_multiples"":1},{""type"":""withdrawal"",""amount_min"":0,""amount_max"":999999999,""amount_multiples"":1,""units_min"":0.001,""units_max"":999999999,""units_multiples"":0.001},{""type"":""sip"",""frequency"":""monthly"",""amount_min"":100,""amount_max"":999999999,""amount_multiples"":1,""installments_min"":6,""dates"":[1,2,3,4,5,6,7,8,9,10,11,12,13,14,15,16,17,18,19,20,21,22,23,24,25,26,27,28]},{""type"":""sip"",""frequency"":""daily"",""amount_min"":100,""amount_max"":999999999,""amount_multiples"":1,""installments_min"":6,""dates"":[]},{""type"":""sip"",""frequency"":""calendar_day_daily"",""amount_min"":100,""amount_max"":999999999,""amount_multiples"":1,""installments_min"":6,""dates"":[]}]"
446,cybrillapoa,ICICI PRUDENTIAL SAVINGS FUND - BONUS,ICICI PRUDENTIAL MUTUAL FUND,INF109KA1I92,regular,bonus,,true,"[{""type"":""withdrawal"",""amount_min"":0.01,""amount_max"":999999999,""amount_multiples"":0.01,""units_min"":0.001,""units_max"":999999999,""units_multiples"":0.001}]"
447,cybrillapoa,ICICI PRUDENTIAL SAVINGS FUND - FORTNIGHTLY IDCW,ICICI PRUDENTIAL MUTUAL FUND,INF109K011Z1,regular,idcw_fortnightly,reinvestment,true,"[{""type"":""lumpsum"",""amount_min"":100,""additional_amount_min"":100,""amount_max"":999999999,""additional_amount_max"":999999999,""amount_multiples"":1,""additional_amount_multiples"":1},{""type"":""withdrawal"",""amount_min"":0.01,""amount_max"":999999999,""amount_multiples"":0.01,""units_min"":0.001,""units_max"":999999999,""units_multiples"":0.001},{""type"":""sip"",""frequency"":""monthly"",""amount_min"":100,""amount_max"":999999999,""amount_multiples"":1,""installments_min"":6,""dates"":[1,2,3,4,5,6,7,8,9,10,11,12,13,14,15,16,17,18,19,20,21,22,23,24,25,26,27,28]},{""type"":""sip"",""frequency"":""daily"",""amount_min"":100,""amount_max"":999999999,""amount_multiples"":1,""installments_min"":6,""dates"":[]},{""type"":""sip"",""frequency"":""calendar_day_daily"",""amount_min"":100,""amount_max"":999999999,""amount_multiples"":1,""installments_min"":6,""dates"":[]}]"
448,cybrillapoa,ICICI PRUDENTIAL SAVINGS FUND - GROWTH,ICICI PRUDENTIAL MUTUAL FUND,INF109K01746,regular,growth,,true,"[{""type"":""lumpsum"",""amount_min"":100,""additional_amount_min"":100,""amount_max"":999999999,""additional_amount_max"":999999999,""amount_multiples"":1,""additional_amount_multiples"":1},{""type"":""withdrawal"",""amount_min"":0.01,""amount_max"":999999999,""amount_multiples"":0.01,""units_min"":0.001,""units_max"":999999999,""units_multiples"":0.001},{""type"":""sip"",""frequency"":""monthly"",""amount_min"":100,""amount_max"":999999999,""amount_multiples"":1,""installments_min"":6,""dates"":[1,2,3,4,5,6,7,8,9,10,11,12,13,14,15,16,17,18,19,20,21,22,23,24,25,26,27,28]},{""type"":""sip"",""frequency"":""daily"",""amount_min"":100,""amount_max"":999999999,""amount_multiples"":1,""installments_min"":6,""dates"":[]},{""type"":""sip"",""frequency"":""calendar_day_daily"",""amount_min"":100,""amount_max"":999999999,""amount_multiples"":1,""installments_min"":6,""dates"":[]}]"
449,cybrillapoa,ICICI PRUDENTIAL SAVINGS FUND - MONTHLY IDCW,ICICI PRUDENTIAL MUTUAL FUND,INF109K013Z7,regular,idcw_monthly,reinvestment,true,"[{""type"":""lumpsum"",""amount_min"":100,""additional_amount_min"":100,""amount_max"":999999999,""additional_amount_max"":999999999,""amount_multiples"":1,""additional_amount_multiples"":1},{""type"":""withdrawal"",""amount_min"":0.01,""amount_max"":999999999,""amount_multiples"":0.01,""units_min"":0.001,""units_max"":999999999,""units_multiples"":0.001},{""type"":""sip"",""frequency"":""monthly"",""amount_min"":100,""amount_max"":999999999,""amount_multiples"":1,""installments_min"":6,""dates"":[1,2,3,4,5,6,7,8,9,10,11,12,13,14,15,16,17,18,19,20,21,22,23,24,25,26,27,28]},{""type"":""sip"",""frequency"":""daily"",""amount_min"":100,""amount_max"":999999999,""amount_multiples"":1,""installments_min"":6,""dates"":[]},{""type"":""sip"",""frequency"":""calendar_day_daily"",""amount_min"":100,""amount_max"":999999999,""amount_multiples"":1,""installments_min"":6,""dates"":[]}]"
450,cybrillapoa,ICICI PRUDENTIAL SAVINGS FUND - QUARTERLY IDCW,ICICI PRUDENTIAL MUTUAL FUND,INF109K015Z2,regular,idcw_quarterly,reinvestment,true,"[{""type"":""lumpsum"",""amount_min"":100,""additional_amount_min"":100,""amount_max"":999999999,""additional_amount_max"":999999999,""amount_multiples"":1,""additional_amount_multiples"":1},{""type"":""withdrawal"",""amount_min"":0.01,""amount_max"":999999999,""amount_multiples"":0.01,""units_min"":0.001,""units_max"":999999999,""units_multiples"":0.001},{""type"":""sip"",""frequency"":""monthly"",""amount_min"":100,""amount_max"":999999999,""amount_multiples"":1,""installments_min"":6,""dates"":[1,2,3,4,5,6,7,8,9,10,11,12,13,14,15,16,17,18,19,20,21,22,23,24,25,26,27,28]},{""type"":""sip"",""frequency"":""daily"",""amount_min"":100,""amount_max"":999999999,""amount_multiples"":1,""installments_min"":6,""dates"":[]},{""type"":""sip"",""frequency"":""calendar_day_daily"",""amount_min"":100,""amount_max"":999999999,""amount_multiples"":1,""installments_min"":6,""dates"":[]}]"
451,cybrillapoa,ICICI PRUDENTIAL SAVINGS FUND - WEEKLY IDCW,ICICI PRUDENTIAL MUTUAL FUND,INF109K01753,regular,idcw_weekly,reinvestment,true,"[{""type"":""lumpsum"",""amount_min"":100,""additional_amount_min"":100,""amount_max"":999999999,""additional_amount_max"":999999999,""amount_multiples"":1,""additional_amount_multiples"":1},{""type"":""withdrawal"",""amount_min"":0.01,""amount_max"":999999999,""amount_multiples"":0.01,""units_min"":0.001,""units_max"":999999999,""units_multiples"":0.001},{""type"":""sip"",""frequency"":""monthly"",""amount_min"":100,""amount_max"":999999999,""amount_multiples"":1,""installments_min"":6,""dates"":[1,2,3,4,5,6,7,8,9,10,11,12,13,14,15,16,17,18,19,20,21,22,23,24,25,26,27,28]},{""type"":""sip"",""frequency"":""daily"",""amount_min"":100,""amount_max"":999999999,""amount_multiples"":1,""installments_min"":6,""dates"":[]},{""type"":""sip"",""frequency"":""calendar_day_daily"",""amount_min"":100,""amount_max"":999999999,""amount_multiples"":1,""installments_min"":6,""dates"":[]}]"
452,cybrillapoa,ICICI PRUDENTIAL SAVINGS FUND PLAN C - GROWTH,ICICI PRUDENTIAL MUTUAL FUND,INF109K01AB7,regular,growth,,true,"[{""type"":""withdrawal"",""amount_min"":0.01,""amount_max"":999999999,""amount_multiples"":0.01,""units_min"":0.001,""units_max"":999999999,""units_multiples"":0.001}]"
453,cybrillapoa,ICICI PRUDENTIAL SAVINGS FUND PLAN C - WEEKLY DIVIDEND OPTION,ICICI PRUDENTIAL MUTUAL FUND,INF109K01AC5,regular,idcw_weekly,reinvestment,true,"[{""type"":""withdrawal"",""amount_min"":0.01,""amount_max"":999999999,""amount_multiples"":0.01,""units_min"":0.001,""units_max"":999999999,""units_multiples"":0.001}]"
454,cybrillapoa,ICICI PRUDENTIAL SAVINGS FUND RETAIL DAILY DIVIDEND,ICICI PRUDENTIAL MUTUAL FUND,INF109K01BW1,regular,idcw_daily,reinvestment,true,"[{""type"":""withdrawal"",""amount_min"":0.01,""amount_max"":999999999,""amount_multiples"":0.01,""units_min"":0.001,""units_max"":999999999,""units_multiples"":0.001}]"
455,cybrillapoa,ICICI PRUDENTIAL SAVINGS FUND RETAIL GROWTH,ICICI PRUDENTIAL MUTUAL FUND,INF109K01BX9,regular,growth,,true,"[{""type"":""withdrawal"",""amount_min"":0.01,""amount_max"":999999999,""amount_multiples"":0.01,""units_min"":0.001,""units_max"":999999999,""units_multiples"":0.001}]"
456,cybrillapoa,ICICI PRUDENTIAL SHORT TERM FUND - BONUS,ICICI PRUDENTIAL MUTUAL FUND,INF109KA1376,regular,bonus,,true,"[{""type"":""withdrawal"",""amount_min"":1,""amount_max"":999999999,""amount_multiples"":0.01,""units_min"":0.001,""units_max"":999999999,""units_multiples"":0.001}]"
457,cybrillapoa,ICICI PRUDENTIAL SHORT TERM FUND - GROWTH OPTION,ICICI PRUDENTIAL MUTUAL FUND,INF109K01654,regular,growth,,true,"[{""type"":""lumpsum"",""amount_min"":5000,""additional_amount_min"":1000,""amount_max"":999999999,""additional_amount_max"":999999999,""amount_multiples"":1,""additional_amount_multiples"":1},{""type"":""withdrawal"",""amount_min"":0.01,""amount_max"":999999999,""amount_multiples"":0.01,""units_min"":0.001,""units_max"":999999999,""units_multiples"":0.001},{""type"":""sip"",""frequency"":""monthly"",""amount_min"":1000,""amount_max"":999999999,""amount_multiples"":1,""installments_min"":6,""dates"":[1,2,3,4,5,6,7,8,9,10,11,12,13,14,15,16,17,18,19,20,21,22,23,24,25,26,27,28]},{""type"":""sip"",""frequency"":""daily"",""amount_min"":1000,""amount_max"":999999999,""amount_multiples"":1,""installments_min"":6,""dates"":[]},{""type"":""sip"",""frequency"":""calendar_day_daily"",""amount_min"":1000,""amount_max"":999999999,""amount_multiples"":1,""installments_min"":6,""dates"":[]}]"
458,cybrillapoa,ICICI PRUDENTIAL SHORT TERM FUND - INSTITUTIONAL PLAN - DIVIDEND MONTHLY,ICICI PRUDENTIAL MUTUAL FUND,INF109K01670,regular,idcw_monthly,reinvestment,true,"[{""type"":""withdrawal"",""amount_min"":0.01,""amount_max"":999999999,""amount_multiples"":0.01,""units_min"":0.001,""units_max"":999999999,""units_multiples"":0.001}]"
459,cybrillapoa,ICICI PRUDENTIAL SHORT TERM FUND - MONTHLY IDCW,ICICI PRUDENTIAL MUTUAL FUND,INF109K01647,regular,idcw_monthly,reinvestment,true,"[{""type"":""lumpsum"",""amount_min"":5000,""additional_amount_min"":1000,""amount_max"":999999999,""additional_amount_max"":999999999,""amount_multiples"":1,""additional_amount_multiples"":1},{""type"":""withdrawal"",""amount_min"":0.01,""amount_max"":999999999,""amount_multiples"":0.01,""units_min"":0.001,""units_max"":999999999,""units_multiples"":0.001},{""type"":""sip"",""frequency"":""monthly"",""amount_min"":1000,""amount_max"":999999999,""amount_multiples"":1,""installments_min"":6,""dates"":[1,2,3,4,5,6,7,8,9,10,11,12,13,14,15,16,17,18,19,20,21,22,23,24,25,26,27,28]},{""type"":""sip"",""frequency"":""daily"",""amount_min"":1000,""amount_max"":999999999,""amount_multiples"":1,""installments_min"":6,""dates"":[]},{""type"":""sip"",""frequency"":""calendar_day_daily"",""amount_min"":1000,""amount_max"":999999999,""amount_multiples"":1,""installments_min"":6,""dates"":[]}]"
460,cybrillapoa,ICICI PRUDENTIAL SHORT TERM FUND-INSTITUTIONAL GROWTH,ICICI PRUDENTIAL MUTUAL FUND,INF109K01696,regular,growth,,true,"[{""type"":""withdrawal"",""amount_min"":0.01,""amount_max"":999999999,""amount_multiples"":0.01,""units_min"":0.001,""units_max"":999999999,""units_multiples"":0.001}]"
461,cybrillapoa,ICICI PRUDENTIAL SILVER ETF FOF - GROWTH,ICICI PRUDENTIAL MUTUAL FUND,INF109KC1Y64,regular,growth,,true,"[{""type"":""lumpsum"",""amount_min"":100,""additional_amount_min"":100,""amount_max"":999999999,""additional_amount_max"":999999999,""amount_multiples"":1,""additional_amount_multiples"":1},{""type"":""withdrawal"",""amount_min"":1,""amount_max"":999999999,""amount_multiples"":0,""units_min"":0.001,""units_max"":999999999,""units_multiples"":0.001},{""type"":""sip"",""frequency"":""monthly"",""amount_min"":100,""amount_max"":999999999,""amount_multiples"":1,""installments_min"":6,""dates"":[1,2,3,4,5,6,7,8,9,10,11,12,13,14,15,16,17,18,19,20,21,22,23,24,25,26,27,28]},{""type"":""sip"",""frequency"":""daily"",""amount_min"":100,""amount_max"":999999999,""amount_multiples"":1,""installments_min"":6,""dates"":[]},{""type"":""sip"",""frequency"":""calendar_day_daily"",""amount_min"":100,""amount_max"":999999999,""amount_multiples"":1,""installments_min"":6,""dates"":[]}]"
462,cybrillapoa,ICICI PRUDENTIAL SILVER ETF FOF - IDCW,ICICI PRUDENTIAL MUTUAL FUND,INF109KC1Y80,regular,idcw,reinvestment,true,"[{""type"":""withdrawal"",""amount_min"":1,""amount_max"":999999999,""amount_multiples"":0,""units_min"":0.001,""units_max"":999999999,""units_multiples"":0.001}]"
463,cybrillapoa,ICICI PRUDENTIAL SMALLCAP FUND - GROWTH,ICICI PRUDENTIAL MUTUAL FUND,INF109K01BI0,regular,growth,,true,"[{""type"":""lumpsum"",""amount_min"":5000,""additional_amount_min"":1000,""amount_max"":999999999,""additional_amount_max"":999999999,""amount_multiples"":1,""additional_amount_multiples"":1},{""type"":""withdrawal"",""amount_min"":0.01,""amount_max"":999999999,""amount_multiples"":0.01,""units_min"":0.001,""units_max"":999999999,""units_multiples"":0.001},{""type"":""sip"",""frequency"":""monthly"",""amount_min"":100,""amount_max"":999999999,""amount_multiples"":1,""installments_min"":6,""dates"":[1,2,3,4,5,6,7,8,9,10,11,12,13,14,15,16,17,18,19,20,21,22,23,24,25,26,27,28]},{""type"":""sip"",""frequency"":""daily"",""amount_min"":100,""amount_max"":999999999,""amount_multiples"":1,""installments_min"":6,""dates"":[]},{""type"":""sip"",""frequency"":""calendar_day_daily"",""amount_min"":100,""amount_max"":999999999,""amount_multiples"":1,""installments_min"":6,""dates"":[]}]"
464,cybrillapoa,ICICI PRUDENTIAL SMALLCAP FUND - IDCW,ICICI PRUDENTIAL MUTUAL FUND,INF109K01BJ8,regular,idcw,reinvestment,true,"[{""type"":""lumpsum"",""amount_min"":5000,""additional_amount_min"":1000,""amount_max"":999999999,""additional_amount_max"":999999999,""amount_multiples"":1,""additional_amount_multiples"":1},{""type"":""withdrawal"",""amount_min"":0.01,""amount_max"":999999999,""amount_multiples"":0.01,""units_min"":0.001,""units_max"":999999999,""units_multiples"":0.001},{""type"":""sip"",""frequency"":""monthly"",""amount_min"":100,""amount_max"":999999999,""amount_multiples"":1,""installments_min"":6,""dates"":[1,2,3,4,5,6,7,8,9,10,11,12,13,14,15,16,17,18,19,20,21,22,23,24,25,26,27,28]},{""type"":""sip"",""frequency"":""daily"",""amount_min"":100,""amount_max"":999999999,""amount_multiples"":1,""installments_min"":6,""dates"":[]},{""type"":""sip"",""frequency"":""calendar_day_daily"",""amount_min"":100,""amount_max"":999999999,""amount_multiples"":1,""installments_min"":6,""dates"":[]}]"
465,cybrillapoa,ICICI PRUDENTIAL SMALLCAP FUND - INSTITUTIONAL GROWTH,ICICI PRUDENTIAL MUTUAL FUND,INF109K01BK6,regular,growth,,true,"[{""type"":""withdrawal"",""amount_min"":0.01,""amount_max"":999999999,""amount_multiples"":0.01,""units_min"":0.001,""units_max"":999999999,""units_multiples"":0.001}]"
466,cybrillapoa,ICICI PRUDENTIAL STRATEGIC METAL AND ENERGY EQUITY FUND OF FUND - GROWTH,ICICI PRUDENTIAL MUTUAL FUND,INF109KC1Z22,regular,growth,,true,"[{""type"":""withdrawal"",""amount_min"":1,""amount_max"":999999999,""amount_multiples"":0.01,""units_min"":0.001,""units_max"":999999999,""units_multiples"":0.001}]"
467,cybrillapoa,ICICI PRUDENTIAL STRATEGIC METAL AND ENERGY EQUITY FUND OF FUND - IDCW,ICICI PRUDENTIAL MUTUAL FUND,INF109KC1Z48,regular,idcw,reinvestment,true,"[{""type"":""withdrawal"",""amount_min"":1,""amount_max"":999999999,""amount_multiples"":0.01,""units_min"":0.001,""units_max"":999999999,""units_multiples"":0.001}]"
468,cybrillapoa,ICICI PRUDENTIAL TECHNOLOGY FUND - GROWTH,ICICI PRUDENTIAL MUTUAL FUND,INF109K01506,regular,growth,,true,"[{""type"":""lumpsum"",""amount_min"":5000,""additional_amount_min"":1000,""amount_max"":999999999,""additional_amount_max"":999999999,""amount_multiples"":1,""additional_amount_multiples"":1},{""type"":""withdrawal"",""amount_min"":0.01,""amount_max"":999999999,""amount_multiples"":0.01,""units_min"":0.001,""units_max"":999999999,""units_multiples"":0.001},{""type"":""sip"",""frequency"":""monthly"",""amount_min"":100,""amount_max"":999999999,""amount_multiples"":1,""installments_min"":6,""dates"":[1,2,3,4,5,6,7,8,9,10,11,12,13,14,15,16,17,18,19,20,21,22,23,24,25,26,27,28]},{""type"":""sip"",""frequency"":""daily"",""amount_min"":100,""amount_max"":999999999,""amount_multiples"":1,""installments_min"":6,""dates"":[]},{""type"":""sip"",""frequency"":""calendar_day_daily"",""amount_min"":100,""amount_max"":999999999,""amount_multiples"":1,""installments_min"":6,""dates"":[]}]"
469,cybrillapoa,ICICI PRUDENTIAL TECHNOLOGY FUND - IDCW,ICICI PRUDENTIAL MUTUAL FUND,INF109K01514,regular,idcw,reinvestment,true,"[{""type"":""lumpsum"",""amount_min"":5000,""additional_amount_min"":1000,""amount_max"":999999999,""additional_amount_max"":999999999,""amount_multiples"":1,""additional_amount_multiples"":1},{""type"":""withdrawal"",""amount_min"":0.01,""amount_max"":999999999,""amount_multiples"":0.01,""units_min"":0.001,""units_max"":999999999,""units_multiples"":0.001},{""type"":""sip"",""frequency"":""monthly"",""amount_min"":100,""amount_max"":999999999,""amount_multiples"":1,""installments_min"":6,""dates"":[1,2,3,4,5,6,7,8,9,10,11,12,13,14,15,16,17,18,19,20,21,22,23,24,25,26,27,28]},{""type"":""sip"",""frequency"":""daily"",""amount_min"":100,""amount_max"":999999999,""amount_multiples"":1,""installments_min"":6,""dates"":[]},{""type"":""sip"",""frequency"":""calendar_day_daily"",""amount_min"":100,""amount_max"":999999999,""amount_multiples"":1,""installments_min"":6,""dates"":[]}]"
470,cybrillapoa,ICICI PRUDENTIAL THEMATIC ADVANTAGE FUND (FOF) - GROWTH,ICICI PRUDENTIAL MUTUAL FUND,INF109K01852,regular,growth,,true,"[{""type"":""lumpsum"",""amount_min"":5000,""additional_amount_min"":500,""amount_max"":999999999,""additional_amount_max"":999999999,""amount_multiples"":1,""additional_amount_multiples"":1},{""type"":""withdrawal"",""amount_min"":0.01,""amount_max"":999999999,""amount_multiples"":0.01,""units_min"":0.001,""units_max"":999999999,""units_multiples"":0.001},{""type"":""sip"",""frequency"":""monthly"",""amount_min"":1000,""amount_max"":999999999,""amount_multiples"":1,""installments_min"":6,""dates"":[1,2,3,4,5,6,7,8,9,10,11,12,13,14,15,16,17,18,19,20,21,22,23,24,25,26,27,28]},{""type"":""sip"",""frequency"":""daily"",""amount_min"":1000,""amount_max"":999999999,""amount_multiples"":1,""installments_min"":6,""dates"":[]},{""type"":""sip"",""frequency"":""calendar_day_daily"",""amount_min"":1000,""amount_max"":999999999,""amount_multiples"":1,""installments_min"":6,""dates"":[]}]"
471,cybrillapoa,ICICI PRUDENTIAL THEMATIC ADVANTAGE FUND (FOF) - IDCW,ICICI PRUDENTIAL MUTUAL FUND,INF109K01860,regular,idcw,reinvestment,true,"[{""type"":""withdrawal"",""amount_min"":0.01,""amount_max"":999999999,""amount_multiples"":0.01,""units_min"":0.001,""units_max"":999999999,""units_multiples"":0.001}]"
472,cybrillapoa,ICICI PRUDENTIAL TRANSPORTATION AND LOGISTICS FUND - GROWTH,ICICI PRUDENTIAL MUTUAL FUND,INF109KC19J8,regular,growth,,true,"[{""type"":""lumpsum"",""amount_min"":5000,""additional_amount_min"":1000,""amount_max"":999999999,""additional_amount_max"":999999999,""amount_multiples"":1,""additional_amount_multiples"":1},{""type"":""withdrawal"",""amount_min"":1,""amount_max"":999999999,""amount_multiples"":0.01,""units_min"":0.001,""units_max"":999999999,""units_multiples"":0.001},{""type"":""sip"",""frequency"":""monthly"",""amount_min"":100,""amount_max"":999999999,""amount_multiples"":1,""installments_min"":6,""dates"":[1,2,3,4,5,6,7,8,9,10,11,12,13,14,15,16,17,18,19,20,21,22,23,24,25,26,27,28]},{""type"":""sip"",""frequency"":""daily"",""amount_min"":100,""amount_max"":999999999,""amount_multiples"":1,""installments_min"":6,""dates"":[]},{""type"":""sip"",""frequency"":""calendar_day_daily"",""amount_min"":100,""amount_max"":999999999,""amount_multiples"":1,""installments_min"":6,""dates"":[]}]"
473,cybrillapoa,ICICI PRUDENTIAL TRANSPORTATION AND LOGISTICS FUND - IDCW,ICICI PRUDENTIAL MUTUAL FUND,INF109KC11K3,regular,idcw,reinvestment,true,"[{""type"":""lumpsum"",""amount_min"":5000,""additional_amount_min"":1000,""amount_max"":999999999,""additional_amount_max"":999999999,""amount_multiples"":1,""additional_amount_multiples"":1},{""type"":""withdrawal"",""amount_min"":1,""amount_max"":999999999,""amount_multiples"":0.01,""units_min"":0.001,""units_max"":999999999,""units_multiples"":0.001},{""type"":""sip"",""frequency"":""monthly"",""amount_min"":100,""amount_max"":999999999,""amount_multiples"":1,""installments_min"":6,""dates"":[1,2,3,4,5,6,7,8,9,10,11,12,13,14,15,16,17,18,19,20,21,22,23,24,25,26,27,28]},{""type"":""sip"",""frequency"":""daily"",""amount_min"":100,""amount_max"":999999999,""amount_multiples"":1,""installments_min"":6,""dates"":[]},{""type"":""sip"",""frequency"":""calendar_day_daily"",""amount_min"":100,""amount_max"":999999999,""amount_multiples"":1,""installments_min"":6,""dates"":[]}]"
474,cybrillapoa,ICICI PRUDENTIAL ULTRA SHORT TERM FUND - DAILY IDCW,ICICI PRUDENTIAL MUTUAL FUND,INF109KC1ND7,regular,idcw_daily,reinvestment,true,"[{""type"":""lumpsum"",""amount_min"":5000,""additional_amount_min"":1000,""amount_max"":999999999,""additional_amount_max"":999999999,""amount_multiples"":1,""additional_amount_multiples"":1},{""type"":""withdrawal"",""amount_min"":0.01,""amount_max"":999999999,""amount_multiples"":0.01,""units_min"":0.001,""units_max"":999999999,""units_multiples"":0.001},{""type"":""sip"",""frequency"":""monthly"",""amount_min"":1000,""amount_max"":999999999,""amount_multiples"":1,""installments_min"":6,""dates"":[1,2,3,4,5,6,7,8,9,10,11,12,13,14,15,16,17,18,19,20,21,22,23,24,25,26,27,28]},{""type"":""sip"",""frequency"":""daily"",""amount_min"":20,""amount_max"":999999999,""amount_multiples"":1,""installments_min"":6,""dates"":[]},{""type"":""sip"",""frequency"":""calendar_day_daily"",""amount_min"":20,""amount_max"":999999999,""amount_multiples"":1,""installments_min"":6,""dates"":[]}]"
475,cybrillapoa,ICICI PRUDENTIAL ULTRA SHORT TERM FUND - GROWTH,ICICI PRUDENTIAL MUTUAL FUND,INF109K01TP7,regular,growth,,true,"[{""type"":""lumpsum"",""amount_min"":5000,""additional_amount_min"":1000,""amount_max"":999999999,""additional_amount_max"":999999999,""amount_multiples"":1,""additional_amount_multiples"":1},{""type"":""withdrawal"",""amount_min"":1,""amount_max"":999999999,""amount_multiples"":0.01,""units_min"":0.001,""units_max"":999999999,""units_multiples"":0.001},{""type"":""sip"",""frequency"":""monthly"",""amount_min"":1000,""amount_max"":999999999,""amount_multiples"":1,""installments_min"":6,""dates"":[1,2,3,4,5,6,7,8,9,10,11,12,13,14,15,16,17,18,19,20,21,22,23,24,25,26,27,28]},{""type"":""sip"",""frequency"":""daily"",""amount_min"":20,""amount_max"":999999999,""amount_multiples"":1,""installments_min"":6,""dates"":[]},{""type"":""sip"",""frequency"":""calendar_day_daily"",""amount_min"":20,""amount_max"":999999999,""amount_multiples"":1,""installments_min"":6,""dates"":[]}]"
476,cybrillapoa,ICICI PRUDENTIAL ULTRA SHORT TERM FUND - MONTHLY IDCW,ICICI PRUDENTIAL MUTUAL FUND,INF109K01TQ5,regular,idcw_monthly,reinvestment,true,"[{""type"":""lumpsum"",""amount_min"":5000,""additional_amount_min"":1000,""amount_max"":999999999,""additional_amount_max"":999999999,""amount_multiples"":1,""additional_amount_multiples"":1},{""type"":""withdrawal"",""amount_min"":0.01,""amount_max"":999999999,""amount_multiples"":0.01,""units_min"":0.001,""units_max"":999999999,""units_multiples"":0.001},{""type"":""sip"",""frequency"":""monthly"",""amount_min"":1000,""amount_max"":999999999,""amount_multiples"":1,""installments_min"":6,""dates"":[1,2,3,4,5,6,7,8,9,10,11,12,13,14,15,16,17,18,19,20,21,22,23,24,25,26,27,28]},{""type"":""sip"",""frequency"":""daily"",""amount_min"":20,""amount_max"":999999999,""amount_multiples"":1,""installments_min"":6,""dates"":[]},{""type"":""sip"",""frequency"":""calendar_day_daily"",""amount_min"":20,""amount_max"":999999999,""amount_multiples"":1,""installments_min"":6,""dates"":[]}]"
477,cybrillapoa,ICICI PRUDENTIAL ULTRA SHORT TERM FUND - QUARTERLY IDCW,ICICI PRUDENTIAL MUTUAL FUND,INF109K01TS1,regular,idcw_quarterly,reinvestment,true,"[{""type"":""lumpsum"",""amount_min"":5000,""additional_amount_min"":1000,""amount_max"":999999999,""additional_amount_max"":999999999,""amount_multiples"":1,""additional_amount_multiples"":1},{""type"":""withdrawal"",""amount_min"":0.01,""amount_max"":999999999,""amount_multiples"":0.01,""units_min"":0.001,""units_max"":999999999,""units_multiples"":0.001},{""type"":""sip"",""frequency"":""monthly"",""amount_min"":1000,""amount_max"":999999999,""amount_multiples"":1,""installments_min"":6,""dates"":[1,2,3,4,5,6,7,8,9,10,11,12,13,14,15,16,17,18,19,20,21,22,23,24,25,26,27,28]},{""type"":""sip"",""frequency"":""daily"",""amount_min"":20,""amount_max"":999999999,""amount_multiples"":1,""installments_min"":6,""dates"":[]},{""type"":""sip"",""frequency"":""calendar_day_daily"",""amount_min"":20,""amount_max"":999999999,""amount_multiples"":1,""installments_min"":6,""dates"":[]}]"
478,cybrillapoa,ICICI PRUDENTIAL ULTRA SHORT TERM FUND - WEEKLY IDCW,ICICI PRUDENTIAL MUTUAL FUND,INF109KC1NE5,regular,idcw_weekly,reinvestment,true,"[{""type"":""lumpsum"",""amount_min"":5000,""additional_amount_min"":1000,""amount_max"":999999999,""additional_amount_max"":999999999,""amount_multiples"":1,""additional_amount_multiples"":1},{""type"":""withdrawal"",""amount_min"":0.01,""amount_max"":999999999,""amount_multiples"":0.01,""units_min"":0.001,""units_max"":999999999,""units_multiples"":0.001},{""type"":""sip"",""frequency"":""monthly"",""amount_min"":1000,""amount_max"":999999999,""amount_multiples"":1,""installments_min"":6,""dates"":[1,2,3,4,5,6,7,8,9,10,11,12,13,14,15,16,17,18,19,20,21,22,23,24,25,26,27,28]},{""type"":""sip"",""frequency"":""daily"",""amount_min"":20,""amount_max"":999999999,""amount_multiples"":1,""installments_min"":6,""dates"":[]},{""type"":""sip"",""frequency"":""calendar_day_daily"",""amount_min"":20,""amount_max"":999999999,""amount_multiples"":1,""installments_min"":6,""dates"":[]}]"
479,cybrillapoa,ICICI PRUDENTIAL US BLUECHIP EQUITY FUND - GROWTH,ICICI PRUDENTIAL MUTUAL FUND,INF109K01E35,regular,growth,,true,"[{""type"":""withdrawal"",""amount_min"":0.01,""amount_max"":999999999,""amount_multiples"":0.01,""units_min"":0.001,""units_max"":999999999,""units_multiples"":0.001}]"
480,cybrillapoa,ICICI PRUDENTIAL US BLUECHIP EQUITY FUND - IDCW,ICICI PRUDENTIAL MUTUAL FUND,INF109K01E50,regular,idcw,reinvestment,true,"[{""type"":""withdrawal"",""amount_min"":0.01,""amount_max"":999999999,""amount_multiples"":0.01,""units_min"":0.001,""units_max"":999999999,""units_multiples"":0.001}]"
481,cybrillapoa,ICICI PRUDENTIAL VALUE FUND (ERSTWHILE VALUE DISCOVERY FUND) - GROWTH,ICICI PRUDENTIAL MUTUAL FUND,INF109K01AF8,regular,growth,,true,"[{""type"":""lumpsum"",""amount_min"":1000,""additional_amount_min"":500,""amount_max"":999999999,""additional_amount_max"":999999999,""amount_multiples"":1,""additional_amount_multiples"":1},{""type"":""withdrawal"",""amount_min"":0.01,""amount_max"":999999999,""amount_multiples"":0.01,""units_min"":0.001,""units_max"":999999999,""units_multiples"":0.001},{""type"":""sip"",""frequency"":""monthly"",""amount_min"":100,""amount_max"":999999999,""amount_multiples"":1,""installments_min"":6,""dates"":[1,2,3,4,5,6,7,8,9,10,11,12,13,14,15,16,17,18,19,20,21,22,23,24,25,26,27,28]},{""type"":""sip"",""frequency"":""daily"",""amount_min"":100,""amount_max"":999999999,""amount_multiples"":1,""installments_min"":6,""dates"":[]},{""type"":""sip"",""frequency"":""calendar_day_daily"",""amount_min"":100,""amount_max"":999999999,""amount_multiples"":1,""installments_min"":6,""dates"":[]}]"
482,cybrillapoa,ICICI PRUDENTIAL VALUE FUND (ERSTWHILE VALUE DISCOVERY FUND) - IDCW,ICICI PRUDENTIAL MUTUAL FUND,INF109K01AD3,regular,idcw,reinvestment,true,"[{""type"":""lumpsum"",""amount_min"":1000,""additional_amount_min"":500,""amount_max"":999999999,""additional_amount_max"":999999999,""amount_multiples"":1,""additional_amount_multiples"":1},{""type"":""withdrawal"",""amount_min"":0.01,""amount_max"":999999999,""amount_multiples"":0.01,""units_min"":0.001,""units_max"":999999999,""units_multiples"":0.001},{""type"":""sip"",""frequency"":""monthly"",""amount_min"":100,""amount_max"":999999999,""amount_multiples"":1,""installments_min"":6,""dates"":[1,2,3,4,5,6,7,8,9,10,11,12,13,14,15,16,17,18,19,20,21,22,23,24,25,26,27,28]},{""type"":""sip"",""frequency"":""daily"",""amount_min"":100,""amount_max"":999999999,""amount_multiples"":1,""installments_min"":6,""dates"":[]},{""type"":""sip"",""frequency"":""calendar_day_daily"",""amount_min"":100,""amount_max"":999999999,""amount_multiples"":1,""installments_min"":6,""dates"":[]}]"