Sr No,Scheme Name,AMC Name,Category,Product Type,Scheme Code,ISIN,Active
1,ABSL INTERVAL INCOME-QTLY-S1-INSTITUTIONAL IDCW REINVESTMENT,AMC 3,MF,MF,864RD,INF209K01HS4,Yes
2,Aditya Birla SL Banking & PSU Debt-Ret(MD),AMC 3,MF,MF,83NDD,INF209K01LR8,No
3,Aditya Birla SL Banking & PSU Debt(DAP),AMC 3,MF,MF,83AP,INF209K01KM1,Yes
4,Aditya Birla SL Liquid Fund(DAP),AMC 3,MF,MF,154AP,INF209K01KZ3,No
5,Aditya Birla SL Money Manager Fund-Ret(DD),AMC 3,MF,MF,151DD,INF209K01JZ5,Yes
6,ADITYA BIRLA SUN LIFE AAF-AGGRESSIVE PLAN-DIVIDEND REINVESTMENT,AMC 3,MF,MF,601DD,INF209K01DU9,Yes
7,ADITYA BIRLA SUN LIFE AAF-AGGRESSIVE PLAN-DIVIDEND-DIVIDEND PAYOUT,AMC 3,MF,MF,601D,INF209K01AR1,Yes
8,ADITYA BIRLA SUN LIFE AAF-AGGRESSIVE PLAN-GROWTH,AMC 3,MF,MF,601G,INF209K01AS9,Yes
9,ADITYA BIRLA SUN LIFE AAF-CONSERVATIVE PLAN-DIVIDEND REINVESTMENT,AMC 3,MF,MF,603DD,INF209K01DW5,Yes
10,ADITYA BIRLA SUN LIFE AAF-CONSERVATIVE PLAN-DIVIDEND-DIVIDEND PAYOUT,AMC 3,MF,MF,603D,INF209K01AV3,Yes
11,ADITYA BIRLA SUN LIFE AAF-CONSERVATIVE PLAN-GROWTH,AMC 3,MF,MF,603G,INF209K01AW1,Yes
12,ADITYA BIRLA SUN LIFE AAF-MODERATE PLAN-DIVIDEND REINVESTMENT,AMC 3,MF,MF,602DD,INF209K01DV7,Yes
13,ADITYA BIRLA SUN LIFE AAF-MODERATE PLAN-DIVIDEND-DIVIDEND PAYOUT,AMC 3,MF,MF,602D,INF209K01AT7,Yes
14,ADITYA BIRLA SUN LIFE AAF-MODERATE PLAN-GROWTH,AMC 3,MF,MF,602G,INF209K01AU5,Yes
15,ADITYA BIRLA SUN LIFE ACTIVE DEBT MULTI-MANAGER FOF SCHEME - GROWTH,AMC 3,MF,MF,104B,INF084M01AH5,Yes
16,ADITYA BIRLA SUN LIFE ACTIVE DEBT MULTI-MANAGER FOF SCHEME - IDCW PAYOUT,AMC 3,MF,MF,104A,INF084M01AI3,Yes
17,ADITYA BIRLA SUN LIFE ACTIVE DEBT MULTI-MANAGER FOF SCHEME - IDCW PAYOUT,AMC 3,MF,MF,104C,INF084M01AJ1,Yes
18,ADITYA BIRLA SUN LIFE ARBITRAGE FUND - GROWTH,AMC 3,MF,MF,205RG,INF209K01264,Yes
19,ADITYA BIRLA SUN LIFE ARBITRAGE FUND - IDCW PAYOUT,AMC 3,MF,MF,205RD,INF209K01256,Yes
20,Aditya Birla Sun Life Arbitrage Fund - INSTL - Growth (formerly known as Aditya Birla Sun Life Enhan,AMC 3,MF,MF,205IG,INF209K01249,Yes
21,Aditya Birla Sun Life Arbitrage Fund - INSTL - IDCW (formerly known as Aditya Birla Sun Life Enhance,AMC 3,MF,MF,205ID,INF209K01231,No
22,ADITYA BIRLA SUN LIFE ARBITRAGE FUND -IDCW REINVESTMENT,AMC 3,MF,MF,205DD,INF209K01CI6,Yes
23,ADITYA BIRLA SUN LIFE ASSET ALLOCATOR FOF SCHEME - GROWTH,AMC 3,MF,MF,103B,INF084M01AE2,Yes
24,ADITYA BIRLA SUN LIFE ASSET ALLOCATOR FOF SCHEME - IDCW PAYOUT,AMC 3,MF,MF,103A,INF084M01AF9,Yes
25,ADITYA BIRLA SUN LIFE ASSET ALLOCATOR FOF SCHEME - IDCW PAYOUT,AMC 3,MF,MF,103C,INF084M01AG7,Yes
26,ADITYA BIRLA SUN LIFE BAL BHAVISHYA YOJNA SAVINGS PLAN REGULAR DIVIDEND PAYOUT,AMC 3,MF,MF,42A,INF209KB1F59,Yes
27,ADITYA BIRLA SUN LIFE BAL BHAVISHYA YOJNA SAVINGS PLAN REGULAR DIVIDEND REINVESTMENT,AMC 3,MF,MF,42C,INF209KB1F67,Yes
28,ADITYA BIRLA SUN LIFE BAL BHAVISHYA YOJNA SAVINGS PLAN REGULAR GROWTH,AMC 3,MF,MF,42B,INF209KB1F34,Yes
29,ADITYA BIRLA SUN LIFE BAL BHAVISHYA YOJNA WEALTH PLAN REGULAR GROWTH,AMC 3,MF,MF,41B,INF209KB1E76,Yes
30,ADITYA BIRLA SUN LIFE BAL BHAVISHYA YOJNA WEALTH PLAN REGULAR IDCW PAYOUT,AMC 3,MF,MF,41A,INF209KB1E92,Yes
31,ADITYA BIRLA SUN LIFE BAL BHAVISHYA YOJNA WEALTH PLAN REGULAR IDCW REINVESTMENT,AMC 3,MF,MF,41C,INF209KB1F00,Yes
32,ADITYA BIRLA SUN LIFE BALANCED ADVANTAGE FUND - GROWTH OPTION,AMC 3,MF,MF,105G,INF084M01AB8,Yes
33,Aditya Birla Sun Life Balanced Advantage Fund - IDCW Payout,AMC 3,MF,MF,106DP,INF084M01AC6,Yes
34,ADITYA BIRLA SUN LIFE BALANCED ADVANTAGE FUND - IDCW PAYOUT,AMC 3,MF,MF,106D,INF084M01AD4,Yes
35,Aditya Birla Sun Life Banking & PSU Debt Fund - Dividend Reinvestment - Direct Plan (formerly known,AMC 3,MF,MF,85IFR,INF209KA13Z9,No
36,Aditya Birla Sun Life Banking & PSU Debt Fund - Growth - Regular Plan,AMC 3,MF,MF,78,INF209K01BF4,No
37,Aditya Birla Sun Life Banking & PSU Debt Fund - Monthly Dividend - Regular Plan,AMC 3,MF,MF,77DD,INF209KA1WN8,No
38,ADITYA BIRLA SUN LIFE BANKING & PSU DEBT FUND - REGULAR PLAN - IDCW PAYOUT,AMC 3,MF,MF,85NIF,INF209K01LX6,Yes
39,ADITYA BIRLA SUN LIFE BANKING & PSU DEBT FUND - REGULAR PLAN - IDCW REINVESTMENT,AMC 3,MF,MF,85NIR,INF209KA11Z3,Yes
40,Aditya Birla Sun Life Banking & PSU Debt Fund Monthly Dividend Reinvest-Regular Plan,AMC 3,MF,MF,77DDR,INF209KA1WO6,Yes
41,Aditya Birla Sun Life Banking & PSU Debt Fund Weekly IDCW Reinvest-Regular Plan,AMC 3,MF,MF,77D,INF209K01EA9,No
42,Aditya Birla Sun Life Banking & PSU Debt Fund Weekly IDCW-Regular Plan,AMC 3,MF,MF,77,INF209K01BE7,No
43,ADITYA BIRLA SUN LIFE BANKING AND FINANCIAL SERVICES FUND - REGULAR PLAN - GROWTH,AMC 3,MF,MF,1180B,INF209K011W7,Yes
44,ADITYA BIRLA SUN LIFE BANKING AND FINANCIAL SERVICES FUND - REGULAR PLAN - IDCW PAYOUT,AMC 3,MF,MF,1180A,INF209K010W9,Yes
45,ADITYA BIRLA SUN LIFE BANKING AND FINANCIAL SERVICES FUND - REGULAR PLAN - IDCW REINVESTMENT,AMC 3,MF,MF,1180C,INF209K012W5,Yes
46,ADITYA BIRLA SUN LIFE BANKING AND PSU DEBT FUND - GROWTH-REGULAR PLAN,AMC 3,MF,MF,85NIG,INF209K01LV0,Yes
47,ADITYA BIRLA SUN LIFE BANKING AND PSU DEBT FUND - MONTHLY IDCW PAYOUT-REGULAR PLAN,AMC 3,MF,MF,85NDD,INF209K01LU2,Yes
48,ADITYA BIRLA SUN LIFE BANKING AND PSU DEBT FUND - QUARTERLY IDCW PAYOUT,AMC 3,MF,MF,85NIM,INF209K01LN7,Yes
49,ADITYA BIRLA SUN LIFE BANKING AND PSU DEBT FUND - RETAIL - QUARTERLY IDCW PAYOUT,AMC 3,MF,MF,83NFD,INF209K01LS6,Yes
50,Aditya Birla Sun Life Banking ETF,AMC 3,MF,MF,65,INF209KB1O58,No
51,ADITYA BIRLA SUN LIFE BASIC INDUSTRIES FUND-DIVIDEND REINVESTMENT,AMC 3,MF,MF,21D,INF209K01CJ4,Yes
52,ADITYA BIRLA SUN LIFE BSE 500 MOMENTUM 50 INDEX FUND - REGULAR PLAN - GROWTH,AMC 3,MF,MF,140B,INF209KC1605,Yes
53,ADITYA BIRLA SUN LIFE BSE 500 MOMENTUM 50 INDEX FUND - REGULAR PLAN - IDCW PAYOUT,AMC 3,MF,MF,140A,INF209KC1654,Yes
54,ADITYA BIRLA SUN LIFE BSE 500 QUALITY 50 INDEX FUND - REGULAR PLAN - GROWTH,AMC 3,MF,MF,139B,INF209KC1639,Yes
55,ADITYA BIRLA SUN LIFE BSE 500 QUALITY 50 INDEX FUND - REGULAR PLAN - IDCW PAYOUT,AMC 3,MF,MF,139A,INF209KC1647,Yes
56,Aditya Birla Sun Life Business Cycle Fund Regular Growth,AMC 3,MF,MF,90B,INF209KB12D6,Yes
57,Aditya Birla Sun Life Business Cycle Fund Regular IDCW Payout,AMC 3,MF,MF,90A,INF209KB13D4,Yes
58,ADITYA BIRLA SUN LIFE BUY INDIA FUND-DIVIDEND REINVESTMENT,AMC 3,MF,MF,11D,INF209K01CC9,Yes
59,ADITYA BIRLA SUN LIFE CAPITAL PROTECTION ORIENTED FUND - SERIES 25 (1226 DAYS) - REGULAR PLAN - GROWTH,AMC 3,MF,MF,1269B,INF209KA1TO2,Yes
60,ADITYA BIRLA SUN LIFE CAPITAL PROTECTION ORIENTED FUND - SERIES 3-GROWTH,AMC 3,MF,MF,B948G,INF209K01FS8,Yes
61,ADITYA BIRLA SUN LIFE CAPITAL PROTECTION ORIENTED FUND - SERIES 4-GROWTH,AMC 3,MF,MF,B949G,INF209K01FR0,Yes
62,ADITYA BIRLA SUN LIFE CAPITAL PROTECTION ORIENTED FUND - SERIES 5 - GROWTH OPTION,AMC 3,MF,MF,963G,INF209K01GV0,Yes
63,ADITYA BIRLA SUN LIFE CAPITAL PROTECTION ORIENTED FUND - SERIES 6-GROWTH,AMC 3,MF,MF,978G,INF209K01IE2,Yes
64,ADITYA BIRLA SUN LIFE CAPITAL PROTECTION ORIENTED FUND - SERIES 7-GROWTH,AMC 3,MF,MF,994G,INF209K01JK7,Yes
65,ADITYA BIRLA SUN LIFE CAPITAL PROTECTION ORIENTED FUND SERIES -8,AMC 3,MF,MF,1006G,INF209K01MV8,Yes
66,ADITYA BIRLA SUN LIFE CAPITAL PROTECTION ORIENTED FUND SERIES -9 GROWTH,AMC 3,MF,MF,1043,INF209K01PM0,Yes
67,ADITYA BIRLA SUN LIFE CAPITAL PROTECTION ORIENTED FUND SERIES 1 - GROWTH,AMC 3,MF,MF,353G,INF209K01BW9,Yes
68,ADITYA BIRLA SUN LIFE CAPITAL PROTECTION ORIENTED FUND SERIES 10,AMC 3,MF,MF,1075G,INF209K01RY1,Yes
69,ADITYA BIRLA SUN LIFE CAPITAL PROTECTION ORIENTED FUND SERIES 12,AMC 3,MF,MF,1079G,INF209K01TA7,Yes
70,ADITYA BIRLA SUN LIFE CAPITAL PROTECTION ORIENTED FUND SERIES 14 - GROWTH (1093 DAYS),AMC 3,MF,MF,1087G,INF209K01TP5,Yes
71,Aditya Birla Sun Life Capital Protection Oriented Fund Series 16-REGULAR Growth(1107 Days)-(Maturity,AMC 3,MF,MF,1168B,INF209KB1879,No
72,Aditya Birla Sun Life Capital Protection Oriented Fund Series 17 - REGULAR Growth-(Maturity date 13-,AMC 3,MF,MF,1176B,INF209KB1AF9,No
73,Aditya Birla Sun Life Capital Protection Oriented Fund Series 18 - REGULAR Growth (1093 Days)- Matur,AMC 3,MF,MF,1197B,INF209KA1458,Yes
74,Aditya Birla Sun Life Capital Protection Oriented Fund Series 19 - REGULAR Growth - Maturity Date 05,AMC 3,MF,MF,1216B,INF209KA1BK8,Yes
75,ADITYA BIRLA SUN LIFE CAPITAL PROTECTION ORIENTED FUND SERIES 2 - GROWTH,AMC 3,MF,MF,354G,INF209K01EJ0,Yes
76,Aditya Birla Sun Life Capital Protection Oriented Fund Series 20 - REGULAR Growth(1105 Days)-Maturit,AMC 3,MF,MF,1239B,INF209KA1HI9,Yes
77,Aditya Birla Sun Life Capital Protection Oriented Fund Series 21 - REGULAR Growth  - MATURITY DT 15-,AMC 3,MF,MF,1250B,INF209KA1KA0,Yes
78,Aditya Birla Sun Life Capital Protection Oriented Fund Series 22-REGULAR Growth,AMC 3,MF,MF,1257B,INF209KA1MY6,Yes
79,ADITYA BIRLA SUN LIFE CAPITAL PROTECTION ORIENTED FUND SERIES 23-REGULAR PLAN-GROWTH,AMC 3,MF,MF,1260B,INF209KA1OQ8,Yes
80,Aditya Birla Sun Life Capital Protection Oriented Fund Series 26 (1101 days) - REGULAR Growth,AMC 3,MF,MF,1280B,INF209KA1J81,Yes
81,Aditya Birla Sun Life Capital Protection Oriented Fund Series 29 (1280 days) - REGULAR Growth,AMC 3,MF,MF,1295B,INF209KA11O7,Yes
82,Aditya Birla Sun Life Capital Protection Oriented Fund Series 30 (1133 days) - REGULAR Growth,AMC 3,MF,MF,1307B,INF209KA14V6,Yes
83,Aditya Birla Sun Life CEF - Global Agri Plan - Growth-Regular Plan,AMC 3,MF,MF,203RG,INF209K01207,Yes
84,Aditya Birla Sun Life CEF - Global Agri Plan - IDCW Reinvest-Regular Plan,AMC 3,MF,MF,203DD,INF209K01CG0,Yes
85,Aditya Birla Sun Life CEF - Global Agri Plan - IDCW-Regular Plan,AMC 3,MF,MF,203RD,INF209K01199,Yes
86,ADITYA BIRLA SUN LIFE CEF - GLOBAL MULTI COMMODITY PLAN-GROWTH,AMC 3,MF,MF,204RG,INF209K01223,Yes
87,ADITYA BIRLA SUN LIFE CEF - GLOBAL MULTI COMMODITY PLAN-IDCW PAYOUT,AMC 3,MF,MF,204RD,INF209K01215,Yes
88,ADITYA BIRLA SUN LIFE CEF - GLOBAL MULTI COMMODITY PLAN-IDCW REINVESTMENT,AMC 3,MF,MF,204DD,INF209K01CH8,Yes
89,ADITYA BIRLA SUN LIFE CEF - GLOBAL PRECIOUS METALS PLAN-GROWTH,AMC 3,MF,MF,202RG,INF209K01181,Yes
90,ADITYA BIRLA SUN LIFE CEF - GLOBAL PRECIOUS METALS PLAN-IDCW PAYOUT,AMC 3,MF,MF,202RD,INF209K01173,Yes
91,ADITYA BIRLA SUN LIFE CEF - GLOBAL PRECIOUS METALS PLAN-IDCW REINVESTMENT,AMC 3,MF,MF,202DD,INF209K01CF2,Yes
92,Aditya Birla Sun Life Constant Maturity 10 Year Gilt Fund - Growth - Regular Plan,AMC 3,MF,MF,404G,INF209K01AH2,No
93,Aditya Birla Sun Life Constant Maturity 10 Year Gilt Fund-Quarterly IDCW Reinvest-Regular Plan,AMC 3,MF,MF,404Q,INF209K01DR5,No
94,Aditya Birla Sun Life Constant Maturity 10 Year Gilt Fund-Quarterly IDCW-Regular Plan,AMC 3,MF,MF,404QD,INF209K01AI0,No
95,Aditya Birla Sun Life Corporate Bond Fund - Discipline Advantage Plan (formerly known as Aditya Birl,AMC 3,MF,MF,31AP,INF209K01KK5,No
96,ADITYA BIRLA SUN LIFE CORPORATE BOND FUND - GROWTH-REGULAR PLAN,AMC 3,MF,MF,32,INF209K01785,Yes
97,ADITYA BIRLA SUN LIFE CORPORATE BOND FUND - IDCW PAYOUT,AMC 3,MF,MF,37A,INF209KA1KS2,Yes
98,ADITYA BIRLA SUN LIFE CORPORATE BOND FUND - MONTHLY IDCW PAYOUT-REGULAR PLAN,AMC 3,MF,MF,37,INF209K01983,Yes
99,ADITYA BIRLA SUN LIFE CORPORATE BOND FUND - MONTHLY IDCW REINVESTMENT-REGULAR PLAN,AMC 3,MF,MF,37D,INF209K01DL8,Yes
100,ADITYA BIRLA SUN LIFE CREDIT RISK FUND - BONUS REGULAR,AMC 3,MF,MF,380D,INF209KA1K70,Yes
101,ADITYA BIRLA SUN LIFE CREDIT RISK FUND - GROWTH REGULAR,AMC 3,MF,MF,380B,INF209KA1K47,Yes
102,ADITYA BIRLA SUN LIFE CREDIT RISK FUND - IDCW PAYOUT REGULAR,AMC 3,MF,MF,380A,INF209KA1K54,Yes
103,ADITYA BIRLA SUN LIFE CREDIT RISK FUND - IDCW REINVESTMENT REGULAR,AMC 3,MF,MF,380C,INF209KA1K62,Yes
104,Aditya Birla Sun Life CRISIL IBX 50:50 Gilt Plus SDL Apr 2028 Index Fund-Regular Growth,AMC 3,MF,MF,114B,INF209KB12N5,Yes
105,ADITYA BIRLA SUN LIFE CRISIL IBX 50:50 GILT PLUS SDL APR 2028 INDEX FUND-REGULAR IDCW PAYOUT,AMC 3,MF,MF,114A,INF209KB13N3,Yes
106,ADITYA BIRLA SUN LIFE CRISIL IBX 60:40 SDL   AAA PSU - APR 2025 INDEX FUND-REGULAR GROWTH,AMC 3,MF,MF,108B,INF209KB11I7,Yes
107,ADITYA BIRLA SUN LIFE CRISIL IBX 60:40 SDL   AAA PSU - APR 2025 INDEX FUND-REGULAR IDCW-PAYOUT,AMC 3,MF,MF,108A,INF209KB12I5,Yes
108,ADITYA BIRLA SUN LIFE CRISIL IBX 60:40 SDL   AAA PSU - APR 2027 INDEX FUND-REGULAR GROWTH,AMC 3,MF,MF,109B,INF209KB17H6,Yes
109,ADITYA BIRLA SUN LIFE CRISIL IBX 60:40 SDL   AAA PSU - APR 2027 INDEX FUND-REGULAR IDCW-PAYOUT,AMC 3,MF,MF,109A,INF209KB18H4,Yes
110,ADITYA BIRLA SUN LIFE CRISIL IBX 60:40 SDL  AAA PSU APR 2026 INDEX FUND-REGULAR GROWTH,AMC 3,MF,MF,116B,INF209KB18O0,Yes
111,ADITYA BIRLA SUN LIFE CRISIL IBX 60:40 SDL  AAA PSU APR 2026 INDEX FUND-REGULAR IDCW PAYOUT,AMC 3,MF,MF,116A,INF209KB19O8,Yes
112,Aditya Birla Sun Life CRISIL IBX AAA - Jun 2023 Index Fund Regular Growth,AMC 3,MF,MF,102B,INF209KB18G6,No
113,Aditya Birla Sun Life CRISIL IBX AAA - Jun 2023 Index Fund Regular IDCW,AMC 3,MF,MF,102A,INF209KB19G4,Yes
114,ADITYA BIRLA SUN LIFE CRISIL IBX AAA MAR 2024 INDEX FUND - REGULAR GROWTH,AMC 3,MF,MF,118B,INF209KB18R3,Yes
115,ADITYA BIRLA SUN LIFE CRISIL IBX AAA MAR 2024 INDEX FUND - REGULAR IDCW PAYOUT,AMC 3,MF,MF,118A,INF209KB19R1,Yes
116,ADITYA BIRLA SUN LIFE CRISIL IBX GILT -APRIL 2026 INDEX FUND-REGULAR GROWTH,AMC 3,MF,MF,113B,INF209KB18M4,Yes
117,ADITYA BIRLA SUN LIFE CRISIL IBX GILT -APRIL 2026 INDEX FUND-REGULAR IDCW PAYOUT,AMC 3,MF,MF,113A,INF209KB19M2,Yes
118,ADITYA BIRLA SUN LIFE CRISIL IBX GILT APR 2028 INDEX FUND - REGULAR GROWTH,AMC 3,MF,MF,121B,INF209KB19T7,Yes
119,ADITYA BIRLA SUN LIFE CRISIL IBX GILT APR 2028 INDEX FUND - REGULAR IDCW PAYOUT,AMC 3,MF,MF,121A,INF209KB10U4,Yes
120,ADITYA BIRLA SUN LIFE CRISIL IBX GILT APR 2029 INDEX FUND-Regular Growth,AMC 3,MF,MF,115B,INF209KB10O7,Yes
121,ADITYA BIRLA SUN LIFE CRISIL IBX GILT APR 2029 INDEX FUND-REGULAR IDCW-PAYOUT,AMC 3,MF,MF,115A,INF209KB11O5,Yes
122,ADITYA BIRLA SUN LIFE CRISIL IBX GILT APRIL 2033 INDEX FUND-REGULAR PLAN-IDCW PAYOUT,AMC 3,MF,MF,126A,INF209KB18Y9,Yes
123,ADITYA BIRLA SUN LIFE CRISIL IBX SDL JUN 2032 INDEX FUND -REGULAR PLAN-GROWTH,AMC 3,MF,MF,119B,INF209KB12S4,Yes
124,ADITYA BIRLA SUN LIFE CRISIL IBX SDL JUN 2032 INDEX FUND -REGULAR PLAN-IDCW PAYOUT,AMC 3,MF,MF,119A,INF209KB13S2,Yes
125,Aditya Birla Sun Life CRISIL IBX SDL Sep 2028 Index Fund- Regular Growth,AMC 3,MF,MF,122B,INF209KB15V1,Yes
126,Aditya Birla Sun Life CRISIL IBX SDL Sep 2028 Index Fund- Regular IDCW,AMC 3,MF,MF,122A,INF209KB16V9,Yes
127,ADITYA BIRLA SUN LIFE CRISIL OVERNIGHT FUND AI INDEX ETF,AMC 3,MF,MF,158ON,INF209KB18T9,No
128,ADITYA BIRLA SUN LIFE DIGITAL INDIA FUND-IDCW REINVESTMENT,AMC 3,MF,MF,15D,INF209K01CD7,Yes
129,ADITYA BIRLA SUN LIFE DIVIDEND YIELD FUND - GROWTH,AMC 3,MF,MF,261G,INF209K01405,Yes
130,ADITYA BIRLA SUN LIFE DIVIDEND YIELD FUND - IDCW PAYOUT,AMC 3,MF,MF,261D,INF209K01397,Yes
131,ADITYA BIRLA SUN LIFE DIVIDEND YIELD FUND - IDCW REINVESTMENT,AMC 3,MF,MF,261RD,INF209K01CP1,Yes
132,Aditya Birla Sun Life Dual Advantage Fund - Series 2- Regular Growth,AMC 3,MF,MF,1432B,INF209KB1D93,Yes
133,Aditya Birla Sun Life Dual Advantage Fund - Series 2- Regular IDCW,AMC 3,MF,MF,1432A,INF209KB1E01,Yes
134,Aditya Birla Sun Life Dual Advantage Fund - Series I - Gr. REGULAR,AMC 3,MF,MF,1313B,INF209KB1010,Yes
135,Aditya Birla Sun Life Dual Advantage Fund - Series I - IDCW. REGULAR,AMC 3,MF,MF,1313A,INF209KB1028,Yes
136,Aditya Birla Sun Life Dynamic Bond Fund  (Discipline Advantage Plan),AMC 3,MF,MF,321AP,INF209K01JW2,No
137,Aditya Birla Sun Life Dynamic Bond Fund - Dividend-Regular Plan - Reinvestment,AMC 3,MF,MF,321AR,INF209KA1TW5,No
138,Aditya Birla Sun Life Dynamic Bond Fund Growth Regular Plan (Segregated Portfolio - 1),AMC 3,MF,MF,SDBG,INF209KB1R48,No
139,ADITYA BIRLA SUN LIFE DYNAMIC BOND FUND IDCW PAYOUT REGULAR PLAN,AMC 3,MF,MF,321A,INF209KA1TV7,Yes
140,ADITYA BIRLA SUN LIFE DYNAMIC BOND RETAIL-GROWTH,AMC 3,MF,MF,321G,INF209K01793,Yes
141,ADITYA BIRLA SUN LIFE DYNAMIC BONDRETAIL-MONTHLY IDCW PAYOUT,AMC 3,MF,MF,321MD,INF209K01801,Yes
142,ADITYA BIRLA SUN LIFE DYNAMIC BONDRETAIL-MONTHLY IDCW REINVESTMENT,AMC 3,MF,MF,321M,INF209K01DG8,Yes
143,ADITYA BIRLA SUN LIFE DYNAMIC BONDRETAIL-QUARTERLY IDCW PAYOUT,AMC 3,MF,MF,321QD,INF209K01819,Yes
144,ADITYA BIRLA SUN LIFE DYNAMIC BONDRETAIL-QUARTERLY IDCW REINVESTMENT,AMC 3,MF,MF,321Q,INF209K01DH6,Yes
145,Aditya Birla Sun Life Emerging Leaders Fund - Series 1 (1096 days) - Gr. REGULAR - MATURITY DT 08-MA,AMC 3,MF,MF,206B,INF209KA1IN7,Yes
146,Aditya Birla Sun Life Emerging Leaders Fund - Series 1(1096 days) - IDCW. REGULAR - MATURITY DT 08-M,AMC 3,MF,MF,206A,INF209KA1IO5,Yes
147,Aditya Birla Sun Life Emerging Leaders Fund - Series 2 - Gr. REGULAR - MATURITY DT 05-JUN-17,AMC 3,MF,MF,207B,INF209KA1JV8,Yes
148,Aditya Birla Sun Life Emerging Leaders Fund - Series 2 - IDCW. REGULAR - MATURITY DT 05-JUN-17,AMC 3,MF,MF,207A,INF209KA1JW6,Yes
149,Aditya Birla Sun Life Emerging Leaders Fund - Series 3 - Gr. REGULAR - Maturity Date 03-APR-2019,AMC 3,MF,MF,208B,INF209KA1LR2,Yes
150,Aditya Birla Sun Life Emerging Leaders Fund - Series 3 - IDCW. REGULAR - Maturity Date 03-APR-2019,AMC 3,MF,MF,208A,INF209KA1LS0,Yes
151,Aditya Birla Sun Life Emerging Leaders Fund - Series 4 - Gr. REGULAR - Maturity date - 7/8/2019,AMC 3,MF,MF,209B,INF209KA1MT6,Yes
152,Aditya Birla Sun Life Emerging Leaders Fund - Series 4 - IDCW. REGULAR - Maturity date - 7/8/2019,AMC 3,MF,MF,209A,INF209KA1MU4,Yes
153,Aditya Birla Sun Life Emerging Leaders Fund - Series 6 - Gr. REGULAR,AMC 3,MF,MF,212B,INF209KA1J99,No
154,Aditya Birla Sun Life Emerging Leaders Fund - Series 6 - IDCW. REGULAR,AMC 3,MF,MF,212A,INF209KA1K05,Yes
155,Aditya Birla Sun Life Emerging Leaders Fund - Series 7 - Gr. REGULAR,AMC 3,MF,MF,213B,INF209KA19R3,Yes
156,Aditya Birla Sun Life Emerging Leaders Fund - Series 7 - IDCW. REGULAR,AMC 3,MF,MF,213A,INF209KA10S0,Yes
157,ADITYA BIRLA SUN LIFE EMERGING LEADERS FUND- SERIES 5-REGULAR PLAN-DIVIDEND PAYOUT,AMC 3,MF,MF,210A,INF209KA1WG2,Yes
158,ADITYA BIRLA SUN LIFE EMERGING LEADERS FUND- SERIES 5-REGULAR PLAN-GROWTH,AMC 3,MF,MF,210B,INF209KA1WF4,Yes
159,ADITYA BIRLA SUN LIFE EQUITY ADVANTAGE FUND - GROWTH-REGULAR PLAN,AMC 3,MF,MF,201G,INF209K01165,Yes
160,ADITYA BIRLA SUN LIFE EQUITY ADVANTAGE FUND - IDCW PAYOUT-REGULAR PLAN,AMC 3,MF,MF,201D,INF209K01157,Yes
161,ADITYA BIRLA SUN LIFE EQUITY ADVANTAGE FUND - REGULAR PLAN IDCW REINVESTMENT,AMC 3,MF,MF,201RD,INF209K01CE5,Yes
162,ADITYA BIRLA SUN LIFE EQUITY HYBRID 95 FUND GROWTH,AMC 3,MF,MF,AG,INF209K01BT5,Yes
163,ADITYA BIRLA SUN LIFE EQUITY HYBRID 95 FUND IDCW PAYOUT,AMC 3,MF,MF,A,INF209K01BS7,Yes
164,ADITYA BIRLA SUN LIFE EQUITY HYBRID 95 FUND IDCW REINVESTMENT,AMC 3,MF,MF,AD,INF209K01EE1,Yes
165,ADITYA BIRLA SUN LIFE EQUITY SAVINGS FUND REGULAR PLAN GROWTH,AMC 3,MF,MF,249B,INF209KA1TS3,Yes
166,ADITYA BIRLA SUN LIFE EQUITY SAVINGS FUND REGULAR PLAN IDCW REINVESTMENT,AMC 3,MF,MF,249C,INF209KA1TU9,Yes
167,ADITYA BIRLA SUN LIFE EQUITY SAVINGS FUND REGULAR PLAN IDCW REINVESTMENT,AMC 3,MF,MF,249A,INF209KA1TT1,Yes
168,ADITYA BIRLA SUN LIFE ESG FUND-NORMAL PLAN-GROWTH,AMC 3,MF,MF,68B,INF209KB1U43,Yes
169,ADITYA BIRLA SUN LIFE ESG FUND-NORMAL PLAN-IDCW PAYOUT,AMC 3,MF,MF,68A,INF209KB1U50,Yes
170,ADITYA BIRLA SUN LIFE ESG FUND-NORMAL PLAN-IDCW REINVESTMENT,AMC 3,MF,MF,68C,INF209KB1U68,Yes
171,Aditya Birla Sun Life Financial Planning FOF - Aggressive Plan - IDCW Payout,AMC 3,MF,MF,1062,INF084M01119,Yes
172,Aditya Birla Sun Life Financial Planning FOF - Aggressive Plan-Growth,AMC 3,MF,MF,1060,INF084M01101,Yes
173,ADITYA BIRLA SUN LIFE FINANCIAL PLANNING FOF - AGGRESSIVE PLAN-IDCW REINVESTMENT,AMC 3,MF,MF,1061,INF084M01127,Yes
174,Aditya Birla Sun Life Financial Planning FOF - Conservative Plan - IDCW payout,AMC 3,MF,MF,1056,INF084M01051,Yes
175,ADITYA BIRLA SUN LIFE FINANCIAL PLANNING FOF - CONSERVATIVE PLAN- IDCW PAYOUT,AMC 3,MF,MF,1055,INF084M01069,Yes
176,Aditya Birla Sun Life Financial Planning FOF - Conservative Plan-Growth,AMC 3,MF,MF,1054,INF084M01044,Yes
177,Aditya Birla Sun Life Financial Planning FOF - Moderate Plan - IDCW Payout,AMC 3,MF,MF,1059,INF084M01085,Yes
178,ADITYA BIRLA SUN LIFE FIXED TERM PLAN - SERIES CA - DIVIDEND PAYOUT,AMC 3,MF,MF,B931D,INF209K01BY5,Yes
179,ADITYA BIRLA SUN LIFE FIXED TERM PLAN - SERIES CA - GROWTH,AMC 3,MF,MF,B931G,INF209K01BX7,Yes
180,ADITYA BIRLA SUN LIFE FIXED TERM PLAN - SERIES CB - DIVIDEND PAYOUT,AMC 3,MF,MF,B932D,INF209K01CA3,Yes
181,ADITYA BIRLA SUN LIFE FIXED TERM PLAN - SERIES CB - GROWTH,AMC 3,MF,MF,B932G,INF209K01BZ2,Yes
182,ADITYA BIRLA SUN LIFE FIXED TERM PLAN - SERIES FX - DIVIDEND PAYOUT (1093 DAYS),AMC 3,MF,MF,1081D,INF209K01TC3,Yes
183,ADITYA BIRLA SUN LIFE FIXED TERM PLAN - SERIES FX - GROWTH (1093 DAYS),AMC 3,MF,MF,1081G,INF209K01TB5,Yes
184,ADITYA BIRLA SUN LIFE FIXED TERM PLAN - SERIES GD - GROWTH (366 DAYS),AMC 3,MF,MF,1092G,INF209K01TW1,Yes
185,ADITYA BIRLA SUN LIFE FIXED TERM PLAN - SERIES GD- DIVIDEND PAYOUT (366DAYS),AMC 3,MF,MF,1092D,INF209K01TX9,Yes
186,Aditya Birla Sun Life Fixed Term Plan - Series GE - Growth (560 Days),AMC 3,MF,MF,1093G,INF209K01TY7,Yes
187,Aditya Birla Sun Life Fixed Term Plan - Series GE - IDCW (560 Days),AMC 3,MF,MF,1093D,INF209K01TZ4,Yes
188,Aditya Birla Sun Life Fixed Term Plan - Series GH (539 days) - Gr. - REGULAR,AMC 3,MF,MF,1097B,INF209K01ZD8,No
189,Aditya Birla Sun Life Fixed Term Plan - Series GH (539 days) - IDCW - REGULAR,AMC 3,MF,MF,1097A,INF209K01ZE6,Yes
190,Aditya Birla Sun Life Fixed Term Plan - Series GH (539 days)-Qtly IDCW-REGULAR,AMC 3,MF,MF,1097C,INF209K01ZF3,No
191,Aditya Birla Sun Life Fixed Term Plan - Series GK (539 days) - Gr. - REGULAR,AMC 3,MF,MF,1100B,INF209K01ZV0,No
192,Aditya Birla Sun Life Fixed Term Plan - Series GK (539 days) - IDCW - REGULAR,AMC 3,MF,MF,1100A,INF209K01ZW8,No
193,Aditya Birla Sun Life Fixed Term Plan - Series GK (539 days)-Qtly IDCW-REGULAR,AMC 3,MF,MF,1100C,INF209K01ZX6,No
194,Aditya Birla Sun Life Fixed Term Plan - Series GL (534 days) - Gr. - REGULAR,AMC 3,MF,MF,1102B,INF209K01B60,No
195,Aditya Birla Sun Life Fixed Term Plan - Series GL (534 days) - IDCW - REGULAR,AMC 3,MF,MF,1102A,INF209K01B78,No
196,Aditya Birla Sun Life Fixed Term Plan - Series GL (534 days)-Qtly IDCW-REGULAR,AMC 3,MF,MF,1102C,INF209K01B86,No
197,Aditya Birla Sun Life Fixed Term Plan - Series HL (1099days) - (Maturity Date - 22-AUG-2017) - Gr. R,AMC 3,MF,MF,1134B,INF209KB1416,No
198,Aditya Birla Sun Life Fixed Term Plan - Series HL (1099days) - (Maturity Date - 22-AUG-2017) - IDCW.,AMC 3,MF,MF,1134A,INF209KB1424,No
199,Aditya Birla Sun Life Fixed Term Plan - Series HL (1099days) - Maturity Date 22-AUG-2017 Qtly IDCW.,AMC 3,MF,MF,1134C,INF209KB1374,No
200,Aditya Birla Sun Life Fixed Term Plan - Series HR (1096 days) - (Maturity Date-06-SEP-2016) - IDCW.,AMC 3,MF,MF,1141A,INF209K017B8,No
201,Aditya Birla Sun Life Fixed Term Plan - Series HS (1465days) - (Maturity Date - 07-SEP-2017) - Gr. R,AMC 3,MF,MF,1142B,INF209KB1606,No
202,Aditya Birla Sun Life Fixed Term Plan - Series HS (1465days) (Maturity Date 07-SEP-2017)Qtly IDCW. R,AMC 3,MF,MF,1142C,INF209KB1622,No
203,Aditya Birla Sun Life Fixed Term Plan - Series HW ( 1099 days)-(Maturity Date-14-SEP-2016) Qtly IDCW,AMC 3,MF,MF,1146C,INF209KA11K5,No
204,Aditya Birla Sun Life Fixed Term Plan - Series HW (1099 days)  (Maturity Date - 14-SEP-2016) - IDCW.,AMC 3,MF,MF,1146A,INF209KA16K4,No
205,Aditya Birla Sun Life Fixed Term Plan - Series HW (1099 days) (Maturity Date - 14-SEP-2016) - Gr. RE,AMC 3,MF,MF,1146B,INF209KA15K6,No
206,Aditya Birla Sun Life Fixed Term Plan - Series HZ (1095 days) - Gr. REGULAR,AMC 3,MF,MF,1149B,INF209K014E9,No
207,Aditya Birla Sun Life Fixed Term Plan - Series HZ (1095 days) - IDCW. REGULAR,AMC 3,MF,MF,1149A,INF209K015E6,No
208,Aditya Birla Sun Life Fixed Term Plan - Series HZ (1095 days) - Qtly IDCW. REGULAR,AMC 3,MF,MF,1149C,INF209K016E4,No
209,Aditya Birla Sun Life Fixed Term Plan - Series ID (1109 days) - (Maturity Date - 13-OCT-2016) - Gr.,AMC 3,MF,MF,1153B,INF209KB1796,No
210,Aditya Birla Sun Life Fixed Term Plan - Series ID (1109 days) - (Maturity Date - 13-OCT-2016) - Qtly,AMC 3,MF,MF,1153C,INF209KB1754,No
211,Aditya Birla Sun Life Fixed Term Plan - Series ID(1109 days) - (Maturity Date - 13-OCT-2016) - IDCW.,AMC 3,MF,MF,1153A,INF209KB1804,No
212,Aditya Birla Sun Life Fixed Term Plan - Series IG (1098 days) - (Maturity Date - 28-SEP-2016) - Gr.,AMC 3,MF,MF,1156B,INF209KA1QT7,No
213,Aditya Birla Sun Life Fixed Term Plan - Series IG (1098 days) - (Maturity Date - 28-SEP-2016) - IDCW,AMC 3,MF,MF,1156A,INF209KA1QU5,No
214,Aditya Birla Sun Life Fixed Term Plan - Series IG(1098 days)-(Maturity Date-28-SEP-2016) - Qtly IDCW,AMC 3,MF,MF,1156C,INF209KA1QV3,No
215,Aditya Birla Sun Life Fixed Term Plan - Series IK (91 days) - Gr. REGULAR,AMC 3,MF,MF,1160B,INF209K010K4,No
216,Aditya Birla Sun Life Fixed Term Plan - Series IK (91 days) - IDCW. REGULAR,AMC 3,MF,MF,1160A,INF209K011K2,No
217,Aditya Birla Sun Life Fixed Term Plan - Series IO (1097days)(Maturity Date 18-OCT-2016) Qtly IDCW. R,AMC 3,MF,MF,1164C,INF209KA1SP1,No
218,Aditya Birla Sun Life Fixed Term Plan - Series IP (1100 days) - (Maturity Date - 26-OCT-2016) - Gr.,AMC 3,MF,MF,1165B,INF209KB1093,No
219,Aditya Birla Sun Life Fixed Term Plan - Series IP (1100 days)-(Maturity Date-26-OCT-2016)- Qtly IDCW,AMC 3,MF,MF,1165C,INF209KB1051,No
220,Aditya Birla Sun Life Fixed Term Plan - Series IP(1100 days) - (Maturity Date - 26-OCT-2016) - IDCW.,AMC 3,MF,MF,1165A,INF209KB1101,No
221,Aditya Birla Sun Life Fixed Term Plan - Series IU (1099 days) - (Maturity Date - 07-NOV-2016) - Gr.,AMC 3,MF,MF,1171B,INF209KA1W68,No
222,Aditya Birla Sun Life Fixed Term Plan - Series IX (1105 days) - (Maturity Date - 7-DEC-2016) - Gr. R,AMC 3,MF,MF,1174B,INF209K010S7,Yes
223,Aditya Birla Sun Life Fixed Term Plan - Series IX (1105 days)-(Maturity Date - 7-DEC-2016) - IDCW. R,AMC 3,MF,MF,1174A,INF209K011S5,Yes
224,Aditya Birla Sun Life Fixed Term Plan - Series IX (1105 days)-(Maturity Date - 7-DEC-2016)-Qtly IDCW,AMC 3,MF,MF,1174C,INF209K012S3,Yes
225,Aditya Birla Sun Life Fixed Term Plan - Series IZ (542 days) - Gr. REGULAR,AMC 3,MF,MF,1177B,INF209K018S0,No
226,Aditya Birla Sun Life Fixed Term Plan - Series IZ (542 days) - IDCW. REGULAR,AMC 3,MF,MF,1177A,INF209K019S8,Yes
227,Aditya Birla Sun Life Fixed Term Plan - Series IZ (542 days) - Qtly IDCW. REGULAR,AMC 3,MF,MF,1177C,INF209K010T5,No
228,Aditya Birla Sun Life Fixed Term Plan - Series JA (1464D days) - IDCW. REGULAR,AMC 3,MF,MF,1178A,INF209KB1AE2,No
229,Aditya Birla Sun Life Fixed Term Plan - Series JA (1464D days) - Qtly IDCW. REGULAR,AMC 3,MF,MF,1178C,INF209KB1994,No
230,Aditya Birla Sun Life Fixed Term Plan - Series JC (366 days) - Gr. REGULAR,AMC 3,MF,MF,1181B,INF209K014U5,No
231,Aditya Birla Sun Life Fixed Term Plan - Series JC (366 days) - IDCW. REGULAR,AMC 3,MF,MF,1181A,INF209K015U2,No
232,Aditya Birla Sun Life Fixed Term Plan - Series JC (366 days) - Qtly IDCW. REGULAR,AMC 3,MF,MF,1181C,INF209K016U0,No
233,Aditya Birla Sun Life Fixed Term Plan - Series JI (1099 days) - (Maturity Date - 22-DEC-2016) - Gr.,AMC 3,MF,MF,1188B,INF209KA1VX9,No
234,Aditya Birla Sun Life Fixed Term Plan - Series JI (1099days) - (Maturity Date - 22-DEC-2016) - IDCW.,AMC 3,MF,MF,1188A,INF209KA1VY7,No
235,Aditya Birla Sun Life Fixed Term Plan - Series JI 1099days (Maturity Date- 22-DEC-2016) - Qtly IDCW.,AMC 3,MF,MF,1188C,INF209KA1VT7,No
236,Aditya Birla Sun Life Fixed Term Plan - Series JJ (1092 days) - (Maturity Date - 29-DEC-2016) - Gr.,AMC 3,MF,MF,1187B,INF209KB1AL7,Yes
237,Aditya Birla Sun Life Fixed Term Plan - Series JJ (1092 days) - (Maturity Date -29-DEC-2016) - IDCW.,AMC 3,MF,MF,1187A,INF209KB1AM5,No
238,Aditya Birla Sun Life Fixed Term Plan - Series JJ (1092 days)-(Maturity Date - 29-DEC-2016) - Qtly I,AMC 3,MF,MF,1187C,INF209KB1AH5,No
239,Aditya Birla Sun Life Fixed Term Plan - Series JM (367 days) - Gr. REGULAR,AMC 3,MF,MF,1191B,INF209KA1094,No
240,Aditya Birla Sun Life Fixed Term Plan - Series JM (367 days) - IDCW. REGULAR,AMC 3,MF,MF,1191A,INF209KA1102,No
241,Aditya Birla Sun Life Fixed Term Plan - Series JM (367 days) - Qtly IDCW. REGULAR,AMC 3,MF,MF,1191C,INF209KA1110,No
242,Aditya Birla Sun Life Fixed Term Plan - Series JP ( 1184 days) - Qtly IDCW. REGULAR (MATURITY 05-APR,AMC 3,MF,MF,1194C,INF209KB1FF8,No
243,Aditya Birla Sun Life Fixed Term Plan - Series JP (1184 days)  - Gr. REGULAR (Maturity Date 05-Apr-2,AMC 3,MF,MF,1194B,INF209KB1FJ0,No
244,Aditya Birla Sun Life Fixed Term Plan - Series JP (1184days) - IDCW. REGULAR (Maturity Date  05-Apr-,AMC 3,MF,MF,1194A,INF209KB1FK8,No
245,Aditya Birla Sun Life Fixed Term Plan - Series JQ (1099days) - (Maturity Date - 12-JAN-2017) - IDCW.,AMC 3,MF,MF,1195A,INF209KA1XI6,No
246,Aditya Birla Sun Life Fixed Term Plan - Series JQ (1099days)(Maturity Date 12-JAN-2017) - Qtly IDCW.,AMC 3,MF,MF,1195C,INF209KA1XD7,No
247,Aditya Birla Sun Life Fixed Term Plan - Series JQ 1099days) - (Maturity Date - 12-JAN-2017) - Gr. RE,AMC 3,MF,MF,1195B,INF209KA1XH8,No
248,Aditya Birla Sun Life Fixed Term Plan - Series JR (1171 days)  (Maturity Date - 05-APR-2017) - IDCW.,AMC 3,MF,MF,1196A,INF209KB1FQ5,Yes
249,Aditya Birla Sun Life Fixed Term Plan - Series JR (1171 days) - Gr. REGULAR (Maturity Date 05-Apr-20,AMC 3,MF,MF,1196B,INF209KB1FP7,No
250,Aditya Birla Sun Life Fixed Term Plan - Series JR 1171 days Maturity Date - 05-APR-2017 - Qtly IDCW.,AMC 3,MF,MF,1196C,INF209KB1FL6,Yes
251,Aditya Birla Sun Life Fixed Term Plan - Series JW (367 days) - Gr. REGULAR,AMC 3,MF,MF,1204B,INF209KA1813,Yes
252,Aditya Birla Sun Life Fixed Term Plan - Series JW (367 days) - IDCW. REGULAR,AMC 3,MF,MF,1204A,INF209KA1821,Yes
253,Aditya Birla Sun Life Fixed Term Plan - Series JW (367 days) - Qtly IDCW. REGULAR,AMC 3,MF,MF,1204C,INF209KA1839,Yes
254,Aditya Birla Sun Life Fixed Term Plan - Series JY (1162 days) - Gr. REGULAR  maturity date 10-apr-20,AMC 3,MF,MF,1206B,INF209KB1AZ7,Yes
255,Aditya Birla Sun Life Fixed Term Plan - Series JY (1162 days) - IDCW. REGULAR  maturity date 10-apr-,AMC 3,MF,MF,1206A,INF209KB1BA8,No
256,Aditya Birla Sun Life Fixed Term Plan - Series JY (1162 days) - Qtly IDCW. REGULAR maturity date 10-,AMC 3,MF,MF,1206C,INF209KB1AV6,Yes
257,Aditya Birla Sun Life Fixed Term Plan - Series KC (1099 days) - Qtly IDCW. REGULAR Maturity Date-17,AMC 3,MF,MF,1210C,INF209KA1AT1,Yes
258,Aditya Birla Sun Life Fixed Term Plan - Series KC (1099days) - IDCW. REGULAR Maturity Date-17 APR 20,AMC 3,MF,MF,1210A,INF209KA1AS3,Yes
259,Aditya Birla Sun Life Fixed Term Plan - Series KC (1159 days) - Gr. REGULAR Maturity Date-17 APR 201,AMC 3,MF,MF,1210B,INF209KA1AR5,Yes
260,Aditya Birla Sun Life Fixed Term Plan - Series KD (1143 days) - IDCW. REGULAR Maturity date 05-apr-2,AMC 3,MF,MF,1212A,INF209KA1BE1,Yes
261,Aditya Birla Sun Life Fixed Term Plan - Series KD (1143days) - Gr. REGULAR Maturity date 05-apr-2017,AMC 3,MF,MF,1212B,INF209KA1BD3,Yes
262,Aditya Birla Sun Life Fixed Term Plan - Series KD (1143days) - Qtly IDCW. REGULAR Maturity date 05-a,AMC 3,MF,MF,1212C,INF209KA1BF8,Yes
263,Aditya Birla Sun Life Fixed Term Plan - Series KF (1140 days) - Gr. REGULAR MATURITY DATE = 05-APR-2,AMC 3,MF,MF,1213B,INF209KA1BL6,Yes
264,Aditya Birla Sun Life Fixed Term Plan - Series KF (1140days) - IDCW. REGULAR MATURITY DATE = 05-APR-,AMC 3,MF,MF,1213A,INF209KA1BM4,Yes
265,Aditya Birla Sun Life Fixed Term Plan - Series KF (1140days) Qtly IDCW. REGULAR MATURITY DATE = 05-A,AMC 3,MF,MF,1213C,INF209KA1BN2,Yes
266,Aditya Birla Sun Life Fixed Term Plan - Series KG (1136 days) - Gr. REGULAR  MATURITY DATE = 05-APR-,AMC 3,MF,MF,1214B,INF209KA1BR3,Yes
267,Aditya Birla Sun Life Fixed Term Plan - Series KG (1136 days) - IDCW. REGULAR MATURITY DATE = 05-APR,AMC 3,MF,MF,1214A,INF209KA1BS1,Yes
268,Aditya Birla Sun Life Fixed Term Plan - Series KI  - Gr. REGULAR - Maturity Date 05-Apr-2017,AMC 3,MF,MF,1217B,INF209KA1CD1,Yes
269,Aditya Birla Sun Life Fixed Term Plan - Series KK (1129 days) - Gr. REGULAR - Maturity Date  05.04.2,AMC 3,MF,MF,1219B,INF209KA1CP5,Yes
270,Aditya Birla Sun Life Fixed Term Plan - Series KK (1129 days) - IDCW. REGULAR - Maturity Date 05.04.,AMC 3,MF,MF,1219A,INF209KA1CQ3,Yes
271,Aditya Birla Sun Life Fixed Term Plan - Series KK (1129 days) Qtly IDCW. REGULAR Maturity Date  05.0,AMC 3,MF,MF,1219C,INF209KA1CR1,Yes
272,Aditya Birla Sun Life Fixed Term Plan - Series KM (1126 days) - Gr. REGULAR -Maturity Date 05-APR-20,AMC 3,MF,MF,1221B,INF209KA1CZ4,Yes
273,Aditya Birla Sun Life Fixed Term Plan - Series KM (1126 days) - IDCW. REGULAR -Maturity Date 05-APR-,AMC 3,MF,MF,1221A,INF209KA1DA5,Yes
274,Aditya Birla Sun Life Fixed Term Plan - Series KM (1126 days) tly IDCW. REGULAR  -Maturity Date 05-A,AMC 3,MF,MF,1221C,INF209KA1DB3,Yes
275,Aditya Birla Sun Life Fixed Term Plan - Series KN (1121 days) - IDCW. REGULAR Maturity 05-Apr-2017,AMC 3,MF,MF,1222A,INF209KA1DQ1,Yes
276,Aditya Birla Sun Life Fixed Term Plan - Series KN (1121 days) - Qtly IDCW. REGULAR Maturity 05-Apr-2,AMC 3,MF,MF,1222C,INF209KA1DR9,Yes
277,Aditya Birla Sun Life Fixed Term Plan - Series KN (1121 days) (Maturity Date - 05-Apr-2017) - Gr. RE,AMC 3,MF,MF,1222B,INF209KA1DP3,Yes
278,Aditya Birla Sun Life Fixed Term Plan - Series KQ (1119days) (Maturity Date - 5-Apr-17) - Gr. REGULA,AMC 3,MF,MF,1225B,INF209KA1EB1,Yes
279,ADITYA BIRLA SUN LIFE FIXED TERM PLAN - SERIES KR (385 DAYS)-REGULAR PLAN-GROWTH,AMC 3,MF,MF,1226B,INF209KA1EH8,Yes
280,ADITYA BIRLA SUN LIFE FIXED TERM PLAN - SERIES KR (385 DAYS)-REGULAR PLAN-NORMAL DIVIDEND PAYOUT,AMC 3,MF,MF,1226A,INF209KA1EI6,Yes
281,ADITYA BIRLA SUN LIFE FIXED TERM PLAN - SERIES KR (385 DAYS)-REGULAR PLAN-QUARTERLY DIVIDEND PAYOUT,AMC 3,MF,MF,1226C,INF209KA1EJ4,Yes
282,Aditya Birla Sun Life Fixed Term Plan - Series KS (1113 days) - Qtly IDCW. REGULAR  (Maturity 05-Apr,AMC 3,MF,MF,1227C,INF209KA1EV9,Yes
283,Aditya Birla Sun Life Fixed Term Plan - Series KS (1113 days) (Maturity 05-Apr-2017)  - Gr. REGULAR,AMC 3,MF,MF,1227B,INF209KA1ET3,Yes
284,Aditya Birla Sun Life Fixed Term Plan - Series KS (1113 days) (Maturity 05-Apr-2017)  - IDCW. REGULA,AMC 3,MF,MF,1227A,INF209KA1EU1,Yes
285,Aditya Birla Sun Life Fixed Term Plan - Series KW (1477 days) - Gr. REGULAR,AMC 3,MF,MF,1231B,INF209KA1FL7,Yes
286,Aditya Birla Sun Life Fixed Term Plan - Series LD (1106 days) - Gr. REGULAR - Maturity date 24-Apr-2,AMC 3,MF,MF,1238B,INF209KA1GV4,Yes
287,Aditya Birla Sun Life Fixed Term Plan - Series LD (1106 days) - IDCW. REGULAR - Maturity date 24-Apr,AMC 3,MF,MF,1238A,INF209KA1GW2,Yes
288,Aditya Birla Sun Life Fixed Term Plan - Series LD (1106 days) - Qtly IDCW. REGULAR,AMC 3,MF,MF,1238C,INF209KA1GX0,Yes
289,Aditya Birla Sun Life Fixed Term Plan - Series LF (1100 days) - Gr. REGULAR - MATURITY DT 02-MAY-201,AMC 3,MF,MF,1241B,INF209KA1HP4,Yes
290,Aditya Birla Sun Life Fixed Term Plan - Series LF (1100 days) - IDCW. REGULAR-MATURITY DT 02-MAY-201,AMC 3,MF,MF,1241A,INF209KA1HQ2,Yes
291,Aditya Birla Sun Life Fixed Term Plan - Series LF (1100 days) - Qtly IDCW. REGULAR - MATURITY DT 02-,AMC 3,MF,MF,1241C,INF209KA1HR0,Yes
292,Aditya Birla Sun Life Fixed Term Plan - Series LG (1157 days) - Gr. REGULAR - MATURITY DT 29-JUN-17,AMC 3,MF,MF,1242B,INF209KA1HV2,Yes
293,Aditya Birla Sun Life Fixed Term Plan - Series LG (1157 days) - Qtly IDCW. REGULAR - MATURITY DT 29-,AMC 3,MF,MF,1242C,INF209KA1HX8,Yes
294,Aditya Birla Sun Life Fixed Term Plan - Series LJ (1150 days) - Gr. REGULAR - MATURITY DT 29-JUN-17,AMC 3,MF,MF,1245B,INF209KA1IR8,Yes
295,Aditya Birla Sun Life Fixed Term Plan - Series LJ (1150 days) - IDCW. REGULAR - MATURITY DT 29-JUN-1,AMC 3,MF,MF,1245A,INF209KA1IS6,Yes
296,Aditya Birla Sun Life Fixed Term Plan - Series LJ (1150 days) - Qtly IDCW. REGULAR - MATURITY DT 29-,AMC 3,MF,MF,1245C,INF209KA1IT4,Yes
297,Aditya Birla Sun Life Fixed Term Plan - Series LK (1148 days) - Gr. REGULAR - MATURITY DT 29-JUN-17,AMC 3,MF,MF,1246B,INF209KA1IX6,Yes
298,Aditya Birla Sun Life Fixed Term Plan - Series LK (1148 days) - IDCW. REGULAR - MATURITY DT 29-JUN-1,AMC 3,MF,MF,1246A,INF209KA1IY4,Yes
299,Aditya Birla Sun Life Fixed Term Plan - Series LK (1148 days) - Qtly IDCW. REGULAR - MATURITY DT 29-,AMC 3,MF,MF,1246C,INF209KA1IZ1,Yes
300,Aditya Birla Sun Life Fixed Term Plan - Series LL (1104 days) - Gr. REGULAR - MATURITY DT 29-MAY-201,AMC 3,MF,MF,1247B,INF209KA1JD6,Yes
301,Aditya Birla Sun Life Fixed Term Plan - Series LL (1104 days) - IDCW. REGULAR - MATURITY DT 29-MAY-2,AMC 3,MF,MF,1247A,INF209KA1JE4,Yes
302,Aditya Birla Sun Life Fixed Term Plan - Series LL (1104 days) - Qtly IDCW. REGULAR -MATURITY DT 29-M,AMC 3,MF,MF,1247C,INF209KA1JF1,Yes
303,Aditya Birla Sun Life Fixed Term Plan - Series LM (368 days) - Gr. REGULAR,AMC 3,MF,MF,1248B,INF209KA1JJ3,Yes
304,Aditya Birla Sun Life Fixed Term Plan - Series LM (368 days) - IDCW. REGULAR,AMC 3,MF,MF,1248A,INF209KA1JK1,Yes
305,Aditya Birla Sun Life Fixed Term Plan - Series LM (368 days) - Qtly IDCW. REGULAR,AMC 3,MF,MF,1248C,INF209KA1JL9,Yes
306,Aditya Birla Sun Life Fixed Term Plan - Series LO (1142 days) - Gr. REGULAR-Maturity Date - 20-Jul-2,AMC 3,MF,MF,1251B,INF209KA1KB8,Yes
307,Aditya Birla Sun Life Fixed Term Plan - Series LO (1142 days) - Qtly IDCW. REGULAR-Maturity Date-20-,AMC 3,MF,MF,1251C,INF209KA1KD4,Yes
308,Aditya Birla Sun Life Fixed Term Plan - Series LO (1142days) - IDCW. REGULAR-Maturity Date - 20-Jul-,AMC 3,MF,MF,1251A,INF209KA1KC6,Yes
309,Aditya Birla Sun Life Fixed Term Plan - Series LV (1099 days) - Gr. REGULAR -Mat date - 06-Sep-2017,AMC 3,MF,MF,1259B,INF209KA1OD6,Yes
310,Aditya Birla Sun Life Fixed Term Plan - Series LV (1099 days) - IDCW. REGULAR-Mat date - 06-Sep-2017,AMC 3,MF,MF,1259A,INF209KA1OE4,Yes
311,Aditya Birla Sun Life Fixed Term Plan - Series LV(1099 days)-Qtly IDCW. REGULAR-Mat date -06-Sep-201,AMC 3,MF,MF,1259C,INF209KA1OF1,Yes
312,Aditya Birla Sun Life Fixed Term Plan - Series MG (1099 days) - Qtly IDCW. REGULAR,AMC 3,MF,MF,1272C,INF209KA1YD5,Yes
313,Aditya Birla Sun Life Fixed Term Plan - Series MI (1099 days) - Gr. REGULAR,AMC 3,MF,MF,1275B,INF209KA1B97,Yes
314,Aditya Birla Sun Life Fixed Term Plan - Series MI (1099 days) - IDCW. REGULAR,AMC 3,MF,MF,1275A,INF209KA1C05,Yes
315,Aditya Birla Sun Life Fixed Term Plan - Series MI (1099 days) - Qtly IDCW. REGULAR,AMC 3,MF,MF,1275C,INF209KA1C13,Yes
316,Aditya Birla Sun Life Fixed Term Plan - Series MK (1105 days) - Gr. REGULAR,AMC 3,MF,MF,1277B,INF209KA1I58,No
317,Aditya Birla Sun Life Fixed Term Plan - Series MK (1105 days) - IDCW. REGULAR,AMC 3,MF,MF,1277A,INF209KA1I66,No
318,Aditya Birla Sun Life Fixed Term Plan - Series MK (1105 days) - Qtly IDCW. REGULAR,AMC 3,MF,MF,1277C,INF209KA1I74,No
319,Aditya Birla Sun Life Fixed Term Plan - Series MM (1099 days) - Gr. REGULAR,AMC 3,MF,MF,1279B,INF209KA1J16,No
320,Aditya Birla Sun Life Fixed Term Plan - Series MM (1099 days) - IDCW. REGULAR,AMC 3,MF,MF,1279A,INF209KA1J24,No
321,Aditya Birla Sun Life Fixed Term Plan - Series MM (1099 days) - Qtly IDCW. REGULAR,AMC 3,MF,MF,1279C,INF209KA1J32,No
322,Aditya Birla Sun Life Fixed Term Plan - Series MN (1099 days) - Gr. REGULAR,AMC 3,MF,MF,1281B,INF209KA1L20,No
323,Aditya Birla Sun Life Fixed Term Plan - Series MN (1099 days) - Qtly IDCW. REGULAR,AMC 3,MF,MF,1281C,INF209KA1L46,No
324,Aditya Birla Sun Life Fixed Term Plan - Series MP (1141 days) - Gr. REGULAR,AMC 3,MF,MF,1283B,INF209KA16D9,Yes
325,Aditya Birla Sun Life Fixed Term Plan - Series MP (1141 days) - IDCW. REGULAR,AMC 3,MF,MF,1283A,INF209KA17D7,Yes
326,Aditya Birla Sun Life Fixed Term Plan - Series MP (1141 days) - Qtly IDCW. REGULAR,AMC 3,MF,MF,1283C,INF209KA18D5,Yes
327,Aditya Birla Sun Life Fixed Term Plan - Series MQ (1159 days) - Gr. REGULAR,AMC 3,MF,MF,1284B,INF209KA15E9,No
328,Aditya Birla Sun Life Fixed Term Plan - Series MQ (1159 days) - IDCW. REGULAR,AMC 3,MF,MF,1284A,INF209KA16E7,No
329,Aditya Birla Sun Life Fixed Term Plan - Series MQ (1159 days) - Qtly IDCW. REGULAR,AMC 3,MF,MF,1284C,INF209KA17E5,Yes
330,Aditya Birla Sun Life Fixed Term Plan - Series MR (1153 days) - Gr. REGULAR,AMC 3,MF,MF,1285B,INF209KA11F5,No
331,Aditya Birla Sun Life Fixed Term Plan - Series MR (1153 days) - IDCW. REGULAR,AMC 3,MF,MF,1285A,INF209KA12F3,No
332,Aditya Birla Sun Life Fixed Term Plan - Series MR (1153 days) - Qtly IDCW. REGULAR,AMC 3,MF,MF,1285C,INF209KA13F1,No
333,Aditya Birla Sun Life Fixed Term Plan - Series MS (1110 days) - Gr. DIRECT,AMC 3,MF,MF,1286B,INF209KA13G9,Yes
334,Aditya Birla Sun Life Fixed Term Plan - Series MS (1110 days) - IDCW. DIRECT,AMC 3,MF,MF,1286A,INF209KA14G7,Yes
335,Aditya Birla Sun Life Fixed Term Plan - Series MS (1110 days) - Qtly IDCW. DIRECT,AMC 3,MF,MF,1286C,INF209KA15G4,Yes
336,Aditya Birla Sun Life Fixed Term Plan - Series MU (1117 days) - Gr. REGULAR,AMC 3,MF,MF,1288B,INF209KA12H9,Yes
337,Aditya Birla Sun Life Fixed Term Plan - Series MU (1117 days) - IDCW. REGULAR,AMC 3,MF,MF,1288A,INF209KA13H7,Yes
338,Aditya Birla Sun Life Fixed Term Plan - Series MU (1117 days) - Qtly IDCW. REGULAR,AMC 3,MF,MF,1288C,INF209KA14H5,Yes
339,Aditya Birla Sun Life Fixed Term Plan - Series MV (1104 days) - Gr. REGULAR,AMC 3,MF,MF,1289B,INF209KA15I0,No
340,Aditya Birla Sun Life Fixed Term Plan - Series MV (1104 days) - IDCW. REGULAR,AMC 3,MF,MF,1289A,INF209KA16I8,No
341,Aditya Birla Sun Life Fixed Term Plan - Series MV (1104 days) - Qtly IDCW. REGULAR,AMC 3,MF,MF,1289C,INF209KA17I6,No
342,Aditya Birla Sun Life Fixed Term Plan - Series MX (1128 days) - Gr. REGULAR,AMC 3,MF,MF,1291B,INF209KA15L4,No
343,Aditya Birla Sun Life Fixed Term Plan - Series MX (1128 days) - IDCW. REGULAR,AMC 3,MF,MF,1291A,INF209KA16L2,No
344,Aditya Birla Sun Life Fixed Term Plan - Series MX (1128 days) - Qtly IDCW. REGULAR,AMC 3,MF,MF,1291C,INF209KA17L0,No
345,Aditya Birla Sun Life Fixed Term Plan - Series MY (1107 days) - Gr. REGULAR,AMC 3,MF,MF,1292B,INF209KA11M1,No
346,Aditya Birla Sun Life Fixed Term Plan - Series MY (1107 days) - IDCW. REGULAR,AMC 3,MF,MF,1292A,INF209KA12M9,No
347,Aditya Birla Sun Life Fixed Term Plan - Series MY (1107 days) - Qtly IDCW. REGULAR,AMC 3,MF,MF,1292C,INF209KA13M7,No
348,Aditya Birla Sun Life Fixed Term Plan - Series MZ (1105 days) - Gr. REGULAR,AMC 3,MF,MF,1293B,INF209KA17M8,No
349,Aditya Birla Sun Life Fixed Term Plan - Series MZ (1105 days) - IDCW. REGULAR,AMC 3,MF,MF,1293A,INF209KA18M6,No
350,Aditya Birla Sun Life Fixed Term Plan - Series MZ (1105 days) - Qtly IDCW. REGULAR,AMC 3,MF,MF,1293C,INF209KA19M4,Yes
351,Aditya Birla Sun Life Fixed Term Plan - Series NA (1127 days) - Gr. REGULAR,AMC 3,MF,MF,1294B,INF209KA13N5,Yes
352,Aditya Birla Sun Life Fixed Term Plan - Series NA (1127 days) - IDCW. REGULAR,AMC 3,MF,MF,1294A,INF209KA14N3,Yes
353,Aditya Birla Sun Life Fixed Term Plan - Series NA (1127 days) - Qtly IDCW. REGULAR,AMC 3,MF,MF,1294C,INF209KA15N0,Yes
354,Aditya Birla Sun Life Fixed Term Plan - Series NB (1099 days) - Gr. REGULAR,AMC 3,MF,MF,1296B,INF209KA13O3,No
355,Aditya Birla Sun Life Fixed Term Plan - Series NB (1099 days) - IDCW. REGULAR,AMC 3,MF,MF,1296A,INF209KA14O1,No
356,Aditya Birla Sun Life Fixed Term Plan - Series NB (1099 days) - Qtly IDCW. REGULAR,AMC 3,MF,MF,1296C,INF209KA15O8,No
357,Aditya Birla Sun Life Fixed Term Plan - Series NC (1100 days) - Gr. REGULAR,AMC 3,MF,MF,1297B,INF209KA19O0,Yes
358,Aditya Birla Sun Life Fixed Term Plan - Series NC (1100 days) - IDCW. REGULAR,AMC 3,MF,MF,1297A,INF209KA10P6,Yes
359,Aditya Birla Sun Life Fixed Term Plan - Series NC (1100 days) - Qtly IDCW. REGULAR,AMC 3,MF,MF,1297C,INF209KA11P4,Yes
360,Aditya Birla Sun Life Fixed Term Plan - Series ND (1109 days) - Gr. REGULAR,AMC 3,MF,MF,1298B,INF209KA15P5,Yes
361,Aditya Birla Sun Life Fixed Term Plan - Series ND (1109 days) - IDCW. REGULAR,AMC 3,MF,MF,1298A,INF209KA16P3,Yes
362,Aditya Birla Sun Life Fixed Term Plan - Series ND (1109 days) - Qtly IDCW. REGULAR,AMC 3,MF,MF,1298C,INF209KA17P1,Yes
363,Aditya Birla Sun Life Fixed Term Plan - Series NE (1100 days) - Gr. REGULAR - Maturity date -17-Jan-,AMC 3,MF,MF,1299B,INF209KA11Q2,No
364,Aditya Birla Sun Life Fixed Term Plan - Series NE (1100 days) - IDCW. REGULAR - Maturity date -17-Ja,AMC 3,MF,MF,1299A,INF209KA12Q0,No
365,Aditya Birla Sun Life Fixed Term Plan - Series NE (1100 days)-Qtly IDCW. REGULAR - Maturity date-17-,AMC 3,MF,MF,1299C,INF209KA13Q8,No
366,ADITYA BIRLA SUN LIFE FIXED TERM PLAN - SERIES NF (1177 DAYS) - GROWTH,AMC 3,MF,MF,1300B,INF209KA17Q9,Yes
367,ADITYA BIRLA SUN LIFE FIXED TERM PLAN - SERIES NF (1177 DAYS) - NORMAL DIVIDEND PAYOUT,AMC 3,MF,MF,1300A,INF209KA18Q7,Yes
368,ADITYA BIRLA SUN LIFE FIXED TERM PLAN - SERIES NF (1177 DAYS) - QUARTERLY DIVIDEND PAYOUT,AMC 3,MF,MF,1300C,INF209KA19Q5,Yes
369,Aditya Birla Sun Life Fixed Term Plan - Series NG (1169 days) - Gr. REGULAR,AMC 3,MF,MF,1301B,INF209KA13R6,No
370,Aditya Birla Sun Life Fixed Term Plan - Series NG (1169 days) - IDCW. REGULAR,AMC 3,MF,MF,1301A,INF209KA14R4,No
371,Aditya Birla Sun Life Fixed Term Plan - Series NG (1169 days) - Qtly IDCW. REGULAR,AMC 3,MF,MF,1301C,INF209KA15R1,No
372,Aditya Birla Sun Life Fixed Term Plan - Series NH (1168 days) - Gr. REGULAR,AMC 3,MF,MF,1302B,INF209KA13S4,No
373,Aditya Birla Sun Life Fixed Term Plan - Series NH (1168 days) - IDCW. REGULAR,AMC 3,MF,MF,1302A,INF209KA14S2,No
374,Aditya Birla Sun Life Fixed Term Plan - Series NH (1168 days) - Qtly IDCW. REGULAR,AMC 3,MF,MF,1302C,INF209KA15S9,Yes
375,Aditya Birla Sun Life Fixed Term Plan - Series NI (1163 days) - Gr. REGULAR,AMC 3,MF,MF,1303B,INF209KA19S1,No
376,Aditya Birla Sun Life Fixed Term Plan - Series NI (1163 days) - IDCW. REGULAR,AMC 3,MF,MF,1303A,INF209KA10T8,No
377,Aditya Birla Sun Life Fixed Term Plan - Series NI (1163 days) - Qtly IDCW. REGULAR,AMC 3,MF,MF,1303C,INF209KA11T6,No
378,Aditya Birla Sun Life Fixed Term Plan - Series NJ (1163 days) - Gr. REGULAR,AMC 3,MF,MF,1304B,INF209KA15T7,No
379,Aditya Birla Sun Life Fixed Term Plan - Series NJ (1163 days) - IDCW. REGULAR,AMC 3,MF,MF,1304A,INF209KA16T5,Yes
380,Aditya Birla Sun Life Fixed Term Plan - Series NJ (1163 days) - Qtly IDCW. REGULAR,AMC 3,MF,MF,1304C,INF209KA17T3,No
381,Aditya Birla Sun Life Fixed Term Plan - Series NK (1196 days) - Gr. REGULAR,AMC 3,MF,MF,1305B,INF209KA11U4,No
382,Aditya Birla Sun Life Fixed Term Plan - Series NK (1196 days) - IDCW. REGULAR,AMC 3,MF,MF,1305A,INF209KA12U2,No
383,Aditya Birla Sun Life Fixed Term Plan - Series NK (1196 days) - Qtly IDCW. REGULAR,AMC 3,MF,MF,1305C,INF209KA13U0,No
384,Aditya Birla Sun Life Fixed Term Plan - Series NL (1148 days) - Gr. REGULAR,AMC 3,MF,MF,1306B,INF209KA17U1,Yes
385,Aditya Birla Sun Life Fixed Term Plan - Series NL (1148 days) - IDCW. REGULAR,AMC 3,MF,MF,1306A,INF209KA18U9,Yes
386,Aditya Birla Sun Life Fixed Term Plan - Series NL (1148 days) - Qtly IDCW. REGULAR,AMC 3,MF,MF,1306C,INF209KA19U7,Yes
387,Aditya Birla Sun Life Fixed Term Plan - Series NM (1135 days) - Gr. REGULAR,AMC 3,MF,MF,1308B,INF209KA15V3,No
388,Aditya Birla Sun Life Fixed Term Plan - Series NM (1135 days) - IDCW. REGULAR,AMC 3,MF,MF,1308A,INF209KA16V1,No
389,Aditya Birla Sun Life Fixed Term Plan - Series NM (1135 days) - Qtly IDCW. REGULAR,AMC 3,MF,MF,1308C,INF209KA17V9,Yes
390,Aditya Birla Sun Life Fixed Term Plan - Series NN (1160 days) - Gr. REGULAR,AMC 3,MF,MF,1309B,INF209KA11W0,No
391,Aditya Birla Sun Life Fixed Term Plan - Series NN (1160 days) - IDCW. REGULAR,AMC 3,MF,MF,1309A,INF209KA12W8,No
392,Aditya Birla Sun Life Fixed Term Plan - Series NN (1160 days) - Qtly IDCW. REGULAR,AMC 3,MF,MF,1309C,INF209KA13W6,No
393,Aditya Birla Sun Life Fixed Term Plan - Series NO (1168 days) - Gr. REGULAR,AMC 3,MF,MF,1310B,INF209KA17W7,No
394,Aditya Birla Sun Life Fixed Term Plan - Series NO (1168 days) - IDCW. REGULAR,AMC 3,MF,MF,1310A,INF209KA18W5,No
395,Aditya Birla Sun Life Fixed Term Plan - Series NO (1168 days) - Qtly IDCW. REGULAR,AMC 3,MF,MF,1310C,INF209KA19W3,No
396,Aditya Birla Sun Life Fixed Term Plan - Series NP (1163 days) - Gr. REGULAR,AMC 3,MF,MF,1311B,INF209KA16X7,No
397,Aditya Birla Sun Life Fixed Term Plan - Series NP (1163 days) - IDCW. REGULAR,AMC 3,MF,MF,1311A,INF209KA17X5,No
398,Aditya Birla Sun Life Fixed Term Plan - Series NP (1163 days) - Qtly IDCW. REGULAR,AMC 3,MF,MF,1311C,INF209KA18X3,No
399,Aditya Birla Sun Life Fixed Term Plan - Series NQ (1107 days) - Gr. REGULAR,AMC 3,MF,MF,1312B,INF209KA19X1,Yes
400,Aditya Birla Sun Life Fixed Term Plan - Series NQ (1107 days) - IDCW. REGULAR,AMC 3,MF,MF,1312A,INF209KA10Y8,Yes
401,Aditya Birla Sun Life Fixed Term Plan - Series NQ (1107 days) - Qtly IDCW. REGULAR,AMC 3,MF,MF,1312C,INF209KA11Y6,Yes
402,Aditya Birla Sun Life Fixed Term Plan - Series NR (1099 days) - Gr. REGULAR,AMC 3,MF,MF,1315B,INF209KB1127,No
403,Aditya Birla Sun Life Fixed Term Plan - Series NR (1099 days) - IDCW. REGULAR,AMC 3,MF,MF,1315A,INF209KB1135,No
404,Aditya Birla Sun Life Fixed Term Plan - Series NR (1099 days) - Qtly IDCW. REGULAR,AMC 3,MF,MF,1315C,INF209KB1143,Yes
405,Aditya Birla Sun Life Fixed Term Plan - Series NS (1098 days) - Gr. REGULAR,AMC 3,MF,MF,1316B,INF209KB1184,Yes
406,Aditya Birla Sun Life Fixed Term Plan - Series NS (1098 days) - IDCW. REGULAR,AMC 3,MF,MF,1316A,INF209KB1200,No
407,Aditya Birla Sun Life Fixed Term Plan - Series NS (1098 days) - Qtly IDCW. REGULAR,AMC 3,MF,MF,1316C,INF209KB1218,No
408,Aditya Birla Sun Life Fixed Term Plan - Series NT (1099 days) - Gr. REGULAR,AMC 3,MF,MF,1317B,INF209KB1317,No
409,Aditya Birla Sun Life Fixed Term Plan - Series NT (1099 days) - IDCW. REGULAR,AMC 3,MF,MF,1317A,INF209KB1325,Yes
410,Aditya Birla Sun Life Fixed Term Plan - Series NT (1099 days) - Qtly IDCW. REGULAR,AMC 3,MF,MF,1317C,INF209KB1333,Yes
411,Aditya Birla Sun Life Fixed Term Plan - Series NU (1099 days) - Gr. REGULAR,AMC 3,MF,MF,1318B,INF209KB1432,Yes
412,Aditya Birla Sun Life Fixed Term Plan - Series NU (1099 days) - IDCW. REGULAR,AMC 3,MF,MF,1318A,INF209KB1440,Yes
413,Aditya Birla Sun Life Fixed Term Plan - Series NU (1099 days) - Qtly IDCW. REGULAR,AMC 3,MF,MF,1318C,INF209KB1457,Yes
414,Aditya Birla Sun Life Fixed Term Plan - Series NV (1099 days) - Growth. REGULAR,AMC 3,MF,MF,1320B,INF209KB1531,Yes
415,Aditya Birla Sun Life Fixed Term Plan - Series NV (1099 days) - IDCW. REGULAR,AMC 3,MF,MF,1320A,INF209KB1549,Yes
416,Aditya Birla Sun Life Fixed Term Plan - Series NV (1099 days) - Qtly IDCW. REGULAR,AMC 3,MF,MF,1320C,INF209KB1556,Yes
417,Aditya Birla Sun Life Fixed Term Plan - Series NW (1099 days) - Growth. REGULAR,AMC 3,MF,MF,1321B,INF209KB1630,Yes
418,Aditya Birla Sun Life Fixed Term Plan - Series NW (1099 days) - IDCW. REGULAR,AMC 3,MF,MF,1321A,INF209KB1648,Yes
419,Aditya Birla Sun Life Fixed Term Plan - Series NW (1099 days) - Qtly IDCW. REGULAR,AMC 3,MF,MF,1321C,INF209KB1655,Yes
420,ADITYA BIRLA SUN LIFE FIXED TERM PLAN - SERIES NX (1100 DAYS) - GROWTH,AMC 3,MF,MF,1322B,INF209KB1697,Yes
421,ADITYA BIRLA SUN LIFE FIXED TERM PLAN - SERIES NX (1100 DAYS) - NORMAL DIVIDEND PAYOUT,AMC 3,MF,MF,1322A,INF209KB1705,Yes
422,ADITYA BIRLA SUN LIFE FIXED TERM PLAN - SERIES NX (1100 DAYS) - QUARTERLY DIVIDEND PAYOUT,AMC 3,MF,MF,1322C,INF209KB1713,Yes
423,Aditya Birla Sun Life Fixed Term Plan - Series OB (1100 days) - Growth. REGULAR,AMC 3,MF,MF,1323B,INF209KB1812,Yes
424,Aditya Birla Sun Life Fixed Term Plan - Series OB (1100 days) - IDCW. REGULAR,AMC 3,MF,MF,1323A,INF209KB1820,Yes
425,Aditya Birla Sun Life Fixed Term Plan - Series OB (1100 days) - Qtly IDCW. REGULAR,AMC 3,MF,MF,1323C,INF209KB1838,Yes
426,Aditya Birla Sun Life Fixed Term Plan - Series OC (1155 days) - IDCW. REGULAR- Maturity Date 08-APR-,AMC 3,MF,MF,1325A,INF209KB1BC4,Yes
427,Aditya Birla Sun Life Fixed Term Plan - Series OC (1155 days) - Qtly IDCW. REGULAR-Maturity Date 08-,AMC 3,MF,MF,1325C,INF209KB1BD2,Yes
428,Aditya Birla Sun Life Fixed Term Plan - Series OC (1155 days) -Growth REGULAR Maturity Date 08-APR-2,AMC 3,MF,MF,1325B,INF209KB1BB6,Yes
429,Aditya Birla Sun Life Fixed Term Plan - Series OD (1145 days) - IDCW. REGULAR maturity date 06-apr-2,AMC 3,MF,MF,1326A,INF209KB1CU4,Yes
430,Aditya Birla Sun Life Fixed Term Plan - Series OD (1145 days) - Qtly IDCW. REGULAR maturity date 06-,AMC 3,MF,MF,1326C,INF209KB1CV2,No
431,Aditya Birla Sun Life Fixed Term Plan - Series OD (1145 days) -Growth.REGULAR maturity date 06-apr-2,AMC 3,MF,MF,1326B,INF209KB1CT6,No
432,Aditya Birla Sun Life Fixed Term Plan - Series OE (1153 days) - IDCW. REGULAR Maturity date 20-apr-2,AMC 3,MF,MF,1327A,INF209KB1DA4,No
433,Aditya Birla Sun Life Fixed Term Plan - Series OE (1153 days) - Qtly IDCW. REGULAR Maturity date 20-,AMC 3,MF,MF,1327C,INF209KB1DB2,Yes
434,Aditya Birla Sun Life Fixed Term Plan - Series OE (1153 days) -Growth.REGULAR Maturity date 20-apr-2,AMC 3,MF,MF,1327B,INF209KB1CZ3,No
435,Aditya Birla Sun Life Fixed Term Plan - Series OF (1151 days) - IDCW. REGULAR,AMC 3,MF,MF,1328A,INF209KB1DG1,Yes
436,Aditya Birla Sun Life Fixed Term Plan - Series OF (1151 days) - Qtly IDCW. REGULAR,AMC 3,MF,MF,1328C,INF209KB1DH9,No
437,Aditya Birla Sun Life Fixed Term Plan - Series OF (1151 days) -Growth.REGULAR,AMC 3,MF,MF,1328B,INF209KB1DF3,No
438,Aditya Birla Sun Life Fixed Term Plan - Series OG (1146 days) - IDCW. REGULAR maturity date 20-apr-2,AMC 3,MF,MF,1330A,INF209KB1DQ0,Yes
439,Aditya Birla Sun Life Fixed Term Plan - Series OG (1146 days) - Qtly IDCW. REGULAR maturity date 20-,AMC 3,MF,MF,1330C,INF209KB1DR8,No
440,Aditya Birla Sun Life Fixed Term Plan - Series OG (1146 days) -Growth.REGULAR maturity date 20-apr-2,AMC 3,MF,MF,1330B,INF209KB1DP2,No
441,Aditya Birla Sun Life Fixed Term Plan - Series OH (1120 days) - IDCW. REGULAR maturity date=01-apr-2,AMC 3,MF,MF,1331A,INF209KB1EC8,Yes
442,Aditya Birla Sun Life Fixed Term Plan - Series OH (1120 days) - Qtly IDCW. REGULAR maturity date=01-,AMC 3,MF,MF,1331C,INF209KB1ED6,Yes
443,Aditya Birla Sun Life Fixed Term Plan - Series OH (1120 days) -Growth.REGULAR maturity date=01-apr-2,AMC 3,MF,MF,1331B,INF209KB1EB0,Yes
444,Aditya Birla Sun Life Fixed Term Plan - Series OI (1120 days) - IDCW. REGULAR maturity date09apr-202,AMC 3,MF,MF,1332A,INF209KB1EI5,Yes
445,Aditya Birla Sun Life Fixed Term Plan - Series OI (1120 days) - Qtly IDCW. REGULA,AMC 3,MF,MF,1332C,INF209KB1EJ3,Yes
446,Aditya Birla Sun Life Fixed Term Plan - Series OI (1120 days) -Growth.REGULAR,AMC 3,MF,MF,1332B,INF209KB1EH7,Yes
447,Aditya Birla Sun Life Fixed Term Plan - Series OJ (1136 days) - IDCW. REGULAR,AMC 3,MF,MF,1333A,INF209KB1FS1,Yes
448,Aditya Birla Sun Life Fixed Term Plan - Series OJ (1136 days) - Qtly IDCW. REGULAR,AMC 3,MF,MF,1333C,INF209KB1FT9,Yes
449,Aditya Birla Sun Life Fixed Term Plan - Series OJ (1136 days) -Growth.REGULAR,AMC 3,MF,MF,1333B,INF209KB1FR3,No
450,Aditya Birla Sun Life Fixed Term Plan - Series OK (1135 days) - IDCW. REGULAR maturity date=30-apr-2,AMC 3,MF,MF,1334A,INF209KB1FY9,No
451,Aditya Birla Sun Life Fixed Term Plan - Series OK (1135 days) - Qtly IDCW. REGULAR maturity date=30-,AMC 3,MF,MF,1334C,INF209KB1FZ6,Yes
452,Aditya Birla Sun Life Fixed Term Plan - Series OK (1135 days) -Growth.REGULAR maturity date=30-apr-2,AMC 3,MF,MF,1334B,INF209KB1FX1,No
453,Aditya Birla Sun Life Fixed Term Plan - Series OL (1148 days) - IDCW. REGULAR maturity date=19-May-2,AMC 3,MF,MF,1335A,INF209KB1GE9,Yes
454,Aditya Birla Sun Life Fixed Term Plan - Series OL (1148 days) - Qtly IDCW. REGULAR maturity date=19-,AMC 3,MF,MF,1335C,INF209KB1GF6,No
455,Aditya Birla Sun Life Fixed Term Plan - Series OL (1148 days) -Growth.REGULAR maturity date=19-May-2,AMC 3,MF,MF,1335B,INF209KB1GD1,No
456,Aditya Birla Sun Life Fixed Term Plan - Series OM (1146 days) - IDCW. REGULAR,AMC 3,MF,MF,1336A,INF209KB1GK6,Yes
457,Aditya Birla Sun Life Fixed Term Plan - Series OM (1146 days) - Qtly IDCW. REGULAR,AMC 3,MF,MF,1336C,INF209KB1GL4,Yes
458,Aditya Birla Sun Life Fixed Term Plan - Series OM (1146 days) -Growth.REGULAR,AMC 3,MF,MF,1336B,INF209KB1GJ8,Yes
459,Aditya Birla Sun Life Fixed Term Plan - Series ON (1120 days) - IDCW. REGULAR Maturity date:20-May-2,AMC 3,MF,MF,1337A,INF209KB1GS9,Yes
460,Aditya Birla Sun Life Fixed Term Plan - Series ON (1120 days) - Qtly IDCW. REGULAR  Maturity date:20,AMC 3,MF,MF,1337C,INF209KB1GT7,Yes
461,Aditya Birla Sun Life Fixed Term Plan - Series ON (1120 days) -Growth.REGULAR Maturity date:20-May-2,AMC 3,MF,MF,1337B,INF209KB1GR1,No
462,Aditya Birla Sun Life Fixed Term Plan - Series OO (1098 days) - IDCW. REGULAR,AMC 3,MF,MF,1338A,INF209KB1GY7,Yes
463,Aditya Birla Sun Life Fixed Term Plan - Series OO (1098 days) - Qtly IDCW. REGULAR,AMC 3,MF,MF,1338C,INF209KB1GZ4,Yes
464,Aditya Birla Sun Life Fixed Term Plan - Series OO (1098 days) -Growth.REGULAR,AMC 3,MF,MF,1338B,INF209KB1GX9,Yes
465,Aditya Birla Sun Life Fixed Term Plan - Series OP (1105 days) - IDCW. REGULAR,AMC 3,MF,MF,1339A,INF209KB1HE7,Yes
466,ADITYA BIRLA SUN LIFE FIXED TERM PLAN - SERIES OP (1105 DAYS) - QUARTERLY DIVIDEND PAYOUT,AMC 3,MF,MF,1339C,INF209KB1HF4,Yes
467,Aditya Birla Sun Life Fixed Term Plan - Series OP (1105 days) -Growth.REGULAR,AMC 3,MF,MF,1339B,INF209KB1HD9,Yes
468,Aditya Birla Sun Life Fixed Term Plan - Series OQ (1113 days) - IDCW. REGULAR,AMC 3,MF,MF,1340A,INF209KB1HM0,Yes
469,Aditya Birla Sun Life Fixed Term Plan - Series OQ (1113 days) - Qtly IDCW. REGULAR,AMC 3,MF,MF,1340C,INF209KB1HN8,Yes
470,Aditya Birla Sun Life Fixed Term Plan - Series OQ (1113 days) -Growth.REGULAR,AMC 3,MF,MF,1340B,INF209KB1HL2,Yes
471,Aditya Birla Sun Life Fixed Term Plan - Series OR (1124 days) - IDCW. REGULAR,AMC 3,MF,MF,1342A,INF209KB1IA3,Yes
472,Aditya Birla Sun Life Fixed Term Plan - Series OR (1124 days) - Qtly IDCW. REGULAR,AMC 3,MF,MF,1342C,INF209KB1IB1,Yes
473,Aditya Birla Sun Life Fixed Term Plan - Series OR (1124 days) -Growth.REGULAR,AMC 3,MF,MF,1342B,INF209KB1HZ2,Yes
474,Aditya Birla Sun Life Fixed Term Plan - Series OT (1117 days) - IDCW. REGULAR MATURITY DATE(17/AUG/2,AMC 3,MF,MF,1344A,INF209KB1IM8,No
475,Aditya Birla Sun Life Fixed Term Plan - Series OT (1117 days) - Qtly IDCW. REGULAR MATURITY DATE (17,AMC 3,MF,MF,1344C,INF209KB1IN6,Yes
476,Aditya Birla Sun Life Fixed Term Plan - Series OT (1117 days) -Growth.REGULAR MATURITY DATE (17/AUG/,AMC 3,MF,MF,1344B,INF209KB1IL0,No
477,Aditya Birla Sun Life Fixed Term Plan - Series OV (1111 days) -Regular Dividend,AMC 3,MF,MF,1346A,INF209KB1JE3,Yes
478,Aditya Birla Sun Life Fixed Term Plan - Series OV (1111 days) -Regular Growth,AMC 3,MF,MF,1346B,INF209KB1JD5,No
479,Aditya Birla Sun Life Fixed Term Plan - Series OV (1111 days) -Regular Qlrty Dividend,AMC 3,MF,MF,1346C,INF209KB1JF0,Yes
480,Aditya Birla Sun Life Fixed Term Plan - Series OW (1245 days) -Regular Growth,AMC 3,MF,MF,1347B,INF209KB1JJ2,Yes
481,Aditya Birla Sun Life Fixed Term Plan - Series OW (1245 days) -Regular IDCW,AMC 3,MF,MF,1347A,INF209KB1JK0,No
482,Aditya Birla Sun Life Fixed Term Plan - Series OW (1245 days) -Regular Qlrty IDCW,AMC 3,MF,MF,1347C,INF209KB1JL8,No
483,Aditya Birla Sun Life Fixed Term Plan - Series OX (1234 days) -Regular Growth,AMC 3,MF,MF,1348B,INF209KB1JP9,Yes
484,Aditya Birla Sun Life Fixed Term Plan - Series OX (1234 days) -Regular IDCW,AMC 3,MF,MF,1348A,INF209KB1JQ7,Yes
485,Aditya Birla Sun Life Fixed Term Plan - Series OX (1234 days) -Regular Qlrty IDCW,AMC 3,MF,MF,1348C,INF209KB1JR5,Yes
486,Aditya Birla Sun Life Fixed Term Plan - Series OY (1218 days) -Regular Growth,AMC 3,MF,MF,1349B,INF209KB1JV7,Yes
487,Aditya Birla Sun Life Fixed Term Plan - Series OY (1218 days) -Regular IDCW,AMC 3,MF,MF,1349A,INF209KB1JW5,Yes
488,Aditya Birla Sun Life Fixed Term Plan - Series OY (1218 days) -Regular Qlrty IDCW,AMC 3,MF,MF,1349C,INF209KB1JX3,Yes
489,Aditya Birla Sun Life Fixed Term Plan - Series OZ (1187 days) -Regular Growth,AMC 3,MF,MF,1350B,INF209KB1KB7,Yes
490,Aditya Birla Sun Life Fixed Term Plan - Series OZ (1187 days) -Regular IDCW,AMC 3,MF,MF,1350A,INF209KB1KC5,Yes
491,Aditya Birla Sun Life Fixed Term Plan - Series OZ (1187 days) -Regular Qlrty IDCW,AMC 3,MF,MF,1350C,INF209KB1KD3,Yes
492,Aditya Birla Sun Life Fixed Term Plan - Series PA (1177 days) -Regular Growth,AMC 3,MF,MF,1351B,INF209KB1KH4,Yes
493,Aditya Birla Sun Life Fixed Term Plan - Series PA (1177 days) -Regular IDCW,AMC 3,MF,MF,1351A,INF209KB1KI2,Yes
494,Aditya Birla Sun Life Fixed Term Plan - Series PA (1177 days) -Regular Qlrty IDCW,AMC 3,MF,MF,1351C,INF209KB1KJ0,Yes
495,Aditya Birla Sun Life Fixed Term Plan - Series PB (1190 days) -Regular Growth,AMC 3,MF,MF,1352B,INF209KB1KN2,Yes
496,Aditya Birla Sun Life Fixed Term Plan - Series PB (1190 days) -Regular IDCW,AMC 3,MF,MF,1352A,INF209KB1KO0,Yes
497,Aditya Birla Sun Life Fixed Term Plan - Series PB (1190 days) -Regular Qlrty IDCW,AMC 3,MF,MF,1352C,INF209KB1KP7,Yes
498,Aditya Birla Sun Life Fixed Term Plan - Series PC (1169 days) -Regular Growth,AMC 3,MF,MF,1353B,INF209KB1KT9,Yes
499,Aditya Birla Sun Life Fixed Term Plan - Series PC (1169 days) -Regular IDCW,AMC 3,MF,MF,1353A,INF209KB1KU7,Yes
500,Aditya Birla Sun Life Fixed Term Plan - Series PC (1169 days) -Regular Qlrty IDCW,AMC 3,MF,MF,1353C,INF209KB1KV5,Yes
501,Aditya Birla Sun Life Fixed Term Plan - Series PD (1177 days) -Regular Growth,AMC 3,MF,MF,1354B,INF209KB1KZ6,Yes
502,Aditya Birla Sun Life Fixed Term Plan - Series PD (1177 days) -Regular IDCW,AMC 3,MF,MF,1354A,INF209KB1LA7,Yes
503,Aditya Birla Sun Life Fixed Term Plan - Series PD (1177 days) -Regular Qlrty IDCW,AMC 3,MF,MF,1354C,INF209KB1LB5,Yes
504,Aditya Birla Sun Life Fixed Term Plan - Series PE (1159 days) -Regular Growth,AMC 3,MF,MF,1355B,INF209KB1LF6,Yes
505,Aditya Birla Sun Life Fixed Term Plan - Series PE (1159 days) -Regular IDCW,AMC 3,MF,MF,1355A,INF209KB1LG4,Yes
506,Aditya Birla Sun Life Fixed Term Plan - Series PE (1159 days) -Regular Qlrty IDCW,AMC 3,MF,MF,1355C,INF209KB1LH2,Yes
507,Aditya Birla Sun Life Fixed Term Plan - Series PF (1148 days) -Regular Growth,AMC 3,MF,MF,1357B,INF209KB1LP5,Yes
508,Aditya Birla Sun Life Fixed Term Plan - Series PF (1148 days) -Regular IDCW,AMC 3,MF,MF,1357A,INF209KB1LQ3,Yes
509,Aditya Birla Sun Life Fixed Term Plan - Series PF (1148 days) -Regular Qlrty IDCW,AMC 3,MF,MF,1357C,INF209KB1LR1,Yes
510,Aditya Birla Sun Life Fixed Term Plan - Series PG (1148 days) -Regular Growth,AMC 3,MF,MF,1358B,INF209KB1LV3,Yes
511,Aditya Birla Sun Life Fixed Term Plan - Series PG (1148 days) -Regular IDCW,AMC 3,MF,MF,1358A,INF209KB1LW1,Yes
512,Aditya Birla Sun Life Fixed Term Plan - Series PG (1148 days) -Regular Qlrty IDCW,AMC 3,MF,MF,1358C,INF209KB1LX9,Yes
513,Aditya Birla Sun Life Fixed Term Plan - Series PH (1143 days) -Regular Growth,AMC 3,MF,MF,1359B,INF209KB1MB3,Yes
514,Aditya Birla Sun Life Fixed Term Plan - Series PH (1143 days) -Regular IDCW,AMC 3,MF,MF,1359A,INF209KB1MC1,Yes
515,Aditya Birla Sun Life Fixed Term Plan - Series PH (1143 days) -Regular Qlrty IDCW,AMC 3,MF,MF,1359C,INF209KB1MD9,Yes
516,Aditya Birla Sun Life Fixed Term Plan - Series PI (1140 days) -Regular Growth,AMC 3,MF,MF,1360B,INF209KB1MT5,Yes
517,Aditya Birla Sun Life Fixed Term Plan - Series PI (1140 days) -Regular IDCW,AMC 3,MF,MF,1360A,INF209KB1MU3,Yes
518,Aditya Birla Sun Life Fixed Term Plan - Series PI (1140 days) -Regular Qlrty IDCW,AMC 3,MF,MF,1360C,INF209KB1MV1,Yes
519,Aditya Birla Sun Life Fixed Term Plan - Series PJ (1135 days) -Regular Growth,AMC 3,MF,MF,1361B,INF209KB1MH0,Yes
520,Aditya Birla Sun Life Fixed Term Plan - Series PJ (1135 days) -Regular IDCW,AMC 3,MF,MF,1361A,INF209KB1MI8,Yes
521,Aditya Birla Sun Life Fixed Term Plan - Series PJ (1135 days) -Regular Qlrty IDCW,AMC 3,MF,MF,1361C,INF209KB1MJ6,Yes
522,Aditya Birla Sun Life Fixed Term Plan - Series PK (1132 days) -Regular Growth,AMC 3,MF,MF,1362B,INF209KB1MN8,Yes
523,Aditya Birla Sun Life Fixed Term Plan - Series PK (1132 days) -Regular IDCW,AMC 3,MF,MF,1362A,INF209KB1MO6,Yes
524,Aditya Birla Sun Life Fixed Term Plan - Series PK (1132 days) -Regular Qlrty IDCW,AMC 3,MF,MF,1362C,INF209KB1MP3,Yes
525,Aditya Birla Sun Life Fixed Term Plan - Series PL (91 days) -Regular Growth,AMC 3,MF,MF,1363B,INF209KB1MZ2,Yes
526,Aditya Birla Sun Life Fixed Term Plan - Series PL (91 days) -Regular IDCW,AMC 3,MF,MF,1363A,INF209KB1NA3,Yes
527,Aditya Birla Sun Life Fixed Term Plan - Series PM (1141 days) -Regular Growth,AMC 3,MF,MF,1364B,INF209KB1ND7,No
528,Aditya Birla Sun Life Fixed Term Plan - Series PM (1141 days) -Regular IDCW,AMC 3,MF,MF,1364A,INF209KB1NE5,No
529,Aditya Birla Sun Life Fixed Term Plan - Series PM (1141 days) -Regular Qlrty IDCW,AMC 3,MF,MF,1364C,INF209KB1NF2,Yes
530,Aditya Birla Sun Life Fixed Term Plan - Series PN (1135 days) -Regular Growth,AMC 3,MF,MF,1365B,INF209KB1NJ4,Yes
531,Aditya Birla Sun Life Fixed Term Plan - Series PN (1135 days) -Regular IDCW,AMC 3,MF,MF,1365A,INF209KB1NK2,Yes
532,Aditya Birla Sun Life Fixed Term Plan - Series PN (1135 days) -Regular Qlrty IDCW,AMC 3,MF,MF,1365C,INF209KB1NL0,Yes
533,Aditya Birla Sun Life Fixed Term Plan - Series PO (1140 days) -Regular Growth,AMC 3,MF,MF,1366B,INF209KB1NT3,Yes
534,Aditya Birla Sun Life Fixed Term Plan - Series PO (1140 days) -Regular IDCW,AMC 3,MF,MF,1366A,INF209KB1NU1,Yes
535,Aditya Birla Sun Life Fixed Term Plan - Series PO (1140 days) -Regular Qlrty IDCW,AMC 3,MF,MF,1366C,INF209KB1NV9,Yes
536,Aditya Birla Sun Life Fixed Term Plan - Series PP (369 days) -Regular Growth,AMC 3,MF,MF,1368B,INF209KB1NZ0,Yes
537,Aditya Birla Sun Life Fixed Term Plan - Series PP (369 days) -Regular IDCW,AMC 3,MF,MF,1368A,INF209KB1OA1,Yes
538,Aditya Birla Sun Life Fixed Term Plan - Series PP (369 days) -Regular Qlrty IDCW,AMC 3,MF,MF,1368C,INF209KB1OB9,Yes
539,Aditya Birla Sun Life Fixed Term Plan - Series PQ (91 days) -Regular Growth,AMC 3,MF,MF,1369B,INF209KB1OF0,Yes
540,Aditya Birla Sun Life Fixed Term Plan - Series PQ (91 days) -Regular IDCW,AMC 3,MF,MF,1369A,INF209KB1OG8,Yes
541,Aditya Birla Sun Life Fixed Term Plan - Series PR (1134 days) -Regular Growth,AMC 3,MF,MF,1370B,INF209KB1OK0,Yes
542,Aditya Birla Sun Life Fixed Term Plan - Series PR (1134 days) -Regular IDCW,AMC 3,MF,MF,1370A,INF209KB1OL8,Yes
543,Aditya Birla Sun Life Fixed Term Plan - Series PR (1134 days) -Regular Qlrty IDCW,AMC 3,MF,MF,1370C,INF209KB1OM6,Yes
544,Aditya Birla Sun Life Fixed Term Plan - Series PS (1099 days) -Regular Growth,AMC 3,MF,MF,1371B,INF209KB1OQ7,No
545,Aditya Birla Sun Life Fixed Term Plan - Series PS (1099 days) -Regular IDCW,AMC 3,MF,MF,1371A,INF209KB1OR5,No
546,Aditya Birla Sun Life Fixed Term Plan - Series PS (1099 days) -Regular Qlrty IDCW,AMC 3,MF,MF,1371C,INF209KB1OS3,Yes
547,Aditya Birla Sun Life Fixed Term Plan - Series PT (1100 days) -Regular Growth,AMC 3,MF,MF,1372B,INF209KB1OW5,Yes
548,Aditya Birla Sun Life Fixed Term Plan - Series PT (1100 days) -Regular IDCW,AMC 3,MF,MF,1372A,INF209KB1OX3,Yes
549,Aditya Birla Sun Life Fixed Term Plan - Series PT (1100 days) -Regular Qlrty IDCW,AMC 3,MF,MF,1372C,INF209KB1OY1,Yes
550,ADITYA BIRLA SUN LIFE FIXED TERM PLAN - SERIES PU (1463 DAYS) - GROWTH,AMC 3,MF,MF,1373B,INF209KB1PC4,Yes
551,ADITYA BIRLA SUN LIFE FIXED TERM PLAN - SERIES PU (1463 DAYS) - NORMAL DIVIDEND PAYOUT,AMC 3,MF,MF,1373A,INF209KB1PD2,Yes
552,ADITYA BIRLA SUN LIFE FIXED TERM PLAN - SERIES PU (1463 DAYS) - QUARTERLY DIVIDEND PAYOUT,AMC 3,MF,MF,1373C,INF209KB1PE0,Yes
553,ADITYA BIRLA SUN LIFE FIXED TERM PLAN - SERIES PV (1462 DAYS) - GROWTH,AMC 3,MF,MF,1374B,INF209KB1PI1,Yes
554,ADITYA BIRLA SUN LIFE FIXED TERM PLAN - SERIES PV (1462 DAYS) - NORMAL DIVIDEND PAYOUT,AMC 3,MF,MF,1374A,INF209KB1PJ9,Yes
555,ADITYA BIRLA SUN LIFE FIXED TERM PLAN - SERIES PV (1462 DAYS) - QUARTERLY DIVIDEND PAYOUT,AMC 3,MF,MF,1374C,INF209KB1PK7,Yes
556,Aditya Birla Sun Life Fixed Term Plan - Series PW (1100 days) -Regular Growth,AMC 3,MF,MF,1375B,INF209KB1PO9,Yes
557,Aditya Birla Sun Life Fixed Term Plan - Series PW (1100 days) -Regular IDCW,AMC 3,MF,MF,1375A,INF209KB1PP6,Yes
558,Aditya Birla Sun Life Fixed Term Plan - Series PW (1100 days) -Regular Qlrty IDCW,AMC 3,MF,MF,1375C,INF209KB1PQ4,Yes
559,Aditya Birla Sun Life Fixed Term Plan - Series PX (1100 days) -Regular Growth,AMC 3,MF,MF,1376B,INF209KB1PU6,Yes
560,Aditya Birla Sun Life Fixed Term Plan - Series PX (1100 days) -Regular IDCW,AMC 3,MF,MF,1376A,INF209KB1PV4,Yes
561,Aditya Birla Sun Life Fixed Term Plan - Series PX (1100 days) -Regular Qlrty IDCW,AMC 3,MF,MF,1376C,INF209KB1PW2,Yes
562,Aditya Birla Sun Life Fixed Term Plan - Series PY (1409 days) -Regular Growth,AMC 3,MF,MF,1377B,INF209KB1QA6,Yes
563,Aditya Birla Sun Life Fixed Term Plan - Series PY (1409 days) -Regular IDCW,AMC 3,MF,MF,1377A,INF209KB1QB4,Yes
564,Aditya Birla Sun Life Fixed Term Plan - Series PY (1409 days) -Regular Qlrty IDCW,AMC 3,MF,MF,1377C,INF209KB1QC2,Yes
565,Aditya Birla Sun Life Fixed Term Plan - Series PZ (1120 days) -Regular Growth,AMC 3,MF,MF,1378B,INF209KB1QG3,Yes
566,Aditya Birla Sun Life Fixed Term Plan - Series PZ (1120 days) -Regular IDCW,AMC 3,MF,MF,1378A,INF209KB1QH1,Yes
567,Aditya Birla Sun Life Fixed Term Plan - Series PZ (1120 days) -Regular Qlrty IDCW,AMC 3,MF,MF,1378C,INF209KB1QI9,Yes
568,Aditya Birla Sun Life Fixed Term Plan - Series QA (181 days) -Regular Growth,AMC 3,MF,MF,1379B,INF209KB1QM1,Yes
569,Aditya Birla Sun Life Fixed Term Plan - Series QA (181 days) -Regular IDCW,AMC 3,MF,MF,1379A,INF209KB1QN9,Yes
570,Aditya Birla Sun Life Fixed Term Plan - Series QB (1113 days) -Regular Growth,AMC 3,MF,MF,1380B,INF209KB1QQ2,Yes
571,Aditya Birla Sun Life Fixed Term Plan - Series QB (1113 days) -Regular IDCW,AMC 3,MF,MF,1380A,INF209KB1QR0,Yes
572,Aditya Birla Sun Life Fixed Term Plan - Series QB (1113 days) -Regular Qlrty IDCW,AMC 3,MF,MF,1380C,INF209KB1QS8,Yes
573,Aditya Birla Sun Life Fixed Term Plan - Series QC (1116 days) -Regular Growth,AMC 3,MF,MF,1381B,INF209KB1QW0,Yes
574,Aditya Birla Sun Life Fixed Term Plan - Series QC (1116 days) -Regular IDCW,AMC 3,MF,MF,1381A,INF209KB1QX8,Yes
575,Aditya Birla Sun Life Fixed Term Plan - Series QC (1116 days) -Regular Qlrty IDCW,AMC 3,MF,MF,1381C,INF209KB1QY6,Yes
576,Aditya Birla Sun Life Fixed Term Plan - Series QD (91 days) -Regular Growth,AMC 3,MF,MF,1382B,INF209KB1RC0,Yes
577,Aditya Birla Sun Life Fixed Term Plan - Series QD (91 days) -Regular IDCW,AMC 3,MF,MF,1382A,INF209KB1RD8,Yes
578,Aditya Birla Sun Life Fixed Term Plan - Series QE (1101 days) -Regular Growth,AMC 3,MF,MF,1383B,INF209KB1RG1,Yes
579,Aditya Birla Sun Life Fixed Term Plan - Series QE (1101 days) -Regular IDCW,AMC 3,MF,MF,1383A,INF209KB1RH9,Yes
580,Aditya Birla Sun Life Fixed Term Plan - Series QE (1101 days) -Regular Qlrty IDCW,AMC 3,MF,MF,1383C,INF209KB1RI7,Yes
581,Aditya Birla Sun Life Fixed Term Plan - Series QF (1385 days) -Regular Growth,AMC 3,MF,MF,1384B,INF209KB1RM9,Yes
582,Aditya Birla Sun Life Fixed Term Plan - Series QF (1385 days) -Regular IDCW,AMC 3,MF,MF,1384A,INF209KB1RN7,Yes
583,Aditya Birla Sun Life Fixed Term Plan - Series QF (1385 days) -Regular Qlrty IDCW,AMC 3,MF,MF,1384C,INF209KB1RO5,Yes
584,Aditya Birla Sun Life Fixed Term Plan - Series QG (1100 days) -Regular Growth,AMC 3,MF,MF,1385B,INF209KB1RS6,Yes
585,Aditya Birla Sun Life Fixed Term Plan - Series QG (1100 days) -Regular IDCW,AMC 3,MF,MF,1385A,INF209KB1RT4,Yes
586,Aditya Birla Sun Life Fixed Term Plan - Series QG (1100 days) -Regular Qlrty IDCW,AMC 3,MF,MF,1385C,INF209KB1RU2,Yes
587,Aditya Birla Sun Life Fixed Term Plan - Series QH (1101 days) -Regular Growth,AMC 3,MF,MF,1386B,INF209KB1SD6,Yes
588,Aditya Birla Sun Life Fixed Term Plan - Series QH (1101 days) -Regular IDCW,AMC 3,MF,MF,1386A,INF209KB1RY4,Yes
589,Aditya Birla Sun Life Fixed Term Plan - Series QH (1101 days) -Regular Qlrty IDCW,AMC 3,MF,MF,1386C,INF209KB1RZ1,Yes
590,Aditya Birla Sun Life Fixed Term Plan - Series QI (1100 days) -Regular Growth,AMC 3,MF,MF,1387B,INF209KB1SE4,Yes
591,Aditya Birla Sun Life Fixed Term Plan - Series QI (1100 days) -Regular IDCW,AMC 3,MF,MF,1387A,INF209KB1SF1,Yes
592,Aditya Birla Sun Life Fixed Term Plan - Series QI (1100 days) -Regular Qlrty IDCW,AMC 3,MF,MF,1387C,INF209KB1SG9,Yes
593,Aditya Birla Sun Life Fixed Term Plan - Series QJ (1098 days) -Regular Growth,AMC 3,MF,MF,1388B,INF209KB1SK1,Yes
594,Aditya Birla Sun Life Fixed Term Plan - Series QJ (1098 days) -Regular IDCW,AMC 3,MF,MF,1388A,INF209KB1SL9,Yes
595,Aditya Birla Sun Life Fixed Term Plan - Series QJ (1098 days) -Regular Qlrty IDCW,AMC 3,MF,MF,1388C,INF209KB1SM7,Yes
596,Aditya Birla Sun Life Fixed Term Plan - Series QK (1099 days) -Regular Growth,AMC 3,MF,MF,1389B,INF209KB1SW6,Yes
597,Aditya Birla Sun Life Fixed Term Plan - Series QK (1099 days) -Regular IDCW,AMC 3,MF,MF,1389A,INF209KB1SX4,Yes
598,Aditya Birla Sun Life Fixed Term Plan - Series QK (1099 days) -Regular Qlrty IDCW,AMC 3,MF,MF,1389C,INF209KB1SY2,No
599,Aditya Birla Sun Life Fixed Term Plan - Series QL (1099 days) -Regular Growth,AMC 3,MF,MF,1390B,INF209KB1SQ8,Yes
600,Aditya Birla Sun Life Fixed Term Plan - Series QL (1099 days) -Regular IDCW,AMC 3,MF,MF,1390A,INF209KB1SR6,Yes
601,Aditya Birla Sun Life Fixed Term Plan - Series QL (1099 days) -Regular Qlrty IDCW,AMC 3,MF,MF,1390C,INF209KB1SS4,Yes
602,Aditya Birla Sun Life Fixed Term Plan - Series QM (1100 days) -Regular Growth,AMC 3,MF,MF,1391B,INF209KB1TC6,Yes
603,Aditya Birla Sun Life Fixed Term Plan - Series QM (1100 days) -Regular IDCW,AMC 3,MF,MF,1391A,INF209KB1TD4,Yes
604,Aditya Birla Sun Life Fixed Term Plan - Series QM (1100 days) -Regular Qrtly IDCW,AMC 3,MF,MF,1391C,INF209KB1TE2,Yes
605,Aditya Birla Sun Life Fixed Term Plan - Series QN (1100 days) -Regular Growth,AMC 3,MF,MF,1392B,INF209KB1TI3,Yes
606,Aditya Birla Sun Life Fixed Term Plan - Series QN (1100 days) -Regular IDCW,AMC 3,MF,MF,1392A,INF209KB1TJ1,Yes
607,Aditya Birla Sun Life Fixed Term Plan - Series QN (1100 days) -Regular Quarterly IDCW,AMC 3,MF,MF,1392C,INF209KB1TK9,Yes
608,Aditya Birla Sun Life Fixed Term Plan - Series QO (1100 days) -Regular Growth,AMC 3,MF,MF,1393B,INF209KB1TO1,Yes
609,Aditya Birla Sun Life Fixed Term Plan - Series QO (1100 days) -Regular IDCW,AMC 3,MF,MF,1393A,INF209KB1TP8,Yes
610,Aditya Birla Sun Life Fixed Term Plan - Series QO (1100 days) -Regular Quarterly IDCW,AMC 3,MF,MF,1393C,INF209KB1TQ6,Yes
611,Aditya Birla Sun Life Fixed Term Plan - Series QP (1100 days) -Regular Growth,AMC 3,MF,MF,1394B,INF209KB1TU8,Yes
612,Aditya Birla Sun Life Fixed Term Plan - Series QP (1100 days) -Regular IDCW,AMC 3,MF,MF,1394A,INF209KB1TV6,Yes
613,Aditya Birla Sun Life Fixed Term Plan - Series QP (1100 days) -Regular Quarterly IDCW,AMC 3,MF,MF,1394C,INF209KB1TW4,Yes
614,Aditya Birla Sun Life Fixed Term Plan - Series QQ (1100 days) -Regular Growth,AMC 3,MF,MF,1395B,INF209KB1VE8,Yes
615,Aditya Birla Sun Life Fixed Term Plan - Series QQ (1100 days) -Regular IDCW,AMC 3,MF,MF,1395A,INF209KB1VF5,Yes
616,Aditya Birla Sun Life Fixed Term Plan - Series QQ (1100 days) -Regular Quarterly IDCW,AMC 3,MF,MF,1395C,INF209KB1VG3,Yes
617,Aditya Birla Sun Life Fixed Term Plan - Series QR (1126 days) -Regular Growth,AMC 3,MF,MF,1396B,INF209KB1XG9,Yes
618,Aditya Birla Sun Life Fixed Term Plan - Series QR (1126 days) -Regular IDCW,AMC 3,MF,MF,1396A,INF209KB1XH7,Yes
619,Aditya Birla Sun Life Fixed Term Plan - Series QR (1126 days) -Regular Quarterly IDCW,AMC 3,MF,MF,1396C,INF209KB1XI5,Yes
620,Aditya Birla Sun Life Fixed Term Plan - Series QS (1100 days) -Regular Growth,AMC 3,MF,MF,1397B,INF209KB1UA8,Yes
621,Aditya Birla Sun Life Fixed Term Plan - Series QS (1100 days) -Regular IDCW,AMC 3,MF,MF,1397A,INF209KB1UB6,Yes
622,Aditya Birla Sun Life Fixed Term Plan - Series QS (1100 days) -Regular Quarterly IDCW,AMC 3,MF,MF,1397C,INF209KB1UC4,Yes
623,Aditya Birla Sun Life Fixed Term Plan - Series QT (1100 days) -Regular Growth,AMC 3,MF,MF,1398B,INF209KB1UG5,Yes
624,Aditya Birla Sun Life Fixed Term Plan - Series QT (1100 days) -Regular IDCW,AMC 3,MF,MF,1398A,INF209KB1UH3,Yes
625,Aditya Birla Sun Life Fixed Term Plan - Series QT (1100 days) -Regular Quarterly IDCW,AMC 3,MF,MF,1398C,INF209KB1UI1,Yes
626,Aditya Birla Sun Life Fixed Term Plan - Series QU (1100 days) -Regular Growth,AMC 3,MF,MF,1399B,INF209KB1UM3,Yes
627,Aditya Birla Sun Life Fixed Term Plan - Series QU (1100 days) -Regular IDCW,AMC 3,MF,MF,1399A,INF209KB1UN1,Yes
628,Aditya Birla Sun Life Fixed Term Plan - Series QU (1100 days) -Regular Quarterly IDCW,AMC 3,MF,MF,1399C,INF209KB1UO9,Yes
629,Aditya Birla Sun Life Fixed Term Plan - Series QV (1100 days) -Regular Growth,AMC 3,MF,MF,1400B,INF209KB1US0,Yes
630,Aditya Birla Sun Life Fixed Term Plan - Series QV (1100 days) -Regular IDCW,AMC 3,MF,MF,1400A,INF209KB1UT8,Yes
631,Aditya Birla Sun Life Fixed Term Plan - Series QV (1100 days) -Regular Quarterly IDCW,AMC 3,MF,MF,1400C,INF209KB1UU6,Yes
632,Aditya Birla Sun Life Fixed Term Plan - Series QW (1099 days) -Regular Growth,AMC 3,MF,MF,1401B,INF209KB1UY8,Yes
633,Aditya Birla Sun Life Fixed Term Plan - Series QW (1099 days) -Regular IDCW,AMC 3,MF,MF,1401A,INF209KB1UZ5,Yes
634,Aditya Birla Sun Life Fixed Term Plan - Series QW (1099 days) -Regular Quarterly IDCW,AMC 3,MF,MF,1401C,INF209KB1VA6,Yes
635,Aditya Birla Sun Life Fixed Term Plan - Series QX (1103 days) -Regular Growth,AMC 3,MF,MF,1402B,INF209KB1VK5,Yes
636,Aditya Birla Sun Life Fixed Term Plan - Series QX (1103 days) -Regular IDCW,AMC 3,MF,MF,1402A,INF209KB1VL3,Yes
637,Aditya Birla Sun Life Fixed Term Plan - Series QX (1103 days) -Regular Quarterly IDCW,AMC 3,MF,MF,1402C,INF209KB1VM1,Yes
638,Aditya Birla Sun Life Fixed Term Plan - Series QY (1100 days) -Regular Growth,AMC 3,MF,MF,1403B,INF209KB1VR0,Yes
639,Aditya Birla Sun Life Fixed Term Plan - Series QY (1100 days) -Regular IDCW,AMC 3,MF,MF,1403A,INF209KB1VQ2,Yes
640,Aditya Birla Sun Life Fixed Term Plan - Series QY (1100 days) -Regular Quarterly IDCW,AMC 3,MF,MF,1403C,INF209KB1VS8,Yes
641,Aditya Birla Sun Life Fixed Term Plan - Series QZ (1100 days) -Regular Growth,AMC 3,MF,MF,1404B,INF209KB1VW0,Yes
642,Aditya Birla Sun Life Fixed Term Plan - Series QZ (1100 days) -Regular IDCW,AMC 3,MF,MF,1404A,INF209KB1VX8,Yes
643,Aditya Birla Sun Life Fixed Term Plan - Series QZ (1100 days) -Regular Quarterly IDCW,AMC 3,MF,MF,1404C,INF209KB1VY6,Yes
644,Aditya Birla Sun Life Fixed Term Plan - Series RA (1100 days) -Regular Growth,AMC 3,MF,MF,1405B,INF209KB1WC0,Yes
645,Aditya Birla Sun Life Fixed Term Plan - Series RA (1100 days) -Regular IDCW,AMC 3,MF,MF,1405A,INF209KB1WD8,Yes
646,Aditya Birla Sun Life Fixed Term Plan - Series RA (1100 days) -Regular Quarterly IDCW,AMC 3,MF,MF,1405C,INF209KB1WE6,Yes
647,Aditya Birla Sun Life Fixed Term Plan - Series RB (94 days) -Regular Growth,AMC 3,MF,MF,1406B,INF209KB1WI7,Yes
648,Aditya Birla Sun Life Fixed Term Plan - Series RB (94 days) -Regular IDCW,AMC 3,MF,MF,1406A,INF209KB1WJ5,Yes
649,Aditya Birla Sun Life Fixed Term Plan - Series RC (1295 days) -Regular Growth,AMC 3,MF,MF,1407B,INF209KB1WO5,Yes
650,Aditya Birla Sun Life Fixed Term Plan - Series RC (1295 days) -Regular IDCW,AMC 3,MF,MF,1407A,INF209KB1WP2,Yes
651,Aditya Birla Sun Life Fixed Term Plan - Series RC (1295 days) -Regular Quarterly IDCW,AMC 3,MF,MF,1407C,INF209KB1WQ0,Yes
652,Aditya Birla Sun Life Fixed Term Plan - Series RD (1293 days) -Regular Growth,AMC 3,MF,MF,1408B,INF209KB1WU2,Yes
653,Aditya Birla Sun Life Fixed Term Plan - Series RD (1293 days) -Regular IDCW,AMC 3,MF,MF,1408A,INF209KB1WV0,Yes
654,Aditya Birla Sun Life Fixed Term Plan - Series RD (1293 days) -Regular Quarterly IDCW,AMC 3,MF,MF,1408C,INF209KB1WW8,Yes
655,Aditya Birla Sun Life Fixed Term Plan - Series RE (1100 days) -Regular Growth,AMC 3,MF,MF,1409B,INF209KB1XA2,Yes
656,Aditya Birla Sun Life Fixed Term Plan - Series RE (1100 days) -Regular IDCW,AMC 3,MF,MF,1409A,INF209KB1XB0,Yes
657,Aditya Birla Sun Life Fixed Term Plan - Series RE (1100 days) -Regular Quarterly IDCW,AMC 3,MF,MF,1409C,INF209KB1XC8,Yes
658,Aditya Birla Sun Life Fixed Term Plan - Series RF (1290 days) -Regular Growth,AMC 3,MF,MF,1410B,INF209KB1XM7,Yes
659,Aditya Birla Sun Life Fixed Term Plan - Series RF (1290 days) -Regular IDCW,AMC 3,MF,MF,1410A,INF209KB1XN5,Yes
660,Aditya Birla Sun Life Fixed Term Plan - Series RF (1290 days) -Regular Quarterly IDCW,AMC 3,MF,MF,1410C,INF209KB1XO3,Yes
661,Aditya Birla Sun Life Fixed Term Plan - Series RG (1283 days) -Regular Growth,AMC 3,MF,MF,1411B,INF209KB1XS4,Yes
662,Aditya Birla Sun Life Fixed Term Plan - Series RG (1283 days) -Regular IDCW,AMC 3,MF,MF,1411A,INF209KB1XT2,Yes
663,Aditya Birla Sun Life Fixed Term Plan - Series RG (1283 days) -Regular Quarterly IDCW,AMC 3,MF,MF,1411C,INF209KB1XU0,Yes
664,ADITYA BIRLA SUN LIFE FIXED TERM PLAN - SERIES RH (1281 DAYS) - GROWTH,AMC 3,MF,MF,1412B,INF209KB1XY2,Yes
665,ADITYA BIRLA SUN LIFE FIXED TERM PLAN - SERIES RH (1281 DAYS) - NORMAL DIVIDEND PAYOUT,AMC 3,MF,MF,1412A,INF209KB1XZ9,Yes
666,ADITYA BIRLA SUN LIFE FIXED TERM PLAN - SERIES RH (1281 DAYS) - QUARTERLY DIVIDEND PAYOUT,AMC 3,MF,MF,1412C,INF209KB1YA0,Yes
667,Aditya Birla Sun Life Fixed Term Plan - Series RI (1100 days) -Regular Growth,AMC 3,MF,MF,1413B,INF209KB1YI3,Yes
668,Aditya Birla Sun Life Fixed Term Plan - Series RI (1100 days) -Regular IDCW,AMC 3,MF,MF,1413A,INF209KB1YJ1,Yes
669,Aditya Birla Sun Life Fixed Term Plan - Series RJ (117 days) -Regular Growth,AMC 3,MF,MF,1414B,INF209KB1YE2,Yes
670,Aditya Birla Sun Life Fixed Term Plan - Series RJ (117 days) -Regular IDCW,AMC 3,MF,MF,1414A,INF209KB1YF9,Yes
671,Aditya Birla Sun Life Fixed Term Plan - Series RK (1255 days) -Regular Growth,AMC 3,MF,MF,1415B,INF209KB1YM5,Yes
672,Aditya Birla Sun Life Fixed Term Plan - Series RK (1255 days) -Regular IDCW,AMC 3,MF,MF,1415A,INF209KB1YN3,Yes
673,Aditya Birla Sun Life Fixed Term Plan - Series RL (1254 days) -Regular Growth,AMC 3,MF,MF,1416B,INF209KB1YQ6,Yes
674,Aditya Birla Sun Life Fixed Term Plan - Series RL (1254 days) -Regular IDCW,AMC 3,MF,MF,1416A,INF209KB1YR4,Yes
675,Aditya Birla Sun Life Fixed Term Plan - Series RM (91 days) -Regular Growth,AMC 3,MF,MF,1417B,INF209KB1YU8,Yes
676,Aditya Birla Sun Life Fixed Term Plan - Series RM (91 days) -Regular IDCW,AMC 3,MF,MF,1417A,INF209KB1YV6,Yes
677,Aditya Birla Sun Life Fixed Term Plan - Series RN (1240 days) -Regular Growth,AMC 3,MF,MF,1418B,INF209KB1YY0,Yes
678,Aditya Birla Sun Life Fixed Term Plan - Series RN (1240 days) -Regular IDCW,AMC 3,MF,MF,1418A,INF209KB1YZ7,Yes
679,Aditya Birla Sun Life Fixed Term Plan - Series RO (1241 days) -Regular Growth,AMC 3,MF,MF,1420B,INF209KB1ZU5,Yes
680,Aditya Birla Sun Life Fixed Term Plan - Series RO (1241 days) -Regular IDCW,AMC 3,MF,MF,1420A,INF209KB1ZV3,Yes
681,ADITYA BIRLA SUN LIFE FIXED TERM PLAN - SERIES RP (1239 DAYS) -REGULAR DIVIDEND PAYOUT,AMC 3,MF,MF,1421A,INF209KB1ZR1,Yes
682,ADITYA BIRLA SUN LIFE FIXED TERM PLAN - SERIES RP (1239 DAYS) -REGULAR GROWTH,AMC 3,MF,MF,1421B,INF209KB1ZQ3,Yes
683,Aditya Birla Sun Life Fixed Term Plan - Series RQ (1103 days) -Regular Growth,AMC 3,MF,MF,1419B,INF209KB1ZM2,Yes
684,Aditya Birla Sun Life Fixed Term Plan - Series RQ (1103 days) -Regular IDCW,AMC 3,MF,MF,1419A,INF209KB1ZN0,Yes
685,ADITYA BIRLA SUN LIFE FIXED TERM PLAN - SERIES RR (1240 DAYS) - GROWTH,AMC 3,MF,MF,1422B,INF209KB1ZY7,Yes
686,ADITYA BIRLA SUN LIFE FIXED TERM PLAN - SERIES RR (1240 DAYS) - NORMAL DIVIDEND PAYOUT,AMC 3,MF,MF,1422A,INF209KB1ZZ4,Yes
687,Aditya Birla Sun Life Fixed Term Plan - Series RS (1232 days) -Regular Growth,AMC 3,MF,MF,1423B,INF209KB1A21,Yes
688,Aditya Birla Sun Life Fixed Term Plan - Series RS (1232 days) -Regular IDCW,AMC 3,MF,MF,1423A,INF209KB1A39,Yes
689,Aditya Birla Sun Life Fixed Term Plan - Series RT (1223 days) -Regular Growth,AMC 3,MF,MF,1424B,INF209KB1A62,Yes
690,Aditya Birla Sun Life Fixed Term Plan - Series RT (1223 days) -Regular IDCW,AMC 3,MF,MF,1424A,INF209KB1A70,Yes
691,ADITYA BIRLA SUN LIFE FIXED TERM PLAN - SERIES RU (1225 DAYS) - GROWTH,AMC 3,MF,MF,1425B,INF209KB1B04,Yes
692,ADITYA BIRLA SUN LIFE FIXED TERM PLAN - SERIES RU (1225 DAYS) - NORMAL DIVIDEND PAYOUT,AMC 3,MF,MF,1425A,INF209KB1B12,Yes
693,ADITYA BIRLA SUN LIFE FIXED TERM PLAN - SERIES RV (1224 DAYS) - GROWTH,AMC 3,MF,MF,1426B,INF209KB1B46,Yes
694,ADITYA BIRLA SUN LIFE FIXED TERM PLAN - SERIES RV (1224 DAYS) - NORMAL DIVIDEND PAYOUT,AMC 3,MF,MF,1426A,INF209KB1B53,Yes
695,Aditya Birla Sun Life Fixed Term Plan - Series RW (1202 days) -Regular Growth,AMC 3,MF,MF,1427B,INF209KB1B95,Yes
696,Aditya Birla Sun Life Fixed Term Plan - Series RW (1202 days) -Regular IDCW,AMC 3,MF,MF,1427A,INF209KB1C03,Yes
697,ADITYA BIRLA SUN LIFE FIXED TERM PLAN - SERIES RX (1200 DAYS) - GROWTH,AMC 3,MF,MF,1428B,INF209KB1C37,Yes
698,ADITYA BIRLA SUN LIFE FIXED TERM PLAN - SERIES RX (1200 DAYS) - NORMAL DIVIDEND PAYOUT,AMC 3,MF,MF,1428A,INF209KB1C45,Yes
699,ADITYA BIRLA SUN LIFE FIXED TERM PLAN - SERIES RY (1199 DAYS) - GROWTH,AMC 3,MF,MF,1429B,INF209KB1C78,Yes
700,ADITYA BIRLA SUN LIFE FIXED TERM PLAN - SERIES RY (1199 DAYS) - NORMAL DIVIDEND PAYOUT,AMC 3,MF,MF,1429A,INF209KB1C86,Yes
701,Aditya Birla Sun Life Fixed Term Plan - Series RZ (1187 days) -Regular Growth,AMC 3,MF,MF,1430B,INF209KB1D10,Yes
702,Aditya Birla Sun Life Fixed Term Plan - Series RZ (1187 days) -Regular IDCW,AMC 3,MF,MF,1430A,INF209KB1D28,Yes
703,Aditya Birla Sun Life Fixed Term Plan - Series SA (1180 days) -Regular Growth,AMC 3,MF,MF,1431B,INF209KB1D51,Yes
704,Aditya Birla Sun Life Fixed Term Plan - Series SA (1180 days) -Regular IDCW,AMC 3,MF,MF,1431A,INF209KB1D69,Yes
705,Aditya Birla Sun Life Fixed Term Plan - Series SB (1174 days) -Regular Growth,AMC 3,MF,MF,1433B,INF209KB1E35,Yes
706,Aditya Birla Sun Life Fixed Term Plan - Series SB (1174 days) -Regular IDCW,AMC 3,MF,MF,1433A,INF209KB1E43,Yes
707,Aditya Birla Sun Life Fixed Term Plan - Series SC (1170 days) -Regular Growth,AMC 3,MF,MF,1434B,INF209KB1H16,Yes
708,Aditya Birla Sun Life Fixed Term Plan - Series SC (1170 days) -Regular IDCW,AMC 3,MF,MF,1434A,INF209KB1H24,Yes
709,ADITYA BIRLA SUN LIFE FIXED TERM PLAN - SERIES SD (1168 DAYS) - REGULAR DIVIDEND PAYOUT,AMC 3,MF,MF,1435A,INF209KB1G09,Yes
710,Aditya Birla Sun Life Fixed Term Plan - Series SD (1168 days) -Regular Growth,AMC 3,MF,MF,1435B,INF209KB1F91,Yes
711,Aditya Birla Sun Life Fixed Term Plan - Series SE (1163 days) -Regular Growth,AMC 3,MF,MF,1436B,INF209KB1G33,Yes
712,Aditya Birla Sun Life Fixed Term Plan - Series SE (1163 days) -Regular IDCW,AMC 3,MF,MF,1436A,INF209KB1G41,Yes
713,ADITYA BIRLA SUN LIFE FIXED TERM PLAN - SERIES SF (1161 DAYS) -REGULAR DIVIDEND PAYOUT,AMC 3,MF,MF,1437A,INF209KB1G82,Yes
714,ADITYA BIRLA SUN LIFE FIXED TERM PLAN - SERIES SF (1161 DAYS) -REGULAR GROWTH,AMC 3,MF,MF,1437B,INF209KB1G74,Yes
715,ADITYA BIRLA SUN LIFE FIXED TERM PLAN - SERIES SG (1155 DAYS) -REGULAR DIVIDEND PAYOUT,AMC 3,MF,MF,1438A,INF209KB1H65,Yes
716,ADITYA BIRLA SUN LIFE FIXED TERM PLAN - SERIES SG (1155 DAYS) -REGULAR GROWTH,AMC 3,MF,MF,1438B,INF209KB1H57,Yes
717,Aditya Birla Sun Life Fixed Term Plan - Series SH (1146 days) -Regular Growth,AMC 3,MF,MF,1439B,INF209KB1K37,Yes
718,Aditya Birla Sun Life Fixed Term Plan - Series SH (1146 days) -Regular IDCW,AMC 3,MF,MF,1439A,INF209KB1K45,Yes
719,ADITYA BIRLA SUN LIFE FIXED TERM PLAN - SERIES SI (1141 DAYS) - GROWTH,AMC 3,MF,MF,1440B,INF209KB1K78,Yes
720,ADITYA BIRLA SUN LIFE FIXED TERM PLAN - SERIES SI (1141 DAYS) - NORMAL DIVIDEND PAYOUT,AMC 3,MF,MF,1440A,INF209KB1K86,Yes
721,ADITYA BIRLA SUN LIFE FIXED TERM PLAN - SERIES SJ (1135 DAYS) - GROWTH,AMC 3,MF,MF,1441B,INF209KB1L10,Yes
722,ADITYA BIRLA SUN LIFE FIXED TERM PLAN - SERIES SJ (1135 DAYS) - NORMAL DIVIDEND PAYOUT,AMC 3,MF,MF,1441A,INF209KB1L28,Yes
723,ADITYA BIRLA SUN LIFE FIXED TERM PLAN - SERIES SK (1128 DAYS) - GROWTH,AMC 3,MF,MF,1442B,INF209KB1L51,Yes
724,ADITYA BIRLA SUN LIFE FIXED TERM PLAN - SERIES SK (1128 DAYS) - NORMAL DIVIDEND PAYOUT,AMC 3,MF,MF,1442A,INF209KB1L69,Yes
725,ADITYA BIRLA SUN LIFE FIXED TERM PLAN - SERIES SL (1120 DAYS) - GROWTH,AMC 3,MF,MF,1443B,INF209KB1L93,Yes
726,ADITYA BIRLA SUN LIFE FIXED TERM PLAN - SERIES SL (1120 DAYS) - NORMAL DIVIDEND PAYOUT,AMC 3,MF,MF,1443A,INF209KB1M01,Yes
727,Aditya Birla Sun Life Fixed Term Plan - Series SM (1135 days) -Regular Growth,AMC 3,MF,MF,1444B,INF209KB1M35,Yes
728,Aditya Birla Sun Life Fixed Term Plan - Series SM (1135 days) -Regular IDCW,AMC 3,MF,MF,1444A,INF209KB1M43,Yes
729,ADITYA BIRLA SUN LIFE FIXED TERM PLAN - SERIES SN (1099 DAYS) - GROWTH,AMC 3,MF,MF,1445B,INF209KB1M76,Yes
730,ADITYA BIRLA SUN LIFE FIXED TERM PLAN - SERIES SN (1099 DAYS) - NORMAL DIVIDEND PAYOUT,AMC 3,MF,MF,1445A,INF209KB1M84,Yes
731,ADITYA BIRLA SUN LIFE FIXED TERM PLAN - SERIES SO (1099 DAYS) - GROWTH,AMC 3,MF,MF,1446B,INF209KB1N18,Yes
732,ADITYA BIRLA SUN LIFE FIXED TERM PLAN - SERIES SO (1099 DAYS) - NORMAL DIVIDEND PAYOUT,AMC 3,MF,MF,1446A,INF209KB1N26,Yes
733,Aditya Birla Sun Life Fixed Term Plan - Series SP (1099 days) -Regular Growth,AMC 3,MF,MF,1447B,INF209KB1N59,Yes
734,Aditya Birla Sun Life Fixed Term Plan - Series SP (1099 days) -Regular IDCW,AMC 3,MF,MF,1447A,INF209KB1N67,Yes
735,Aditya Birla Sun Life Fixed Term Plan - Series SW (1183 days) -Regular Growth,AMC 3,MF,MF,1448B,INF209KB1S62,Yes
736,Aditya Birla Sun Life Fixed Term Plan - Series SW (1183 days) -Regular IDCW,AMC 3,MF,MF,1448A,INF209KB1S70,Yes
737,Aditya Birla Sun Life Fixed Term Plan - Series SX (1164 days) -Regular Growth,AMC 3,MF,MF,1449B,INF209KB1T04,Yes
738,Aditya Birla Sun Life Fixed Term Plan - Series SX (1164 days) -Regular IDCW,AMC 3,MF,MF,1449A,INF209KB1T12,Yes
739,Aditya Birla Sun Life Fixed Term Plan - Series SY (1259 days) -Regular Growth,AMC 3,MF,MF,1450B,INF209KB1U01,Yes
740,Aditya Birla Sun Life Fixed Term Plan - Series SY (1259 days) -Regular IDCW,AMC 3,MF,MF,1450A,INF209KB1U19,Yes
741,Aditya Birla Sun Life Fixed Term Plan - Series TB (1125 days) -Regular Growth,AMC 3,MF,MF,1451B,INF209KB1V00,Yes
742,Aditya Birla Sun Life Fixed Term Plan - Series TB (1125 days) -Regular IDCW,AMC 3,MF,MF,1451A,INF209KB1V18,Yes
743,Aditya Birla Sun Life Fixed Term Plan - Series TC (1119 days) -Regular Growth,AMC 3,MF,MF,1452B,INF209KB1V42,Yes
744,Aditya Birla Sun Life Fixed Term Plan - Series TC (1119 days) -Regular IDCW,AMC 3,MF,MF,1452A,INF209KB1V59,Yes
745,Aditya Birla Sun Life Fixed Term Plan - Series TD (1100 days) -Regular Growth,AMC 3,MF,MF,1453B,INF209KB1X08,Yes
746,Aditya Birla Sun Life Fixed Term Plan - Series TD (1100 days) -Regular IDCW,AMC 3,MF,MF,1453A,INF209KB1X16,Yes
747,Aditya Birla Sun Life Fixed Term Plan - Series TE (1095 days) -Regular Growth,AMC 3,MF,MF,1454B,INF209KB1X40,Yes
748,Aditya Birla Sun Life Fixed Term Plan - Series TE (1095 days) -Regular IDCW,AMC 3,MF,MF,1454A,INF209KB1X57,Yes
749,Aditya Birla Sun Life Fixed Term Plan - Series TF (1098 days) -Regular Growth,AMC 3,MF,MF,1455B,INF209KB1X81,Yes
750,Aditya Birla Sun Life Fixed Term Plan - Series TF (1098 days) -Regular IDCW,AMC 3,MF,MF,1455A,INF209KB1X99,Yes
751,Aditya Birla Sun Life Fixed Term Plan - Series TG (1099 days) -Regular Growth,AMC 3,MF,MF,1456B,INF209KB1Y64,Yes
752,Aditya Birla Sun Life Fixed Term Plan - Series TG (1099 days) -Regular IDCW,AMC 3,MF,MF,1456A,INF209KB1Y72,Yes
753,Aditya Birla Sun Life Fixed Term Plan - Series TH (1098 days) -Regular Growth,AMC 3,MF,MF,1457B,INF209KB1Z06,Yes
754,Aditya Birla Sun Life Fixed Term Plan - Series TH (1098 days) -Regular IDCW,AMC 3,MF,MF,1457A,INF209KB1Z14,Yes
755,Aditya Birla Sun Life Fixed Term Plan - Series TI (1837 days) -Regular Growth,AMC 3,MF,MF,1458B,INF209KB10A6,Yes
756,Aditya Birla Sun Life Fixed Term Plan - Series TI (1837 days) -Regular IDCW,AMC 3,MF,MF,1458A,INF209KB11A4,Yes
757,Aditya Birla Sun Life Fixed Term Plan - Series TJ (1838 days) -Regular Growth,AMC 3,MF,MF,1459B,INF209KB14A8,Yes
758,Aditya Birla Sun Life Fixed Term Plan - Series TJ (1838 days) -Regular IDCW,AMC 3,MF,MF,1459A,INF209KB15A5,Yes
759,Aditya Birla Sun Life Fixed Term Plan - Series TK (1833 days) -Regular Growth,AMC 3,MF,MF,1460B,INF209KB19A7,Yes
760,Aditya Birla Sun Life Fixed Term Plan - Series TK (1833 days) -Regular IDCW,AMC 3,MF,MF,1460A,INF209KB18A9,Yes
761,Aditya Birla Sun Life Fixed Term Plan - Series TL (1839 days) -Regular Growth,AMC 3,MF,MF,1461B,INF209KB12B0,Yes
762,Aditya Birla Sun Life Fixed Term Plan - Series TL (1839 days) -Regular IDCW,AMC 3,MF,MF,1461A,INF209KB13B8,Yes
763,Aditya Birla Sun Life Fixed Term Plan - Series TM (1842 days) -Regular Growth,AMC 3,MF,MF,1462B,INF209KB11C0,Yes
764,Aditya Birla Sun Life Fixed Term Plan - Series TM (1842 days) -Regular IDCW,AMC 3,MF,MF,1462A,INF209KB12C8,Yes
765,Aditya Birla Sun Life Fixed Term Plan - Series TN (96 days) -Regular Growth,AMC 3,MF,MF,1463B,INF209KB11E6,Yes
766,Aditya Birla Sun Life Fixed Term Plan - Series TN (96 days) -Regular IDCW,AMC 3,MF,MF,1463A,INF209KB12E4,Yes
767,Aditya Birla Sun Life Fixed Term Plan - Series TO (1214 days) -Regular Growth,AMC 3,MF,MF,1464B,INF209KB15E7,Yes
768,Aditya Birla Sun Life Fixed Term Plan - Series TO (1214 days) -Regular IDCW,AMC 3,MF,MF,1464A,INF209KB16E5,Yes
769,Aditya Birla Sun Life Fixed Term Plan - Series TP (1923 days) -Regular Growth,AMC 3,MF,MF,1465B,INF209KB14G5,Yes
770,Aditya Birla Sun Life Fixed Term Plan - Series TP (1923 days) -Regular IDCW,AMC 3,MF,MF,1465A,INF209KB15G2,Yes
771,Aditya Birla Sun Life Fixed Term Plan - Series TQ (1879 days) -Regular Growth,AMC 3,MF,MF,1466B,INF209KB12H7,Yes
772,Aditya Birla Sun Life Fixed Term Plan - Series TQ (1879 days) -Regular IDCW,AMC 3,MF,MF,1466A,INF209KB13H5,Yes
773,Aditya Birla Sun Life Fixed Term Plan - Series TS (91 days) -Regular Growth,AMC 3,MF,MF,1467B,INF209KB16I6,Yes
774,Aditya Birla Sun Life Fixed Term Plan - Series TS (91 days) -Regular IDCW,AMC 3,MF,MF,1467A,INF209KB17I4,Yes
775,Aditya Birla Sun Life Fixed Term Plan - Series TT (153 days) -Regular Growth,AMC 3,MF,MF,1469B,INF209KB10K5,Yes
776,Aditya Birla Sun Life Fixed Term Plan - Series TT (153 days) -Regular IDCW,AMC 3,MF,MF,1469A,INF209KB11K3,Yes
777,Aditya Birla Sun Life Fixed Term Plan - Series TU (1789 days) -Regular Growth,AMC 3,MF,MF,1468B,INF209KB10J7,Yes
778,Aditya Birla Sun Life Fixed Term Plan - Series TU (1789 days) -Regular IDCW,AMC 3,MF,MF,1468A,INF209KB11J5,Yes
779,Aditya Birla Sun Life Fixed Term Plan - Series TV (1169 days) -Regular Growth,AMC 3,MF,MF,1470B,INF209KB16K2,Yes
780,Aditya Birla Sun Life Fixed Term Plan - Series TV (1169 days) -Regular IDCW,AMC 3,MF,MF,1470A,INF209KB17K0,Yes
781,Aditya Birla Sun Life Fixed Term Plan - Series TW (167 days) -Regular Growth,AMC 3,MF,MF,1471B,INF209KB10L3,Yes
782,Aditya Birla Sun Life Fixed Term Plan - Series TW (167 days) -Regular IDCW,AMC 3,MF,MF,1471A,INF209KB11L1,Yes
783,Aditya Birla Sun Life Fixed Term Plan - Series TX (91 days) -Regular Growth,AMC 3,MF,MF,1472B,INF209KB14L5,Yes
784,Aditya Birla Sun Life Fixed Term Plan - Series TX (91 days) -Regular IDCW,AMC 3,MF,MF,1472A,INF209KB15L2,Yes
785,Aditya Birla Sun Life Fixed Term Plan - Series TY (76 days) -Regular Growth,AMC 3,MF,MF,1473B,INF209KB16N6,Yes
786,Aditya Birla Sun Life Fixed Term Plan - Series TY (76 days) -Regular IDCW,AMC 3,MF,MF,1473A,INF209KB17N4,Yes
787,Aditya Birla Sun Life Fixed Term Plan - Series TZ (90 days) -Regular Growth,AMC 3,MF,MF,1474B,INF209KB14O9,Yes
788,Aditya Birla Sun Life Fixed Term Plan - Series TZ (90 days) -Regular IDCW,AMC 3,MF,MF,1474A,INF209KB15O6,Yes
789,Aditya Birla Sun Life Fixed Term Plan - Series UA (1231 days) -Regular Growth,AMC 3,MF,MF,1475B,INF209KB12P0,Yes
790,Aditya Birla Sun Life Fixed Term Plan - Series UA (1231 days) -Regular IDCW,AMC 3,MF,MF,1475A,INF209KB13P8,Yes
791,Aditya Birla Sun Life Fixed Term Plan - Series UB (1224 days) -Regular Growth,AMC 3,MF,MF,1476B,INF209KB16P1,Yes
792,Aditya Birla Sun Life Fixed Term Plan - Series UB (1224 days) -Regular IDCW,AMC 3,MF,MF,1476A,INF209KB17P9,Yes
793,Aditya Birla Sun Life Fixed Term Plan - Series UC (95 days) -Regular Growth,AMC 3,MF,MF,1477B,INF209KB10Q2,Yes
794,Aditya Birla Sun Life Fixed Term Plan - Series UC (95 days) -Regular IDCW,AMC 3,MF,MF,1477A,INF209KB11Q0,Yes
795,Aditya Birla Sun Life Fixed Term Plan - Series UD (79 days) -Regular Growth,AMC 3,MF,MF,1478B,INF209KB14Q4,Yes
796,Aditya Birla Sun Life Fixed Term Plan - Series UD (79 days) -Regular IDCW,AMC 3,MF,MF,1478A,INF209KB15Q1,Yes
797,Aditya Birla Sun Life Fixed Term Plan - Series UE (1275 days) -Regular Growth,AMC 3,MF,MF,1479B,INF209KB18Q5,Yes
798,Aditya Birla Sun Life Fixed Term Plan - Series UE (1275 days) -Regular IDCW,AMC 3,MF,MF,1479A,INF209KB19Q3,Yes
799,Aditya Birla Sun Life Fixed Term Plan - Series UF (180 days) -Regular Growth,AMC 3,MF,MF,1480B,INF209KB16S5,Yes
800,Aditya Birla Sun Life Fixed Term Plan - Series UF (180 days) -Regular IDCW,AMC 3,MF,MF,1480A,INF209KB17S3,Yes
801,Aditya Birla Sun Life Fixed Term Plan - Series UG (1125 days) -Regular Growth,AMC 3,MF,MF,1481B,INF209KB10T6,Yes
802,Aditya Birla Sun Life Fixed Term Plan - Series UG (1125 days) -Regular IDCW,AMC 3,MF,MF,1481A,INF209KB11T4,Yes
803,Aditya Birla Sun Life Fixed Term Plan - Series UH (91 days) -Regular Growth,AMC 3,MF,MF,1482B,INF209KB13U8,Yes
804,Aditya Birla Sun Life Fixed Term Plan - Series UH (91 days) -Regular IDCW,AMC 3,MF,MF,1482A,INF209KB14U6,Yes
805,Aditya Birla Sun Life Fixed Term Plan - Series UI (91 days) -Regular Growth,AMC 3,MF,MF,1483B,INF209KB17U9,Yes
806,Aditya Birla Sun Life Fixed Term Plan - Series UI (91 days) -Regular IDCW,AMC 3,MF,MF,1483A,INF209KB18U7,Yes
807,Aditya Birla Sun Life Fixed Term Plan - Series UJ (1110 days) -Regular Growth,AMC 3,MF,MF,1484B,INF209KB11V0,Yes
808,Aditya Birla Sun Life Fixed Term Plan - Series UJ (1110 days) -Regular IDCW,AMC 3,MF,MF,1484A,INF209KB12V8,Yes
809,ADITYA BIRLA SUN LIFE FIXED TERM PLAN - SERIES UK (183 DAYS) -REGULAR PLAN GROWTH,AMC 3,MF,MF,1485B,INF209KB19V3,Yes
810,ADITYA BIRLA SUN LIFE FIXED TERM PLAN - SERIES UK (183 DAYS) -REGULAR PLAN IDCW PAYOUT,AMC 3,MF,MF,1485A,INF209KB10W0,Yes
811,Aditya Birla Sun Life Fixed Term Plan -Series JA (1464D days) - (Maturity Date - 29-NOV-2017) - Gr.,AMC 3,MF,MF,1178B,INF209KB1AD4,No
812,ADITYA BIRLA SUN LIFE FIXED TERM PLAN CORPORATE BOND SERIES B (1168 DAYS) - REGULAR PLAN - DIVIDEND PAYOUT,AMC 3,MF,MF,1203A,INF209KA1649,Yes
813,ADITYA BIRLA SUN LIFE FIXED TERM PLAN CORPORATE BOND SERIES B (1168 DAYS) - REGULAR PLAN - GROWTH,AMC 3,MF,MF,1203B,INF209KA1631,Yes
814,ADITYA BIRLA SUN LIFE FIXED TERM PLAN SERIES CE - DIVIDEND PAYOUT,AMC 3,MF,MF,936D,INF209K01ER3,Yes
815,ADITYA BIRLA SUN LIFE FIXED TERM PLAN SERIES CE - GROWTH,AMC 3,MF,MF,936G,INF209K01EQ5,Yes
816,ADITYA BIRLA SUN LIFE FIXED TERM PLAN SERIES CG - DIVIDEND PAYOUT,AMC 3,MF,MF,939D,INF209K01FA6,Yes
817,ADITYA BIRLA SUN LIFE FIXED TERM PLAN SERIES CG - GROWTH,AMC 3,MF,MF,939G,INF209K01EZ6,Yes
818,ADITYA BIRLA SUN LIFE FIXED TERM PLAN SERIES CJ - DIVIDEND PAYOUT,AMC 3,MF,MF,943D,INF209K01FH1,Yes
819,ADITYA BIRLA SUN LIFE FIXED TERM PLAN SERIES CJ - GROWTH,AMC 3,MF,MF,943G,INF209K01FI9,Yes
820,ADITYA BIRLA SUN LIFE FIXED TERM PLAN SERIES CK - DIVIDEND PAYOUT,AMC 3,MF,MF,945D,INF209K01FM1,Yes
821,ADITYA BIRLA SUN LIFE FIXED TERM PLAN SERIES CK - GROWTH,AMC 3,MF,MF,945G,INF209K01FL3,Yes
822,ADITYA BIRLA SUN LIFE FIXED TERM PLAN SERIES CL - DIVIDEND PAYOUT,AMC 3,MF,MF,946D,INF209K01FQ2,Yes
823,ADITYA BIRLA SUN LIFE FIXED TERM PLAN SERIES CL - GROWTH,AMC 3,MF,MF,946G,INF209K01FP4,Yes
824,ADITYA BIRLA SUN LIFE FIXED TERM PLAN SERIES CM - DIVIDEND PAYOUT,AMC 3,MF,MF,950D,INF209K01FU4,Yes
825,ADITYA BIRLA SUN LIFE FIXED TERM PLAN SERIES CM - GROWTH,AMC 3,MF,MF,950G,INF209K01FT6,Yes
826,ADITYA BIRLA SUN LIFE FIXED TERM PLAN SERIES CR - DIVIDEND PAYOUT,AMC 3,MF,MF,959D,INF209K01GQ0,Yes
827,ADITYA BIRLA SUN LIFE FIXED TERM PLAN SERIES CR - GROWTH,AMC 3,MF,MF,959G,INF209K01GP2,Yes
828,ADITYA BIRLA SUN LIFE FIXED TERM PLAN SERIES CS - DIVIDEND PAYOUT,AMC 3,MF,MF,961D,INF209K01GO5,Yes
829,ADITYA BIRLA SUN LIFE FIXED TERM PLAN SERIES CS - GROWTH,AMC 3,MF,MF,961G,INF209K01GN7,Yes
830,ADITYA BIRLA SUN LIFE FIXED TERM PLAN SERIES CU - DIVIDEND PAYOUT,AMC 3,MF,MF,965D,INF209K01GZ1,Yes
831,ADITYA BIRLA SUN LIFE FIXED TERM PLAN SERIES CU - GROWTH,AMC 3,MF,MF,965G,INF209K01GY4,Yes
832,ADITYA BIRLA SUN LIFE FIXED TERM PLAN SERIES CV - DIVIDEND PAYOUT,AMC 3,MF,MF,968D,INF209K01HB0,Yes
833,ADITYA BIRLA SUN LIFE FIXED TERM PLAN SERIES CV - GROWTH,AMC 3,MF,MF,968G,INF209K01HA2,Yes
834,ADITYA BIRLA SUN LIFE FIXED TERM PLAN SERIES CX - DIVIDEND PAYOUT,AMC 3,MF,MF,971D,INF209K01HJ3,Yes
835,ADITYA BIRLA SUN LIFE FIXED TERM PLAN SERIES CX - GROWTH,AMC 3,MF,MF,971G,INF209K01HI5,Yes
836,ADITYA BIRLA SUN LIFE FIXED TERM PLAN SERIES CY - DIVIDEND PAYOUT,AMC 3,MF,MF,972D,INF209K01HX4,Yes
837,ADITYA BIRLA SUN LIFE FIXED TERM PLAN SERIES CY - GROWTH,AMC 3,MF,MF,972G,INF209K01HW6,Yes
838,ADITYA BIRLA SUN LIFE FIXED TERM PLAN SERIES CZ - DIVIDEND PAYOUT,AMC 3,MF,MF,973D,INF209K01HV8,Yes
839,ADITYA BIRLA SUN LIFE FIXED TERM PLAN SERIES CZ - GROWTH,AMC 3,MF,MF,973G,INF209K01HU0,Yes
840,ADITYA BIRLA SUN LIFE FIXED TERM PLAN SERIES DB - DIVIDEND PAYOUT,AMC 3,MF,MF,977D,INF209K01IB8,Yes
841,ADITYA BIRLA SUN LIFE FIXED TERM PLAN SERIES DB - GROWTH,AMC 3,MF,MF,977G,INF209K01IA0,Yes
842,ADITYA BIRLA SUN LIFE FIXED TERM PLAN SERIES DC - DIVIDEND PAYOUT,AMC 3,MF,MF,979D,INF209K01II3,Yes
843,ADITYA BIRLA SUN LIFE FIXED TERM PLAN SERIES DC - GROWTH,AMC 3,MF,MF,979G,INF209K01IH5,Yes
844,ADITYA BIRLA SUN LIFE FIXED TERM PLAN SERIES DD - DIVIDEND PAYOUT,AMC 3,MF,MF,980D,INF209K01IG7,Yes
845,ADITYA BIRLA SUN LIFE FIXED TERM PLAN SERIES DD - GROWTH,AMC 3,MF,MF,980G,INF209K01IF9,Yes
846,ADITYA BIRLA SUN LIFE FIXED TERM PLAN SERIES DE - DIVIDEND PAYOUT,AMC 3,MF,MF,986D,INF209K01IT0,Yes
847,ADITYA BIRLA SUN LIFE FIXED TERM PLAN SERIES DE - GROWTH,AMC 3,MF,MF,986G,INF209K01IS2,Yes
848,ADITYA BIRLA SUN LIFE FIXED TERM PLAN SERIES DF,AMC 3,MF,MF,987D,INF209K01IW4,Yes
849,ADITYA BIRLA SUN LIFE FIXED TERM PLAN SERIES DG - DIVIDEND PAYOUT,AMC 3,MF,MF,988D,INF209K01IV6,Yes
850,ADITYA BIRLA SUN LIFE FIXED TERM PLAN SERIES DG - GROWTH,AMC 3,MF,MF,988G,INF209K01IU8,Yes
851,ADITYA BIRLA SUN LIFE FIXED TERM PLAN SERIES DH - DIVIDEND PAYOUT,AMC 3,MF,MF,989D,INF209K01IY0,Yes
852,ADITYA BIRLA SUN LIFE FIXED TERM PLAN SERIES DH - GROWTH,AMC 3,MF,MF,989G,INF209K01IX2,Yes
853,ADITYA BIRLA SUN LIFE FIXED TERM PLAN SERIES DI - DIVIDEND PAYOUT,AMC 3,MF,MF,990D,INF209K01JA8,Yes
854,ADITYA BIRLA SUN LIFE FIXED TERM PLAN SERIES DI - GROWTH,AMC 3,MF,MF,990G,INF209K01IZ7,Yes
855,ADITYA BIRLA SUN LIFE FIXED TERM PLAN SERIES DJ - DIVIDEND PAYOUT,AMC 3,MF,MF,992D,INF209K01JE0,Yes
856,ADITYA BIRLA SUN LIFE FIXED TERM PLAN SERIES DJ - GROWTH,AMC 3,MF,MF,992G,INF209K01JD2,Yes
857,ADITYA BIRLA SUN LIFE FIXED TERM PLAN SERIES DK - DIVIDEND PAYOUT,AMC 3,MF,MF,993D,INF209K01JG5,Yes
858,ADITYA BIRLA SUN LIFE FIXED TERM PLAN SERIES DK - GROWTH,AMC 3,MF,MF,993G,INF209K01JF7,Yes
859,ADITYA BIRLA SUN LIFE FIXED TERM PLAN SERIES DL - DIVIDEND PAYOUT,AMC 3,MF,MF,995D,INF209K01JJ9,Yes
860,ADITYA BIRLA SUN LIFE FIXED TERM PLAN SERIES DL - GROWTH,AMC 3,MF,MF,995G,INF209K01JI1,Yes
861,ADITYA BIRLA SUN LIFE FIXED TERM PLAN SERIES DM,AMC 3,MF,MF,996G,INF209K01JH3,Yes
862,ADITYA BIRLA SUN LIFE FIXED TERM PLAN SERIES DN - DIVIDEND PAYOUT,AMC 3,MF,MF,997D,INF209K01JM3,Yes
863,ADITYA BIRLA SUN LIFE FIXED TERM PLAN SERIES DN - GROWTH,AMC 3,MF,MF,997G,INF209K01JL5,Yes
864,ADITYA BIRLA SUN LIFE FIXED TERM PLAN SERIES DO - DIVIDEND PAYOUT,AMC 3,MF,MF,999D,INF209K01JQ4,Yes
865,ADITYA BIRLA SUN LIFE FIXED TERM PLAN SERIES DO - GROWTH,AMC 3,MF,MF,999G,INF209K01JP6,Yes
866,ADITYA BIRLA SUN LIFE FIXED TERM PLAN SERIES DQ - DIVIDEND PAYOUT,AMC 3,MF,MF,1001D,INF209K01LP2,Yes
867,ADITYA BIRLA SUN LIFE FIXED TERM PLAN SERIES DQ - GROWTH,AMC 3,MF,MF,1001G,INF209K01LO5,Yes
868,ADITYA BIRLA SUN LIFE FIXED TERM PLAN SERIES DS DIVIDEND PAYOUT,AMC 3,MF,MF,1004D,INF209K01MO3,Yes
869,ADITYA BIRLA SUN LIFE FIXED TERM PLAN SERIES DS GROWTH,AMC 3,MF,MF,1004G,INF209K01MN5,Yes
870,ADITYA BIRLA SUN LIFE FIXED TERM PLAN SERIES DT - DIVIDEND PAYOUT,AMC 3,MF,MF,1008D,INF209K01MU0,Yes
871,ADITYA BIRLA SUN LIFE FIXED TERM PLAN SERIES DT - GROWTH,AMC 3,MF,MF,1008G,INF209K01MT2,Yes
872,ADITYA BIRLA SUN LIFE FIXED TERM PLAN SERIES DU DIVIDEND PAYOUT,AMC 3,MF,MF,1009D,INF209K01MZ9,Yes
873,ADITYA BIRLA SUN LIFE FIXED TERM PLAN SERIES DU GROWTH,AMC 3,MF,MF,1009G,INF209K01MY2,Yes
874,ADITYA BIRLA SUN LIFE FIXED TERM PLAN SERIES DV DIVIDEND PAYOUT,AMC 3,MF,MF,1010D,INF209K01NB8,Yes
875,ADITYA BIRLA SUN LIFE FIXED TERM PLAN SERIES DV GROWTH,AMC 3,MF,MF,1010G,INF209K01NA0,Yes
876,ADITYA BIRLA SUN LIFE FIXED TERM PLAN SERIES DW DIVIDEND PAYOUT,AMC 3,MF,MF,1012D,INF209K01NJ1,Yes
877,ADITYA BIRLA SUN LIFE FIXED TERM PLAN SERIES DW GROWTH,AMC 3,MF,MF,1012G,INF209K01NI3,Yes
878,ADITYA BIRLA SUN LIFE FIXED TERM PLAN SERIES DY DIVIDEND PAYOUT,AMC 3,MF,MF,1017D,INF209K01NL7,Yes
879,ADITYA BIRLA SUN LIFE FIXED TERM PLAN SERIES DY GROWTH,AMC 3,MF,MF,1017G,INF209K01NK9,Yes
880,ADITYA BIRLA SUN LIFE FIXED TERM PLAN SERIES EC DIVIDEND PAYOUT,AMC 3,MF,MF,1023D,INF209K01NW4,Yes
881,ADITYA BIRLA SUN LIFE FIXED TERM PLAN SERIES EC GROWTH,AMC 3,MF,MF,1023G,INF209K01NV6,Yes
882,ADITYA BIRLA SUN LIFE FIXED TERM PLAN SERIES ED DIVIDEND PAYOUT,AMC 3,MF,MF,1024D,INF209K01NY0,Yes
883,ADITYA BIRLA SUN LIFE FIXED TERM PLAN SERIES ED GROWTH,AMC 3,MF,MF,1024G,INF209K01NX2,Yes
884,ADITYA BIRLA SUN LIFE FIXED TERM PLAN SERIES EE DIVIDEND PAYOUT,AMC 3,MF,MF,1025D,INF209K01OC4,Yes
885,ADITYA BIRLA SUN LIFE FIXED TERM PLAN SERIES EE GROWTH,AMC 3,MF,MF,1025G,INF209K01OB6,Yes
886,ADITYA BIRLA SUN LIFE FIXED TERM PLAN SERIES EH - DIVIDEND PAYOUT,AMC 3,MF,MF,1029D,INF209K01OI1,Yes
887,ADITYA BIRLA SUN LIFE FIXED TERM PLAN SERIES EH - GROWTH,AMC 3,MF,MF,1029G,INF209K01OH3,Yes
888,ADITYA BIRLA SUN LIFE FIXED TERM PLAN SERIES EI - DIVIDEND PAYOUT,AMC 3,MF,MF,1030D,INF209K01OM3,Yes
889,ADITYA BIRLA SUN LIFE FIXED TERM PLAN SERIES EI - GROWTH,AMC 3,MF,MF,1030G,INF209K01OL5,Yes
890,ADITYA BIRLA SUN LIFE FIXED TERM PLAN SERIES EJ - DIVIDEND PAYOUT,AMC 3,MF,MF,1031D,INF209K01OK7,Yes
891,ADITYA BIRLA SUN LIFE FIXED TERM PLAN SERIES EJ - GROWTH,AMC 3,MF,MF,1031G,INF209K01OJ9,Yes
892,ADITYA BIRLA SUN LIFE FIXED TERM PLAN SERIES EK - DIVIDEND PAYOUT,AMC 3,MF,MF,1032D,INF209K01OO9,Yes
893,ADITYA BIRLA SUN LIFE FIXED TERM PLAN SERIES EK - GROWTH,AMC 3,MF,MF,1032G,INF209K01ON1,Yes
894,ADITYA BIRLA SUN LIFE FIXED TERM PLAN SERIES EL DIVIDEND PAYOUT,AMC 3,MF,MF,1033D,INF209K01OQ4,Yes
895,ADITYA BIRLA SUN LIFE FIXED TERM PLAN SERIES EL GROWTH,AMC 3,MF,MF,1033G,INF209K01OP6,Yes
896,ADITYA BIRLA SUN LIFE FIXED TERM PLAN SERIES EN DIVIDEND PAYOUT,AMC 3,MF,MF,1026D,INF209K01OA8,Yes
897,ADITYA BIRLA SUN LIFE FIXED TERM PLAN SERIES EN GROWTH,AMC 3,MF,MF,1026G,INF209K01NZ7,Yes
898,ADITYA BIRLA SUN LIFE FIXED TERM PLAN SERIES EO DIVIDEND PAYOUT,AMC 3,MF,MF,1035D,INF209K01OU6,Yes
899,ADITYA BIRLA SUN LIFE FIXED TERM PLAN SERIES EO GROWTH,AMC 3,MF,MF,1035G,INF209K01OT8,Yes
900,ADITYA BIRLA SUN LIFE FIXED TERM PLAN SERIES EP DIVIDEND PAYOUT,AMC 3,MF,MF,1036D,INF209K01OV4,Yes
901,ADITYA BIRLA SUN LIFE FIXED TERM PLAN SERIES EP GROWTH,AMC 3,MF,MF,1036G,INF209K01OW2,Yes
902,ADITYA BIRLA SUN LIFE FIXED TERM PLAN SERIES EQ DIVIDEND PAYOUT,AMC 3,MF,MF,1037D,INF209K01OY8,Yes
903,ADITYA BIRLA SUN LIFE FIXED TERM PLAN SERIES EQ GROWTH,AMC 3,MF,MF,1037G,INF209K01OX0,Yes
904,ADITYA BIRLA SUN LIFE FIXED TERM PLAN SERIES ER - GROWTH-DIVIDEND PAYOUT,AMC 3,MF,MF,1038G,INF209K01OZ5,Yes
905,ADITYA BIRLA SUN LIFE FIXED TERM PLAN SERIES ER- DIVIDEND PAYOUT,AMC 3,MF,MF,1038D,INF209K01PA5,Yes
906,ADITYA BIRLA SUN LIFE FIXED TERM PLAN SERIES ET DIVIDEND PAYOUT,AMC 3,MF,MF,1040D,INF209K01PE7,Yes
907,ADITYA BIRLA SUN LIFE FIXED TERM PLAN SERIES ET GROWTH,AMC 3,MF,MF,1040G,INF209K01PD9,Yes
908,ADITYA BIRLA SUN LIFE FIXED TERM PLAN SERIES EX DIVIDEND PAYOUT,AMC 3,MF,MF,1047D,INF209K01PW9,Yes
909,ADITYA BIRLA SUN LIFE FIXED TERM PLAN SERIES EX GROWTH,AMC 3,MF,MF,1047G,INF209K01PV1,Yes
910,ADITYA BIRLA SUN LIFE FIXED TERM PLAN SERIES EZ DIVIDEND PAYOUT,AMC 3,MF,MF,1049D,INF209K01PS7,Yes
911,ADITYA BIRLA SUN LIFE FIXED TERM PLAN SERIES EZ GROWTH,AMC 3,MF,MF,1049G,INF209K01PR9,Yes
912,ADITYA BIRLA SUN LIFE FIXED TERM PLAN SERIES FB DIVIDEND PAYOUT,AMC 3,MF,MF,1052D,INF209K01QC9,Yes
913,ADITYA BIRLA SUN LIFE FIXED TERM PLAN SERIES FB GROWTH,AMC 3,MF,MF,1052G,INF209K01QB1,Yes
914,ADITYA BIRLA SUN LIFE FIXED TERM PLAN SERIES FE DIVIDEND PAYOUT,AMC 3,MF,MF,1055D,INF209K01QK2,Yes
915,ADITYA BIRLA SUN LIFE FIXED TERM PLAN SERIES FE GROWTH,AMC 3,MF,MF,1055G,INF209K01QJ4,Yes
916,ADITYA BIRLA SUN LIFE FIXED TERM PLAN SERIES FI DIVIDEND PAYOUT,AMC 3,MF,MF,1057D,INF209K01QO4,Yes
917,ADITYA BIRLA SUN LIFE FIXED TERM PLAN SERIES FI GROWTH,AMC 3,MF,MF,1057G,INF209K01QN6,Yes
918,ADITYA BIRLA SUN LIFE FIXED TERM PLAN SERIES IY (499 DAYS) - NORMAL DIVIDEND PAYOUT - REGULAR PLAN,AMC 3,MF,MF,1175A,INF209K015R8,Yes
919,ADITYA BIRLA SUN LIFE FIXED TERM PLAN SERIES IY (499 DAYS) - REGULAR PLAN - QUARTERLY DIVIDEND PAYOUT,AMC 3,MF,MF,1175C,INF209K016R6,Yes
920,ADITYA BIRLA SUN LIFE FIXED TERM PLAN SERIES IY (499 DAYS) -GROWTH - REGULAR PLAN,AMC 3,MF,MF,1175B,INF209K014R1,Yes
921,ADITYA BIRLA SUN LIFE FIXED TERM PLAN SERIES JX (427 DAYS) - REGULAR PLAN - GROWTH,AMC 3,MF,MF,1205B,INF209KA1870,Yes
922,ADITYA BIRLA SUN LIFE FIXED TERM PLAN SERIES JX (427 DAYS) - REGULAR PLAN - NORMAL DIVIDEND PAYOUT,AMC 3,MF,MF,1205A,INF209KA1888,Yes
923,ADITYA BIRLA SUN LIFE FIXED TERM PLAN SERIES JX (427 DAYS) - REGULAR PLAN - QUARTERLY DIVIDEND PAYOUT,AMC 3,MF,MF,1205C,INF209KA1896,Yes
924,ADITYA BIRLA SUN LIFE FIXED TERM PLAN SERIES KE (412 DAYS) - REGULAR PLAN - GROWTH,AMC 3,MF,MF,1211B,INF209KA1AX3,Yes
925,ADITYA BIRLA SUN LIFE FIXED TERM PLAN SERIES KE (412 DAYS) - REGULAR PLAN - NORMAL DIVIDEND PAYOUT,AMC 3,MF,MF,1211A,INF209KA1AY1,Yes
926,ADITYA BIRLA SUN LIFE FIXED TERM PLAN SERIES KE (412 DAYS) - REGULAR PLAN - QUARTERLY DIVIDEND PAYOUT,AMC 3,MF,MF,1211C,INF209KA1AZ8,Yes
927,ADITYA BIRLA SUN LIFE FIXED TERM PLAN SERIES KG (367 DAYS)-REGULAR PLAN-QUARTERLY DIVIDEND PAYOUT,AMC 3,MF,MF,1214C,INF209KA1BT9,Yes
928,ADITYA BIRLA SUN LIFE FIXED TERM PLAN SERIES KH (406 DAYS)-REGULAR PLAN-GROWTH,AMC 3,MF,MF,1215B,INF209KA1BX1,Yes
929,ADITYA BIRLA SUN LIFE FIXED TERM PLAN SERIES KH (406 DAYS)-REGULAR PLAN-NORMAL DIVIDEND PAYOUT,AMC 3,MF,MF,1215A,INF209KA1BY9,Yes
930,ADITYA BIRLA SUN LIFE FIXED TERM PLAN SERIES KH (406 DAYS)-REGULAR PLAN-QUARTERLY DIVIDEND PAYOUT,AMC 3,MF,MF,1215C,INF209KA1BZ6,Yes
931,ADITYA BIRLA SUN LIFE FIXED TERM PLAN SERIES KI (368 DAYS)-REGULAR PLAN-NORMAL DIVIDEND PAYOUT,AMC 3,MF,MF,1217A,INF209KA1CE9,Yes
932,ADITYA BIRLA SUN LIFE FIXED TERM PLAN SERIES KI (368 DAYS)-REGULAR PLAN-QUARTERLY DIVIDEND PAYOUT,AMC 3,MF,MF,1217C,INF209KA1CF6,Yes
933,ADITYA BIRLA SUN LIFE FIXED TERM PLAN SERIES KJ (400 DAYS)-REGULAR PLAN-GROWTH,AMC 3,MF,MF,1218B,INF209KA1CJ8,Yes
934,ADITYA BIRLA SUN LIFE FIXED TERM PLAN SERIES KJ (400 DAYS)-REGULAR PLAN-NORMAL DIVIDEND PAYOUT,AMC 3,MF,MF,1218A,INF209KA1CK6,Yes
935,ADITYA BIRLA SUN LIFE FIXED TERM PLAN SERIES KJ (400 DAYS)-REGULAR PLAN-QUARTERLY DIVIDEND PAYOUT,AMC 3,MF,MF,1218C,INF209KA1CL4,Yes
936,ADITYA BIRLA SUN LIFE FIXED TERM PLAN SERIES KL (30 DAYS)-REGULAR PLAN-DIVIDEND PAYOUT,AMC 3,MF,MF,1220A,INF209KA1CW1,Yes
937,ADITYA BIRLA SUN LIFE FIXED TERM PLAN SERIES KL (30 DAYS)-REGULAR PLAN-GROWTH,AMC 3,MF,MF,1220B,INF209KA1CV3,Yes
938,ADITYA BIRLA SUN LIFE FIXED TERM PLAN SERIES KO (399 DAYS)-REGULAR PLAN-GROWTH,AMC 3,MF,MF,1223B,INF209KA1DV1,Yes
939,ADITYA BIRLA SUN LIFE FIXED TERM PLAN SERIES KO (399 DAYS)-REGULAR PLAN-NORMAL DIVIDEND PAYOUT,AMC 3,MF,MF,1223A,INF209KA1DW9,Yes
940,ADITYA BIRLA SUN LIFE FIXED TERM PLAN SERIES KO (399 DAYS)-REGULAR PLAN-QUARTERLY DIVIDEND PAYOUT,AMC 3,MF,MF,1223C,INF209KA1DX7,Yes
941,ADITYA BIRLA SUN LIFE FIXED TERM PLAN SERIES KP (405 DAYS)-REGULAR PLAN-GROWTH,AMC 3,MF,MF,1224B,INF209KA1DJ6,Yes
942,ADITYA BIRLA SUN LIFE FIXED TERM PLAN SERIES KP (405 DAYS)-REGULAR PLAN-NORMAL DIVIDEND PAYOUT,AMC 3,MF,MF,1224A,INF209KA1DK4,Yes
943,ADITYA BIRLA SUN LIFE FIXED TERM PLAN SERIES KP (405 DAYS)-REGULAR PLAN-QUARTERLY DIVIDEND PAYOUT,AMC 3,MF,MF,1224C,INF209KA1DL2,Yes
944,ADITYA BIRLA SUN LIFE FIXED TERM PLAN SERIES KQ (368 DAYS)-REGULAR PLAN-NORMAL DIVIDEND PAYOUT,AMC 3,MF,MF,1225A,INF209KA1EC9,Yes
945,ADITYA BIRLA SUN LIFE FIXED TERM PLAN SERIES KQ (368 DAYS)-REGULAR PLAN-QUARTERLY DIVIDEND PAYOUT,AMC 3,MF,MF,1225C,INF209KA1ED7,Yes
946,ADITYA BIRLA SUN LIFE FIXED TERM PLAN SERIES KT (380 DAYS)-REGULAR PLAN-GROWTH,AMC 3,MF,MF,1228B,INF209KA1EN6,Yes
947,ADITYA BIRLA SUN LIFE FIXED TERM PLAN SERIES KT (380 DAYS)-REGULAR PLAN-NORMAL DIVIDEND PAYOUT,AMC 3,MF,MF,1228A,INF209KA1EO4,Yes
948,ADITYA BIRLA SUN LIFE FIXED TERM PLAN SERIES KT (380 DAYS)-REGULAR PLAN-QUARTERLY DIVIDEND PAYOUT,AMC 3,MF,MF,1228C,INF209KA1EP1,Yes
949,ADITYA BIRLA SUN LIFE FIXED TERM PLAN SERIES KV (367 DAYS)-REGULAR PLAN-GROWTH,AMC 3,MF,MF,1230B,INF209KA1FF9,Yes
950,ADITYA BIRLA SUN LIFE FIXED TERM PLAN SERIES KV (367 DAYS)-REGULAR PLAN-NORMAL DIVIDEND PAYOUT,AMC 3,MF,MF,1230A,INF209KA1FG7,Yes
951,ADITYA BIRLA SUN LIFE FIXED TERM PLAN SERIES KV (367 DAYS)-REGULAR PLAN-QUARTERLY DIVIDEND PAYOUT,AMC 3,MF,MF,1230C,INF209KA1FH5,Yes
952,ADITYA BIRLA SUN LIFE FIXED TERM PLAN SERIES KW (374 DAYS)-REGULAR PLAN-NORMAL DIVIDEND PAYOUT,AMC 3,MF,MF,1231A,INF209KA1FM5,Yes
953,ADITYA BIRLA SUN LIFE FIXED TERM PLAN SERIES KW (374 DAYS)-REGULAR PLAN-QUARTERLY DIVIDEND PAYOUT,AMC 3,MF,MF,1231C,INF209KA1FN3,Yes
954,ADITYA BIRLA SUN LIFE FIXED TERM PLAN SERIES KX (372 DAYS)-REGULAR PLAN-GROWTH,AMC 3,MF,MF,1232B,INF209KA1FR4,Yes
955,ADITYA BIRLA SUN LIFE FIXED TERM PLAN SERIES KX (372 DAYS)-REGULAR PLAN-NORMAL DIVIDEND PAYOUT,AMC 3,MF,MF,1232A,INF209KA1FS2,Yes
956,ADITYA BIRLA SUN LIFE FIXED TERM PLAN SERIES KX (372 DAYS)-REGULAR PLAN-QUARTERLY DIVIDEND PAYOUT,AMC 3,MF,MF,1232C,INF209KA1FT0,Yes
957,ADITYA BIRLA SUN LIFE FIXED TERM PLAN SERIES KY (369 DAYS)-REGULAR PLAN-GROWTH,AMC 3,MF,MF,1233B,INF209KA1FX2,Yes
958,ADITYA BIRLA SUN LIFE FIXED TERM PLAN SERIES KY (369 DAYS)-REGULAR PLAN-NORMAL DIVIDEND PAYOUT,AMC 3,MF,MF,1233A,INF209KA1FY0,Yes
959,ADITYA BIRLA SUN LIFE FIXED TERM PLAN SERIES KY (369 DAYS)-REGULAR PLAN-QUARTERLY DIVIDEND PAYOUT,AMC 3,MF,MF,1233C,INF209KA1FZ7,Yes
960,ADITYA BIRLA SUN LIFE FIXED TERM PLAN SERIES KZ (368 DAYS)-REGULAR PLAN-GROWTH,AMC 3,MF,MF,1234B,INF209KA1GD2,Yes
961,ADITYA BIRLA SUN LIFE FIXED TERM PLAN SERIES KZ (368 DAYS)-REGULAR PLAN-NORMAL DIVIDEND PAYOUT,AMC 3,MF,MF,1234A,INF209KA1GE0,Yes
962,ADITYA BIRLA SUN LIFE FIXED TERM PLAN SERIES KZ (368 DAYS)-REGULAR PLAN-QUARTERLY DIVIDEND PAYOUT,AMC 3,MF,MF,1234C,INF209KA1GF7,Yes
963,ADITYA BIRLA SUN LIFE FIXED TERM PLAN SERIES LA (366 DAYS)-REGULAR PLAN-GROWTH,AMC 3,MF,MF,1235B,INF209KA1GJ9,Yes
964,ADITYA BIRLA SUN LIFE FIXED TERM PLAN SERIES LA (366 DAYS)-REGULAR PLAN-NORMAL DIVIDEND PAYOUT,AMC 3,MF,MF,1235A,INF209KA1GK7,Yes
965,ADITYA BIRLA SUN LIFE FIXED TERM PLAN SERIES LA (366 DAYS)-REGULAR PLAN-QUARTERLY DIVIDEND PAYOUT,AMC 3,MF,MF,1235C,INF209KA1GL5,Yes
966,ADITYA BIRLA SUN LIFE FIXED TERM PLAN SERIES LB (368 DAYS)-REGULAR PLAN-GROWTH,AMC 3,MF,MF,1236B,INF209KA1GP6,Yes
967,ADITYA BIRLA SUN LIFE FIXED TERM PLAN SERIES LB (368 DAYS)-REGULAR PLAN-NORMAL DIVIDEND PAYOUT,AMC 3,MF,MF,1236A,INF209KA1GQ4,Yes
968,ADITYA BIRLA SUN LIFE FIXED TERM PLAN SERIES LB (368 DAYS)-REGULAR PLAN-QUARTERLY DIVIDEND PAYOUT,AMC 3,MF,MF,1236C,INF209KA1GR2,Yes
969,ADITYA BIRLA SUN LIFE FIXED TERM PLAN SERIES LC (369 DAYS)-REGULAR PLAN-GROWTH,AMC 3,MF,MF,1237B,INF209KA1HB4,Yes
970,ADITYA BIRLA SUN LIFE FIXED TERM PLAN SERIES LC (369 DAYS)-REGULAR PLAN-NORMAL DIVIDEND PAYOUT,AMC 3,MF,MF,1237A,INF209KA1HC2,Yes
971,ADITYA BIRLA SUN LIFE FIXED TERM PLAN SERIES LC (369 DAYS)-REGULAR PLAN-QUARTERLY DIVIDEND PAYOUT,AMC 3,MF,MF,1237C,INF209KA1HD0,Yes
972,ADITYA BIRLA SUN LIFE FIXED TERM PLAN SERIES LE (367 DAYS)-REGULAR PLAN-GROWTH,AMC 3,MF,MF,1240B,INF209KA1HJ7,Yes
973,ADITYA BIRLA SUN LIFE FIXED TERM PLAN SERIES LE (367 DAYS)-REGULAR PLAN-NORMAL DIVIDEND PAYOUT,AMC 3,MF,MF,1240A,INF209KA1HK5,Yes
974,ADITYA BIRLA SUN LIFE FIXED TERM PLAN SERIES LE (367 DAYS)-REGULAR PLAN-QUARTERLY DIVIDEND PAYOUT,AMC 3,MF,MF,1240C,INF209KA1HL3,Yes
975,ADITYA BIRLA SUN LIFE FIXED TERM PLAN SERIES LG (367 DAYS)-REGULAR PLAN-NORMAL DIVIDEND PAYOUT,AMC 3,MF,MF,1242A,INF209KA1HW0,Yes
976,ADITYA BIRLA SUN LIFE FIXED TERM PLAN SERIES LH (732 DAYS)-REGULAR PLAN-GROWTH,AMC 3,MF,MF,1243B,INF209KA1IB2,Yes
977,ADITYA BIRLA SUN LIFE FIXED TERM PLAN SERIES LH (732 DAYS)-REGULAR PLAN-NORMAL DIVIDEND PAYOUT,AMC 3,MF,MF,1243A,INF209KA1IC0,Yes
978,ADITYA BIRLA SUN LIFE FIXED TERM PLAN SERIES LH (732 DAYS)-REGULAR PLAN-QUARTERLY DIVIDEND PAYOUT,AMC 3,MF,MF,1243C,INF209KA1ID8,Yes
979,ADITYA BIRLA SUN LIFE FIXED TERM PLAN SERIES LI (366 DAYS)-REGULAR PLAN-GROWTH,AMC 3,MF,MF,1244B,INF209KA1IH9,Yes
980,ADITYA BIRLA SUN LIFE FIXED TERM PLAN SERIES LI (366 DAYS)-REGULAR PLAN-NORMAL DIVIDEND PAYOUT,AMC 3,MF,MF,1244A,INF209KA1II7,Yes
981,ADITYA BIRLA SUN LIFE FIXED TERM PLAN SERIES LI (366 DAYS)-REGULAR PLAN-QUARTERLY DIVIDEND PAYOUT,AMC 3,MF,MF,1244C,INF209KA1IJ5,Yes
982,ADITYA BIRLA SUN LIFE FIXED TERM PLAN SERIES LN (369 DAYS)-REGULAR PLAN-GROWTH,AMC 3,MF,MF,1249B,INF209KA1JP0,Yes
983,ADITYA BIRLA SUN LIFE FIXED TERM PLAN SERIES LN (369 DAYS)-REGULAR PLAN-NORMAL DIVIDEND PAYOUT,AMC 3,MF,MF,1249A,INF209KA1JQ8,Yes
984,ADITYA BIRLA SUN LIFE FIXED TERM PLAN SERIES LN (369 DAYS)-REGULAR PLAN-QUARTERLY DIVIDEND PAYOUT,AMC 3,MF,MF,1249C,INF209KA1JR6,Yes
985,ADITYA BIRLA SUN LIFE FIXED TERM PLAN SERIES LP (367 DAYS)-REGULAR PLAN-GROWTH,AMC 3,MF,MF,1252B,INF209KA1KH5,Yes
986,ADITYA BIRLA SUN LIFE FIXED TERM PLAN SERIES LP (367 DAYS)-REGULAR PLAN-NORMAL DIVIDEND PAYOUT,AMC 3,MF,MF,1252A,INF209KA1KI3,Yes
987,ADITYA BIRLA SUN LIFE FIXED TERM PLAN SERIES LP (367 DAYS)-REGULAR PLAN-QUARTERLY DIVIDEND PAYOUT,AMC 3,MF,MF,1252C,INF209KA1KJ1,Yes
988,ADITYA BIRLA SUN LIFE FIXED TERM PLAN SERIES LQ (368 DAYS)-REGULAR PLAN-GROWTH,AMC 3,MF,MF,1253B,INF209KA1LV4,Yes
989,ADITYA BIRLA SUN LIFE FIXED TERM PLAN SERIES LQ (368 DAYS)-REGULAR PLAN-NORMAL DIVIDEND PAYOUT,AMC 3,MF,MF,1253A,INF209KA1LW2,Yes
990,ADITYA BIRLA SUN LIFE FIXED TERM PLAN SERIES LQ (368 DAYS)-REGULAR PLAN-QUARTERLY DIVIDEND PAYOUT,AMC 3,MF,MF,1253C,INF209KA1LX0,Yes
991,ADITYA BIRLA SUN LIFE FIXED TERM PLAN SERIES LR (368 DAYS)-REGULAR PLAN-GROWTH,AMC 3,MF,MF,1254B,INF209KA1MB4,Yes
992,ADITYA BIRLA SUN LIFE FIXED TERM PLAN SERIES LR (368 DAYS)-REGULAR PLAN-NORMAL DIVIDEND PAYOUT,AMC 3,MF,MF,1254A,INF209KA1MC2,Yes
993,ADITYA BIRLA SUN LIFE FIXED TERM PLAN SERIES LR (368 DAYS)-REGULAR PLAN-QUARTERLY DIVIDEND PAYOUT,AMC 3,MF,MF,1254C,INF209KA1MD0,Yes
994,ADITYA BIRLA SUN LIFE FIXED TERM PLAN SERIES LS (730 DAYS)-REGULAR PLAN-GROWTH,AMC 3,MF,MF,1255B,INF209KA1MH1,Yes
995,ADITYA BIRLA SUN LIFE FIXED TERM PLAN SERIES LS (730 DAYS)-REGULAR PLAN-NORMAL DIVIDEND PAYOUT,AMC 3,MF,MF,1255A,INF209KA1MI9,Yes
996,ADITYA BIRLA SUN LIFE FIXED TERM PLAN SERIES LS (730 DAYS)-REGULAR PLAN-QUARTERLY DIVIDEND PAYOUT,AMC 3,MF,MF,1255C,INF209KA1MJ7,Yes
997,ADITYA BIRLA SUN LIFE FIXED TERM PLAN SERIES LT (368 DAYS)-REGULAR PLAN-GROWTH,AMC 3,MF,MF,1256B,INF209KA1MN9,Yes
998,ADITYA BIRLA SUN LIFE FIXED TERM PLAN SERIES LT (368 DAYS)-REGULAR PLAN-NORMAL DIVIDEND PAYOUT,AMC 3,MF,MF,1256A,INF209KA1MO7,Yes
999,ADITYA BIRLA SUN LIFE FIXED TERM PLAN SERIES LT (368 DAYS)-REGULAR PLAN-QUARTERLY DIVIDEND PAYOUT,AMC 3,MF,MF,1256C,INF209KA1MP4,Yes
1000,ADITYA BIRLA SUN LIFE FIXED TERM PLAN SERIES LU (1104 DAYS)-REGULAR PLAN-GROWTH,AMC 3,MF,MF,1258B,INF209KA1NF3,Yes
1001,ADITYA BIRLA SUN LIFE FIXED TERM PLAN SERIES LU (1104 DAYS)-REGULAR PLAN-NORMAL DIVIDEND PAYOUT,AMC 3,MF,MF,1258A,INF209KA1NG1,Yes
1002,ADITYA BIRLA SUN LIFE FIXED TERM PLAN SERIES LU (1104 DAYS)-REGULAR PLAN-QUARTERLY DIVIDEND PAYOUT,AMC 3,MF,MF,1258C,INF209KA1NH9,Yes
1003,ADITYA BIRLA SUN LIFE FIXED TERM PLAN SERIES LW (1099 DAYS)-REGULAR PLAN-GROWTH,AMC 3,MF,MF,1261B,INF209KA1PJ0,Yes
1004,ADITYA BIRLA SUN LIFE FIXED TERM PLAN SERIES LW (1099 DAYS)-REGULAR PLAN-NORMAL DIVIDEND PAYOUT,AMC 3,MF,MF,1261A,INF209KA1PK8,Yes
1005,ADITYA BIRLA SUN LIFE FIXED TERM PLAN SERIES LW (1099 DAYS)-REGULAR PLAN-QUARTERLY DIVIDEND PAYOUT,AMC 3,MF,MF,1261C,INF209KA1PL6,Yes
1006,ADITYA BIRLA SUN LIFE FIXED TERM PLAN SERIES LX (1099 DAYS)-REGULAR PLAN-GROWTH,AMC 3,MF,MF,1262B,INF209KA1PV5,Yes
1007,ADITYA BIRLA SUN LIFE FIXED TERM PLAN SERIES LX (1099 DAYS)-REGULAR PLAN-NORMAL DIVIDEND PAYOUT,AMC 3,MF,MF,1262A,INF209KA1PW3,Yes
1008,ADITYA BIRLA SUN LIFE FIXED TERM PLAN SERIES LX (1099 DAYS)-REGULAR PLAN-QUARTERLY DIVIDEND PAYOUT,AMC 3,MF,MF,1262C,INF209KA1PX1,Yes
1009,ADITYA BIRLA SUN LIFE FIXED TERM PLAN SERIES LY (1101 DAYS)-REGULAR PLAN-GROWTH,AMC 3,MF,MF,1263B,INF209KA1QN0,Yes
1010,ADITYA BIRLA SUN LIFE FIXED TERM PLAN SERIES LY (1101 DAYS)-REGULAR PLAN-NORMAL DIVIDEND PAYOUT,AMC 3,MF,MF,1263A,INF209KA1QO8,Yes
1011,ADITYA BIRLA SUN LIFE FIXED TERM PLAN SERIES LY (1101 DAYS)-REGULAR PLAN-QUARTERLY DIVIDEND PAYOUT,AMC 3,MF,MF,1263C,INF209KA1QP5,Yes
1012,ADITYA BIRLA SUN LIFE FIXED TERM PLAN SERIES LZ (1099 DAYS)-REGULAR PLAN-GROWTH,AMC 3,MF,MF,1264B,INF209KA1QZ4,Yes
1013,ADITYA BIRLA SUN LIFE FIXED TERM PLAN SERIES LZ (1099 DAYS)-REGULAR PLAN-NORMAL DIVIDEND PAYOUT,AMC 3,MF,MF,1264A,INF209KA1RA5,Yes
1014,ADITYA BIRLA SUN LIFE FIXED TERM PLAN SERIES LZ (1099 DAYS)-REGULAR PLAN-QUARTERLY DIVIDEND PAYOUT,AMC 3,MF,MF,1264C,INF209KA1RB3,Yes
1015,ADITYA BIRLA SUN LIFE FIXED TERM PLAN SERIES MA (1099 DAYS)-REGULAR PLAN-NORMAL DIVIDEND PAYOUT,AMC 3,MF,MF,1265A,INF209KA1RM0,Yes
1016,ADITYA BIRLA SUN LIFE FIXED TERM PLAN SERIES MA (1099 DAYS)-REGULAR PLAN-QUARTERLY DIVIDEND PAYOUT,AMC 3,MF,MF,1265C,INF209KA1RN8,Yes
1017,ADITYA BIRLA SUN LIFE FIXED TERM PLAN SERIES MA(1099 DAYS) REGULAR PLAN - GROWTH,AMC 3,MF,MF,1265B,INF209KA1RL2,Yes
1018,ADITYA BIRLA SUN LIFE FIXED TERM PLAN SERIES MB (1099 DAYS)-REGULAR PLAN-GROWTH,AMC 3,MF,MF,1266B,INF209KA1SH8,Yes
1019,ADITYA BIRLA SUN LIFE FIXED TERM PLAN SERIES MB (1099 DAYS)-REGULAR PLAN-NORMAL DIVIDEND PAYOUT,AMC 3,MF,MF,1266A,INF209KA1SI6,Yes
1020,ADITYA BIRLA SUN LIFE FIXED TERM PLAN SERIES MB (1099 DAYS)-REGULAR PLAN-QUARTERLY DIVIDEND PAYOUT-,AMC 3,MF,MF,1266C,INF209KA1SJ4,Yes
1021,ADITYA BIRLA SUN LIFE FIXED TERM PLAN SERIES MC (1099 DAYS)-REGULAR PLAN-GROWTH,AMC 3,MF,MF,1267B,INF209KA1ST3,Yes
1022,ADITYA BIRLA SUN LIFE FIXED TERM PLAN SERIES MC (1099 DAYS)-REGULAR PLAN-NORMAL DIVIDEND PAYOUT,AMC 3,MF,MF,1267A,INF209KA1SU1,Yes
1023,ADITYA BIRLA SUN LIFE FIXED TERM PLAN SERIES MC (1099 DAYS)-REGULAR PLAN-QUARTERLY DIVIDEND PAYOUT,AMC 3,MF,MF,1267C,INF209KA1SV9,Yes
1024,ADITYA BIRLA SUN LIFE FIXED TERM PLAN SERIES MD (1099 DAYS)-REGULAR PLAN-GROWTH,AMC 3,MF,MF,1268B,INF209KA1SZ0,Yes
1025,ADITYA BIRLA SUN LIFE FIXED TERM PLAN SERIES MD (1099 DAYS)-REGULAR PLAN-NORMAL DIVIDEND PAYOUT,AMC 3,MF,MF,1268A,INF209KA1TA1,Yes
1026,ADITYA BIRLA SUN LIFE FIXED TERM PLAN SERIES MD (1099 DAYS)-REGULAR PLAN-QUARTERLY DIVIDEND PAYOUT,AMC 3,MF,MF,1268C,INF209KA1TB9,Yes
1027,ADITYA BIRLA SUN LIFE FIXED TERM PLAN SERIES ME (1099 DAYS)-REGULAR PLAN-GROWTH,AMC 3,MF,MF,1270B,INF209KA1UP7,Yes
1028,ADITYA BIRLA SUN LIFE FIXED TERM PLAN SERIES ME (1099 DAYS)-REGULAR PLAN-NORMAL DIVIDEND PAYOUT,AMC 3,MF,MF,1270A,INF209KA1UQ5,Yes
1029,ADITYA BIRLA SUN LIFE FIXED TERM PLAN SERIES ME (1099 DAYS)-REGULAR PLAN-QUARTERLY DIVIDEND PAYOUT,AMC 3,MF,MF,1270C,INF209KA1UR3,Yes
1030,ADITYA BIRLA SUN LIFE FIXED TERM PLAN SERIES MF (1099 DAYS)-REGULAR PLAN-GROWTH,AMC 3,MF,MF,1271B,INF209KA1VB5,Yes
1031,ADITYA BIRLA SUN LIFE FIXED TERM PLAN SERIES MF (1099 DAYS)-REGULAR PLAN-NORMAL DIVIDEND PAYOUT,AMC 3,MF,MF,1271A,INF209KA1VC3,Yes
1032,ADITYA BIRLA SUN LIFE FIXED TERM PLAN SERIES MF (1099 DAYS)-REGULAR PLAN-QUARTERLY DIVIDEND PAYOUT,AMC 3,MF,MF,1271C,INF209KA1VD1,Yes
1033,ADITYA BIRLA SUN LIFE FIXED TERM PLAN SERIES MG (1099 DAYS)-REGULAR PLAN-GROWTH,AMC 3,MF,MF,1272B,INF209KA1YB9,Yes
1034,ADITYA BIRLA SUN LIFE FIXED TERM PLAN SERIES MG (1099 DAYS)-REGULAR PLAN-NORMAL DIVIDEND PAYOUT,AMC 3,MF,MF,1272A,INF209KA1YC7,Yes
1035,ADITYA BIRLA SUN LIFE FIXED TERM PLAN SERIES MH (1099 DAYS)-REGULAR PLAN-GROWTH,AMC 3,MF,MF,1273B,INF209KA1YN4,Yes
1036,ADITYA BIRLA SUN LIFE FIXED TERM PLAN SERIES MH (1099 DAYS)-REGULAR PLAN-NORMAL DIVIDEND PAYOUT,AMC 3,MF,MF,1273A,INF209KA1YO2,Yes
1037,ADITYA BIRLA SUN LIFE FIXED TERM PLAN SERIES MH (1099 DAYS)-REGULAR PLAN-QUARTERLY DIVIDEND PAYOUT,AMC 3,MF,MF,1273C,INF209KA1YP9,Yes
1038,ADITYA BIRLA SUN LIFE FIXED TERM PLAN SERIES MT (1099 DAYS)-REGULAR PLAN-GROWTH,AMC 3,MF,MF,1287B,INF209KA16G2,Yes
1039,ADITYA BIRLA SUN LIFE FIXED TERM PLAN SERIES MT (1099 DAYS)-REGULAR PLAN-NORMAL DIVIDEND PAYOUT,AMC 3,MF,MF,1287A,INF209KA17G0,Yes
1040,ADITYA BIRLA SUN LIFE FIXED TERM PLAN SERIES MT (1099 DAYS)-REGULAR PLAN-QUARTERLY DIVIDEND PAYOUT,AMC 3,MF,MF,1287C,INF209KA18G8,Yes
1041,ADITYA BIRLA SUN LIFE FIXED TERM PLAN SERIES MW (1100 DAYS)-REGULAR PLAN-GROWTH,AMC 3,MF,MF,1290B,INF209KA11J7,Yes
1042,ADITYA BIRLA SUN LIFE FIXED TERM PLAN SERIES MW (1100 DAYS)-REGULAR PLAN-NORMAL DIVIDEND PAYOUT,AMC 3,MF,MF,1290A,INF209KA12J5,No
1043,ADITYA BIRLA SUN LIFE FIXED TERM PLAN SERIES MW (1100 DAYS)-REGULAR PLAN-QUARTERLY DIVIDEND PAYOUT,AMC 3,MF,MF,1290C,INF209KA13J3,No
1044,ADITYA BIRLA SUN LIFE FLEXI CAP FUND - IDCW REINVESTMENT,AMC 3,MF,MF,52D,INF209K01DT1,Yes
1045,ADITYA BIRLA SUN LIFE FLOATING RATE FUND - GROWTH,AMC 3,MF,MF,152G,INF209K01MF1,Yes
1046,ADITYA BIRLA SUN LIFE FLOATING RATE FUND - MONTHLY DIVIDEND PAYOUT,AMC 3,MF,MF,512MD,INF209K01AO8,Yes
1047,ADITYA BIRLA SUN LIFE FLOATING RATE FUND - MONTHLY DIVIDEND REINVESTMENT,AMC 3,MF,MF,512M,INF209K01DS3,Yes
1048,ADITYA BIRLA SUN LIFE FLOATING RATE FUND - REGULAR PLAN - DAILY IDCW PAYOUT,AMC 3,MF,MF,152ID,INF209KA1LN1,Yes
1049,ADITYA BIRLA SUN LIFE FLOATING RATE FUND - REGULAR PLAN - GROWTH,AMC 3,MF,MF,152IG,INF209K01MG9,Yes
1050,ADITYA BIRLA SUN LIFE FLOATING RATE FUND - REGULAR PLAN WEEKLY IDCW PAYOUT,AMC 3,MF,MF,152IW,INF209K01MH7,Yes
1051,ADITYA BIRLA SUN LIFE FLOATING RATE FUND - RETAIL- WEEKLY IDCW REINVESTMENT,AMC 3,MF,MF,152WD,INF209K01MI5,Yes
1052,Aditya Birla Sun Life Focused Equity Fund - Series 1(U/S 80CCG of IT ACT)-GR.-REGULAR,AMC 3,MF,MF,233G,INF209KA1771,Yes
1053,Aditya Birla Sun Life Focused Equity Fund - Series 1(U/S 80CCG of IT ACT)-IDCW-REGULAR,AMC 3,MF,MF,233D,INF209KA1789,Yes
1054,Aditya Birla Sun Life Focused Equity Fund - Series 2(U/S 80CCG of IT ACT)-GR.-REGULAR,AMC 3,MF,MF,234G,INF209KA1DF4,Yes
1055,Aditya Birla Sun Life Focused Equity Fund - Series 2(U/S 80CCG of IT ACT)-IDCW-REGULAR,AMC 3,MF,MF,234D,INF209KA1DG2,Yes
1056,Aditya Birla Sun Life Focused Equity Fund - Series 5 (U/S 80CCG of IT ACT)-GR.-REGULAR,AMC 3,MF,MF,237G,INF209KA1B55,Yes
1057,Aditya Birla Sun Life Focused Equity Fund - Series 5 (U/S 80CCG of IT ACT)-IDCW-REGULAR,AMC 3,MF,MF,237D,INF209KA1B63,Yes
1058,Aditya Birla Sun Life Focused Equity Fund - Series 6 (U/S 80CCG of IT ACT)-GR.-REGULAR,AMC 3,MF,MF,238G,INF209KA18K0,No
1059,Aditya Birla Sun Life Focused Equity Fund - Series 6 (U/S 80CCG of IT ACT)-IDCW-REGULAR,AMC 3,MF,MF,238D,INF209KA19K8,No
1060,ADITYA BIRLA SUN LIFE FOCUSED EQUITY FUND- SERIES 3-REGULAR PLAN-DIVIDEND PAYOUT,AMC 3,MF,MF,235D,INF209KA1RS7,Yes
1061,ADITYA BIRLA SUN LIFE FOCUSED EQUITY FUND- SERIES 3-REGULAR PLAN-GROWTH,AMC 3,MF,MF,235G,INF209KA1RR9,Yes
1062,ADITYA BIRLA SUN LIFE FOCUSED EQUITY FUND- SERIES 4-REGULAR PLAN-DIVIDEND PAYOUT,AMC 3,MF,MF,236D,INF209KA1UM4,Yes
1063,ADITYA BIRLA SUN LIFE FOCUSED EQUITY FUND- SERIES 4-REGULAR PLAN-GROWTH,AMC 3,MF,MF,236G,INF209KA1UL6,Yes
1064,ADITYA BIRLA SUN LIFE FOCUSED FUND- IDCW PAYOUT,AMC 3,MF,MF,292D,INF209K01454,Yes
1065,ADITYA BIRLA SUN LIFE FOCUSED FUND-GROWTH,AMC 3,MF,MF,292G,INF209K01462,Yes
1066,ADITYA BIRLA SUN LIFE FOCUSED FUND-IDCW REINVESTMENT,AMC 3,MF,MF,292RD,INF209K01CS5,Yes
1067,ADITYA BIRLA SUN LIFE FREEDOM FUND-DIVIDEND REINVESTMENT,AMC 3,MF,MF,281RD,INF209K01CQ9,Yes
1068,ADITYA BIRLA SUN LIFE FREEDOM FUND-DIVIDEND-DIVIDEND PAYOUT,AMC 3,MF,MF,281D,INF209K01413,Yes
1069,ADITYA BIRLA SUN LIFE FREEDOM FUND-GROWTH,AMC 3,MF,MF,281G,INF209K01421,Yes
1070,ADITYA BIRLA SUN LIFE FRONTLINE EQUITY FUND - GROWTH,AMC 3,MF,MF,92,INF209K01BR9,Yes
1071,ADITYA BIRLA SUN LIFE FRONTLINE EQUITY FUND - IDCW REINVESTMENT,AMC 3,MF,MF,91DD,INF209K01EC5,Yes
1072,ADITYA BIRLA SUN LIFE FRONTLINE EQUITY FUND -IDCW PAYOUT,AMC 3,MF,MF,91,INF209K01BO6,Yes
1073,ADITYA BIRLA SUN LIFE FRONTLINE EQUITY FUND -PLAN B- DIVIDEND PAYOUT,AMC 3,MF,MF,91D,INF209K01BP3,Yes
1074,ADITYA BIRLA SUN LIFE FRONTLINE EQUITY FUND -PLAN B- DIVIDEND REINVESTMENT,AMC 3,MF,MF,91BD,INF209K01ED3,Yes
1075,ADITYA BIRLA SUN LIFE FRONTLINE EQUITY FUND -PLAN B- GROWTH,AMC 3,MF,MF,91G,INF209K01BQ1,Yes
1076,Aditya Birla Sun Life Frontline Equity Fund (Trigger Facility) - Growth,AMC 3,MF,MF,93,INF209K01KI9,No
1077,ADITYA BIRLA SUN LIFE GENNEXT FUND- IDCW PAYOUT,AMC 3,MF,MF,291D,INF209K01439,Yes
1078,ADITYA BIRLA SUN LIFE GENNEXT FUND-GROWTH,AMC 3,MF,MF,291G,INF209K01447,Yes
1079,ADITYA BIRLA SUN LIFE GENNEXT FUND-IDCW REINVESTMENT,AMC 3,MF,MF,291RD,INF209K01CR7,Yes
1080,ADITYA BIRLA SUN LIFE GILT PLUS - LIQUID-ANNUAL DIVIDEND REINVESTMENT,AMC 3,MF,MF,401A,INF209K01DM6,Yes
1081,ADITYA BIRLA SUN LIFE GILT PLUS - LIQUID-ANNUAL DIVIDEND-DIVIDEND PAYOUT,AMC 3,MF,MF,401AD,INF209K01991,Yes
1082,ADITYA BIRLA SUN LIFE GILT PLUS - LIQUID-GROWTH,AMC 3,MF,MF,401G,INF209K01AA7,Yes
1083,ADITYA BIRLA SUN LIFE GILT PLUS - LIQUID-QUARTERLY DIVIDEND REINVESTMENT,AMC 3,MF,MF,401Q,INF209K01DN4,Yes
1084,ADITYA BIRLA SUN LIFE GILT PLUS - LIQUID-QUARTERLY DIVIDEND-DIVIDEND PAYOUT,AMC 3,MF,MF,401QD,INF209K01AB5,Yes
1085,ADITYA BIRLA SUN LIFE GILT PLUS-REGULAR-ANNUAL DIVIDEND REINVESTMENT,AMC 3,MF,MF,404A,INF209K01DQ7,Yes
1086,ADITYA BIRLA SUN LIFE GILT PLUS-REGULAR-ANNUAL DIVIDEND-DIVIDEND PAYOUT,AMC 3,MF,MF,404AD,INF209K01AG4,Yes
1087,ADITYA BIRLA SUN LIFE GLOBAL EMERGING OPPORTUNITIES FUND GROWTH,AMC 3,MF,MF,59B,INF084M01AT0,Yes
1088,ADITYA BIRLA SUN LIFE GLOBAL EMERGING OPPORTUNITIES FUND IDCW PAYOUT,AMC 3,MF,MF,59A,INF084M01AU8,Yes
1089,ADITYA BIRLA SUN LIFE GLOBAL EMERGING OPPORTUNITIES FUND IDCW REINVESTMENT,AMC 3,MF,MF,59C,INF084M01AV6,Yes
1090,ADITYA BIRLA SUN LIFE GLOBAL EXCELLENCE EQUITY FUND OF FUND RETAIL PLAN GROWTH,AMC 3,MF,MF,374,INF084M01AZ7,Yes
1091,ADITYA BIRLA SUN LIFE GLOBAL EXCELLENCE EQUITY FUND OF FUND RETAIL PLAN IDCW PAYOUT,AMC 3,MF,MF,373DP,INF084M01BA8,Yes
1092,ADITYA BIRLA SUN LIFE GLOBAL EXCELLENCE EQUITY FUND OF FUND RETAIL PLAN IDCW PAYOUT,AMC 3,MF,MF,373N,INF084M01BB6,Yes
1093,Aditya Birla Sun Life Gold ETF,AMC 3,MF,MF,974,INF209K01HT2,Yes
1094,ADITYA BIRLA SUN LIFE GOLD FUND - GROWTH,AMC 3,MF,MF,916G,INF209K01PF4,Yes
1095,ADITYA BIRLA SUN LIFE GOLD FUND - IDCW REINVESTMENT,AMC 3,MF,MF,916D,INF209K01PG2,Yes
1096,ADITYA BIRLA SUN LIFE GOLD FUND - IDCW REINVESTMENT,AMC 3,MF,MF,916DR,INF209K01PH0,Yes
1097,ADITYA BIRLA SUN LIFE GOVERNMENT SECURITIES FUND-ANNUAL DIVIDEND REINVESTMENT,AMC 3,MF,MF,403A,INF209K01DO2,Yes
1098,ADITYA BIRLA SUN LIFE GOVERNMENT SECURITIES FUND-ANNUAL DIVIDEND-DIVIDEND PAYOUT,AMC 3,MF,MF,403AD,INF209K01AE9,Yes
1099,ADITYA BIRLA SUN LIFE GOVERNMENT SECURITIES FUND-GROWTH,AMC 3,MF,MF,402AG,INF209K01AC3,Yes
1100,ADITYA BIRLA SUN LIFE GOVERNMENT SECURITIES FUND-INSTANT GAIN-GROWTH,AMC 3,MF,MF,402IG,INF209K01AD1,Yes
1101,ADITYA BIRLA SUN LIFE GOVERNMENT SECURITIES FUND-QUARTERLY IDCW PAYOUT,AMC 3,MF,MF,403QD,INF209K01AF6,Yes
1102,ADITYA BIRLA SUN LIFE GOVERNMENT SECURITIES FUND-QUARTERLY IDCW REINVESTMENT,AMC 3,MF,MF,403Q,INF209K01DP9,Yes
1103,ADITYA BIRLA SUN LIFE GOVT. SECURITIES SHORT TERM - GROWTH,AMC 3,MF,MF,76,INF209K01BD9,Yes
1104,ADITYA BIRLA SUN LIFE GOVT. SECURITIES SHORT TERM -DIVIDEND REINVESTMENT,AMC 3,MF,MF,75D,INF209K01DZ8,Yes
1105,ADITYA BIRLA SUN LIFE GSEC SHORT TERM-DIVIDEND-DIVIDEND PAYOUT,AMC 3,MF,MF,75,INF209K01BA5,Yes
1106,Aditya Birla Sun Life Income Fund - Discipline Advantage Plan (formerly known as Aditya Birla Sun Li,AMC 3,MF,MF,301AP,INF209K01LD8,No
1107,ADITYA BIRLA SUN LIFE INCOME FUND - GROWTH-REGULAR PLAN,AMC 3,MF,MF,301G,INF209K01579,Yes
1108,ADITYA BIRLA SUN LIFE INCOME FUND - QUARTERLY IDCW PAYOUT-REGULAR PLAN,AMC 3,MF,MF,301QD,INF209K01587,Yes
1109,ADITYA BIRLA SUN LIFE INCOME FUND - QUARTERLY IDCW REINVESTMENT-REGULAR PLAN,AMC 3,MF,MF,301Q,INF209K01CY3,Yes
1110,ADITYA BIRLA SUN LIFE INCOME FUND-54EA-DIVIDEND REINVESTMENT,AMC 3,MF,MF,33D,INF209K01DI4,Yes
1111,ADITYA BIRLA SUN LIFE INCOME FUND-54EA-DIVIDEND-DIVIDEND PAYOUT,AMC 3,MF,MF,33,INF209K01827,Yes
1112,ADITYA BIRLA SUN LIFE INCOME FUND-54EA-GROWTH,AMC 3,MF,MF,34,INF209K01934,Yes
1113,ADITYA BIRLA SUN LIFE INCOME FUND-HALF YEARLY DIVIDEND REINVESTMENT,AMC 3,MF,MF,31D,INF209K01DC7,Yes
1114,ADITYA BIRLA SUN LIFE INCOME FUND-HALF YEARLY DIVIDEND-DIVIDEND PAYOUT,AMC 3,MF,MF,31,INF209K01686,Yes
1115,ADITYA BIRLA SUN LIFE INCOME FUND-REGULAR PLAN - IDCW PAYOUT,AMC 3,MF,MF,301D,INF209KA1WJ6,Yes
1116,ADITYA BIRLA SUN LIFE INCOME FUND-REGULAR PLAN - IDCW REINVESTMENT,AMC 3,MF,MF,301R,INF209KA1WK4,Yes
1117,Aditya Birla Sun Life India Opportunities Fund - Growth - Regular Plan,AMC 3,MF,MF,211G,INF209K01298,No
1118,Aditya Birla Sun Life India Opportunities Fund - IDCW Reinvest-Regular Plan,AMC 3,MF,MF,211RD,INF209K01CK2,No
1119,Aditya Birla Sun Life India Opportunities Fund - IDCW-Regular Plan,AMC 3,MF,MF,211D,INF209K01280,No
1120,Aditya Birla Sun Life India Reforms Fund - Growth-Regular Plan,AMC 3,MF,MF,935G,INF209K01EK8,No
1121,Aditya Birla Sun Life India Reforms Fund - IDCW Reinvestment-Regular Plan,AMC 3,MF,MF,935DR,INF209K01EM4,No
1122,Aditya Birla Sun Life India Reforms Fund - IDCW-Regular Plan,AMC 3,MF,MF,935D,INF209K01EL6,No
1123,ADITYA BIRLA SUN LIFE INFRASTRUCTURE FUND - GROWTH,AMC 3,MF,MF,293G,INF209K01504,Yes
1124,ADITYA BIRLA SUN LIFE INFRASTRUCTURE FUND - IDCW PAYOUT,AMC 3,MF,MF,293D,INF209K01470,Yes
1125,ADITYA BIRLA SUN LIFE INFRASTRUCTURE FUND - PLAN B - DIVIDEND PAYOUT,AMC 3,MF,MF,293F,INF209K01496,Yes
1126,ADITYA BIRLA SUN LIFE INFRASTRUCTURE FUND - PLAN B - DIVIDEND REINVESTMENT,AMC 3,MF,MF,293FD,INF209K01CU1,Yes
1127,ADITYA BIRLA SUN LIFE INFRASTRUCTURE FUND - PLAN B - GROWTH,AMC 3,MF,MF,293E,INF209K01488,Yes
1128,ADITYA BIRLA SUN LIFE INFRASTRUCTURE FUND -IDCW REINVESTMENT,AMC 3,MF,MF,293RD,INF209K01CT3,Yes
1129,Aditya Birla Sun Life International Equity Fund -Plan-B  - IDCW Reinvest-Regular Plan,AMC 3,MF,MF,298RD,INF209K01CW7,No
1130,Aditya Birla Sun Life International Equity Fund -Plan-B  - IDCW-Regular Plan,AMC 3,MF,MF,298D,INF209K01538,Yes
1131,ADITYA BIRLA SUN LIFE INTERNATIONAL EQUITY PLAN-A- IDCW PAYOUT,AMC 3,MF,MF,297D,INF209K01512,Yes
1132,ADITYA BIRLA SUN LIFE INTERNATIONAL EQUITY PLAN-A-GROWTH,AMC 3,MF,MF,297G,INF209K01520,Yes
1133,ADITYA BIRLA SUN LIFE INTERNATIONAL EQUITY PLAN-A-IDCW REINVESTMENT,AMC 3,MF,MF,297RD,INF209K01CV9,Yes
1134,Aditya Birla Sun Life International Equity-Plan-B-Growth-Regular Plan,AMC 3,MF,MF,298G,INF209K01546,Yes
1135,Aditya Birla Sun Life Interval Income Fund - Annual Plan IV - Gr. - REGULAR,AMC 3,MF,MF,1116B,INF209K01I71,No
1136,Aditya Birla Sun Life Interval Income Fund - Annual Plan IV - IDCW - REGULAR,AMC 3,MF,MF,1116A,INF209K01I89,No
1137,Aditya Birla Sun Life Interval Income Fund - Annual Plan IV - Qtly. IDCW - REGULAR,AMC 3,MF,MF,1116C,INF209K01I97,No
1138,Aditya Birla Sun Life Interval Income Fund - Annual Plan X  - IDCW - REGULAR,AMC 3,MF,MF,1135A,INF209K01X80,No
1139,Aditya Birla Sun Life Interval Income Fund - Annual Plan X - Gr - REGULAR,AMC 3,MF,MF,1135B,INF209K01X72,No
1140,Aditya Birla Sun Life Interval Income Fund - Annual Plan X -Qtly IDCW - REGULAR,AMC 3,MF,MF,1135C,INF209K01X98,No
1141,Aditya Birla Sun Life Interval Income Fund - INSTL - Qrtly - Series 1-IDCW,AMC 3,MF,MF,864D,INF209K01HR6,Yes
1142,Aditya Birla Sun Life Interval Income Fund - INSTL - Quarterly - Series 1-GROWTH,AMC 3,MF,MF,864G,INF209K01HQ8,Yes
1143,Aditya Birla Sun Life Interval Income Fund - Qrtly Plan - Series 1 Growth-Reg Plan,AMC 3,MF,MF,863G,INF209K01HN5,Yes
1144,Aditya Birla Sun Life Interval Income Fund - Quarterly - Series 1-IDCW - Reinvestment,AMC 3,MF,MF,863RD,INF209K01HP0,Yes
1145,Aditya Birla Sun Life Interval Income Fund -Qrtly Plan-Series 1 IDCW-Reg Plan,AMC 3,MF,MF,863D,INF209K01HO3,Yes
1146,ADITYA BIRLA SUN LIFE LIQUID FUND - IDCW PAYOUT - REGULAR PLAN,AMC 3,MF,MF,153D,INF209KA1LI1,Yes
1147,ADITYA BIRLA SUN LIFE LIQUID FUND - INSTL. - DAILY IDCW REINVESTMENT,AMC 3,MF,MF,150DD,INF209K01SN2,Yes
1148,ADITYA BIRLA SUN LIFE LIQUID FUND - INSTL. - WEEKLY IDCW PAYOUT,AMC 3,MF,MF,150WD,INF209K01KY6,Yes
1149,ADITYA BIRLA SUN LIFE LIQUID FUND - RETAIL - DAILY IDCW REINVESTMENT,AMC 3,MF,MF,154DD,INF209K01SO0,Yes
1150,ADITYA BIRLA SUN LIFE LIQUID FUND DAILY IDCW REINVESTMENT,AMC 3,MF,MF,153DD,INF209K01SQ5,Yes
1151,ADITYA BIRLA SUN LIFE LIQUID FUND INSTITUTIONAL GROWTH,AMC 3,MF,MF,150G,INF209K01RT1,Yes
1152,ADITYA BIRLA SUN LIFE LIQUID FUND REGULAR PLAN - GROWTH,AMC 3,MF,MF,153G,INF209K01RU9,Yes
1153,ADITYA BIRLA SUN LIFE LIQUID FUND RETAIL GROWTH,AMC 3,MF,MF,154G,INF209K01ME4,Yes
1154,ADITYA BIRLA SUN LIFE LIQUID FUND WEEKLY IDCW PAYOUT REGULAR,AMC 3,MF,MF,153WD,INF209K01KV2,Yes
1155,ADITYA BIRLA SUN LIFE LIQUID FUND WEEKLY IDCW REINVESTMENT REGULAR,AMC 3,MF,MF,153RD,INF209KA1LJ9,Yes
1156,Aditya Birla Sun Life Long Duration Fund - Regular Growth,AMC 3,MF,MF,110B,INF209KB14J9,Yes
1157,ADITYA BIRLA SUN LIFE LONG DURATION FUND - REGULAR IDCW PAYOUT,AMC 3,MF,MF,110A,INF209KB15J6,Yes
1158,ADITYA BIRLA SUN LIFE LONG DURATION FUND - REGULAR IDCW REINVESTMENT,AMC 3,MF,MF,110C,INF209KB16J4,Yes
1159,ADITYA BIRLA SUN LIFE LONG TERM ADVANTAGE FUND DIVIDEND PAYOUT,AMC 3,MF,MF,294D,INF209K01SE1,Yes
1160,ADITYA BIRLA SUN LIFE LONG TERM ADVANTAGE FUND DIVIDEND REINVESTMENT,AMC 3,MF,MF,294DR,INF209K01SF8,Yes
1161,ADITYA BIRLA SUN LIFE LONG TERM ADVANTAGE FUND GROWTH,AMC 3,MF,MF,294G,INF209K01SD3,Yes
1162,ADITYA BIRLA SUN LIFE LOW DURATION FUND - DAILY IDCW REINVESTMENT-REGULAR PLAN,AMC 3,MF,MF,48N,INF209KA1LP6,Yes
1163,ADITYA BIRLA SUN LIFE LOW DURATION FUND - GROWTH-REGULAR PLAN,AMC 3,MF,MF,43N,INF209K01LQ0,Yes
1164,ADITYA BIRLA SUN LIFE LOW DURATION FUND - INSTITUTIONAL PLAN - GROWTH,AMC 3,MF,MF,46N,INF123BSE105,Yes
1165,ADITYA BIRLA SUN LIFE LOW DURATION FUND - IP - DAILY IDCW REINVESTMENT,AMC 3,MF,MF,47N,INF123BSE106,Yes
1166,ADITYA BIRLA SUN LIFE LOW DURATION FUND - IP - WEEKLY IDCW REINVESTMENT,AMC 3,MF,MF,45N,INF123BSE104,Yes
1167,ADITYA BIRLA SUN LIFE LOW DURATION FUND - WEEKLY IDCW REINVESTMENT-REGULAR PLAN,AMC 3,MF,MF,44NRD,INF209KA1LQ4,Yes
1168,ADITYA BIRLA SUN LIFE LOW DURATION FUND REGULAR PLAN - WEEKLY IDCW PAYOUT,AMC 3,MF,MF,44N,INF123BSE101,Yes
1169,ADITYA BIRLA SUN LIFE MANUFACTURING EQUITY FUND-REGULAR PLAN-GROWTH,AMC 3,MF,MF,250B,INF209KA1YH6,Yes
1170,ADITYA BIRLA SUN LIFE MANUFACTURING EQUITY FUND-REGULAR PLAN-IDCW PAYOUT,AMC 3,MF,MF,250A,INF209KA1YI4,Yes
1171,ADITYA BIRLA SUN LIFE MANUFACTURING EQUITY FUND-REGULAR PLAN-IDCW REINVESTMENT,AMC 3,MF,MF,250C,INF209KA1YJ2,Yes
1172,ADITYA BIRLA SUN LIFE MEDIUM TERM PLAN - GROWTH,AMC 3,MF,MF,303G,INF209K01603,Yes
1173,ADITYA BIRLA SUN LIFE MEDIUM TERM PLAN - HALF YEARLY IDCW PAYOUT,AMC 3,MF,MF,303FD,INF209K01595,Yes
1174,ADITYA BIRLA SUN LIFE MEDIUM TERM PLAN - HALF YEARLY IDCW REINVESTMENT,AMC 3,MF,MF,303F,INF209K01CZ0,Yes
1175,ADITYA BIRLA SUN LIFE MEDIUM TERM PLAN - IDCW PAYOUT,AMC 3,MF,MF,303MD,INF209K01611,Yes
1176,ADITYA BIRLA SUN LIFE MEDIUM TERM PLAN - IDCW REINVESTMENT,AMC 3,MF,MF,303M,INF209K01DA1,Yes
1177,Aditya Birla Sun Life Medium Term Plan - INSTL - Growth,AMC 3,MF,MF,304G,INF209K01660,No
1178,Aditya Birla Sun Life Medium Term Plan -INSTL - IDCW,AMC 3,MF,MF,304MD,INF209K01652,Yes
1179,Aditya Birla Sun Life Medium Term Plan -INSTL- Half Yearly IDCW,AMC 3,MF,MF,304FD,INF209K01645,No
1180,Aditya Birla Sun Life Medium Term Plan -INSTL- Quarterly IDCW,AMC 3,MF,MF,304WD,INF209K01678,Yes
1181,Aditya Birla Sun Life Medium Term Plan Growth Regular Plan (Segregated Portfolio - 1),AMC 3,MF,MF,SMTG,INF209KB1Q23,Yes
1182,ADITYA BIRLA SUN LIFE MEDIUM TERM PLAN-REGULAR PLAN-QUARTERLY IDCW PAYOUT,AMC 3,MF,MF,303WD,INF209K01637,Yes
1183,ADITYA BIRLA SUN LIFE MEDIUM TERM PLAN-REGULAR PLAN-QUARTERLY IDCW REINVESTMENT,AMC 3,MF,MF,303Q,INF209K01DB9,Yes
1184,ADITYA BIRLA SUN LIFE MEDIUM TERM RETAIL-QUARTERLY IDCW PAYOUT,AMC 3,MF,MF,303QD,INF209K01629,Yes
1185,ADITYA BIRLA SUN LIFE MIDCAP FUND - GROWTH,AMC 3,MF,MF,251G,INF209K01363,Yes
1186,ADITYA BIRLA SUN LIFE MIDCAP FUND - IDCW PAYOUT,AMC 3,MF,MF,251D,INF209K01355,Yes
1187,ADITYA BIRLA SUN LIFE MIDCAP FUND - IDCW REINVESTMENT,AMC 3,MF,MF,251RD,INF209K01CN6,Yes
1188,ADITYA BIRLA SUN LIFE MIDCAP FUND -PLAN B- DIVIDEND PAYOUT,AMC 3,MF,MF,251HD,INF209K01371,Yes
1189,ADITYA BIRLA SUN LIFE MIDCAP FUND -PLAN B- DIVIDEND REINVESTMENT,AMC 3,MF,MF,251DD,INF209K01CO4,Yes
1190,ADITYA BIRLA SUN LIFE MIDCAP FUND -PLAN B- GROWTH,AMC 3,MF,MF,251HG,INF209K01389,Yes
1191,Aditya Birla Sun Life MIP - Growth-Regular Plan,AMC 3,MF,MF,311G,INF209K01694,No
1192,Aditya Birla Sun Life MIP - Monthly IDCW Reinvest-Regular Plan,AMC 3,MF,MF,311M,INF209K01DD5,No
1193,Aditya Birla Sun Life MIP - Monthly IDCW-Regular Plan,AMC 3,MF,MF,311MD,INF209K01702,No
1194,Aditya Birla Sun Life MIP - Monthly Payment-Regular Plan,AMC 3,MF,MF,311MP,INF209K01710,Yes
1195,Aditya Birla Sun Life MIP II - Saving 5 Plan - Growth - Regular Plan,AMC 3,MF,MF,312G,INF209K01728,No
1196,Aditya Birla Sun Life MIP II - Savings 5 Plan - Monthly IDCW Reinvest-Regular Plan,AMC 3,MF,MF,312M,INF209K01DE3,No
1197,Aditya Birla Sun Life MIP II - Savings 5 Plan - Monthly IDCW-Regular Plan,AMC 3,MF,MF,312MD,INF209K01736,No
1198,Aditya Birla Sun Life MIP II - Savings 5 Plan - Monthly Payment-Regular Plan,AMC 3,MF,MF,312MP,INF209K01744,Yes
1199,ADITYA BIRLA SUN LIFE MNC FUND- IDCW PAYOUT,AMC 3,MF,MF,221D,INF209K01314,Yes
1200,ADITYA BIRLA SUN LIFE MNC FUND-GROWTH,AMC 3,MF,MF,221G,INF209K01322,Yes
1201,ADITYA BIRLA SUN LIFE MNC FUND-IDCW REINVESTMENT,AMC 3,MF,MF,221RD,INF209K01CL0,Yes
1202,ADITYA BIRLA SUN LIFE MONEY MANAGER FUND - DAILY IDCW REINVESTMENT,AMC 3,MF,MF,151ID,INF209K01SZ6,Yes
1203,ADITYA BIRLA SUN LIFE MONEY MANAGER FUND - GROWTH-REGULAR PLAN,AMC 3,MF,MF,151IG,INF209K01RV7,Yes
1204,ADITYA BIRLA SUN LIFE MONEY MANAGER FUND - RETAIL - GROWTH,AMC 3,MF,MF,151G,INF209K01MJ3,Yes
1205,ADITYA BIRLA SUN LIFE MONEY MANAGER FUND - RETAIL WEEKLY IDCW PAYOUT,AMC 3,MF,MF,151WD,INF209K01JY8,Yes
1206,ADITYA BIRLA SUN LIFE MONEY MANAGER FUND - WEEKLY IDCW PAYOUT,AMC 3,MF,MF,151IW,INF209K01KA6,Yes
1207,ADITYA BIRLA SUN LIFE MONEY MANAGER FUND - WEEKLY IDCW REINVESTMENT,AMC 3,MF,MF,151RD,INF209K01SY9,Yes
1208,Aditya Birla Sun Life Monthly Income - Growth-Regular Plan,AMC 3,MF,MF,63,INF209K01AZ4,No
1209,Aditya Birla Sun Life Monthly Income - Monthly IDCW Reinvest-Regular Plan,AMC 3,MF,MF,61D,INF209K01DX3,No
1210,Aditya Birla Sun Life Monthly Income - Quarterly IDCW Reinvest-Regular Plan,AMC 3,MF,MF,62D,INF209K01DY1,No
1211,ADITYA BIRLA SUN LIFE MULTI ASSET ALLOCATION FUND- REGULAR PLAN GROWTH,AMC 3,MF,MF,117B,INF209KB12R6,Yes
1212,ADITYA BIRLA SUN LIFE MULTI ASSET ALLOCATION FUND- REGULAR PLAN IDCW PAYOUT,AMC 3,MF,MF,117A,INF209KB13R4,Yes
1213,ADITYA BIRLA SUN LIFE MULTI ASSET ALLOCATION FUND- REGULAR PLAN IDCW REINVESTMENT,AMC 3,MF,MF,117C,INF209KB14R2,Yes
1214,ADITYA BIRLA SUN LIFE MULTI- INDEX FUND OF FUNDS-Regular Growth,AMC 3,MF,MF,112B,INF209KB12M7,Yes
1215,ADITYA BIRLA SUN LIFE MULTI- INDEX FUND OF FUNDS-REGULAR IDCW PAYOUT,AMC 3,MF,MF,112A,INF209KB13M5,Yes
1216,ADITYA BIRLA SUN LIFE MULTI- INDEX FUND OF FUNDS-REGULAR IDCW REINVESTMENT,AMC 3,MF,MF,112C,INF209KB14M3,Yes
1217,ADITYA BIRLA SUN LIFE MULTI-CAP FUND-NORMAL PLAN-GROWTH,AMC 3,MF,MF,71B,INF209KB1Y23,Yes
1218,ADITYA BIRLA SUN LIFE MULTI-CAP FUND-NORMAL PLAN-IDCW PAYOUT,AMC 3,MF,MF,71A,INF209KB1Y31,Yes
1219,ADITYA BIRLA SUN LIFE MUTUAL FUND FTP SR JZ(368D) REGULAR GROWTH,AMC 3,MF,MF,1207B,INF209KA1995,Yes
1220,ADITYA BIRLA SUN LIFE MUTUAL FUND FTP SR JZ(368D) REGULAR NORM DIVIDEND PAYOUT,AMC 3,MF,MF,1207A,INF209KA1AA1,Yes
1221,ADITYA BIRLA SUN LIFE MUTUAL FUND FTP SR JZ(368D) REGULAR QTRLY DIVIDEND PAYOUT,AMC 3,MF,MF,1207C,INF209KA1AB9,Yes
1222,ADITYA BIRLA SUN LIFE MUTUAL FUND FTP SR KA(415D) REGULAR GROWTH,AMC 3,MF,MF,1208B,INF209KA1AF0,Yes
1223,ADITYA BIRLA SUN LIFE MUTUAL FUND FTP SR KA(415D) REGULAR NORM DIVIDEND PAYOUT,AMC 3,MF,MF,1208A,INF209KA1AG8,Yes
1224,ADITYA BIRLA SUN LIFE MUTUAL FUND FTP SR KA(415D) REGULAR QTRLY DIVIDEND PAYOUT,AMC 3,MF,MF,1208C,INF209KA1AH6,Yes
1225,ADITYA BIRLA SUN LIFE NASDAQ 100 FOF-REGULAR -GROWTH,AMC 3,MF,MF,88B,INF209KB15C1,Yes
1226,ADITYA BIRLA SUN LIFE NASDAQ 100 FOF-REGULAR -IDCW PAYOUT,AMC 3,MF,MF,88A,INF209KB16C9,Yes
1227,ADITYA BIRLA SUN LIFE NASDAQ 100 FOF-REGULAR -IDCW REINVESTMENT,AMC 3,MF,MF,88C,INF209KB17C7,Yes
1228,ADITYA BIRLA SUN LIFE NIFTY 200 MOMENTUM 30 ETF,AMC 3,MF,MF,97,INF209KB14K7,No
1229,ADITYA BIRLA SUN LIFE NIFTY 200 QUALITY 30 ETF,AMC 3,MF,MF,98,INF209KB15K4,No
1230,ADITYA BIRLA SUN LIFE NIFTY 50 EQUAL WEIGHT INDEX FUND -NORMAL PLAN-GROWTH,AMC 3,MF,MF,79B,INF209KB1Z48,Yes
1231,ADITYA BIRLA SUN LIFE NIFTY 50 EQUAL WEIGHT INDEX FUND-NORMAL PLAN-IDCW PAYOUT,AMC 3,MF,MF,79A,INF209KB1Z55,Yes
1232,ADITYA BIRLA SUN LIFE NIFTY 50 EQUAL WEIGHT INDEX FUND-NORMAL PLAN-IDCW REINVESTMENT,AMC 3,MF,MF,79C,INF209KB1Z63,Yes
1233,ADITYA BIRLA SUN LIFE NIFTY 50 INDEX FUND - GROWTH,AMC 3,MF,MF,241G,INF209K01LB2,Yes
1234,ADITYA BIRLA SUN LIFE NIFTY 50 INDEX FUND - IDCW PAYOUT,AMC 3,MF,MF,241D,INF209K01LA4,Yes
1235,ADITYA BIRLA SUN LIFE NIFTY 50 INDEX FUND - IDCW REINVESTMENT,AMC 3,MF,MF,241RD,INF209K01LC0,Yes
1236,Aditya Birla Sun Life Nifty ETF,AMC 3,MF,MF,985G,INF209K01IR4,Yes
1237,ADITYA BIRLA SUN LIFE NIFTY FINANCIAL SERVICES ETF,AMC 3,MF,MF,96,INF209KB15I8,No
1238,ADITYA BIRLA SUN LIFE NIFTY G-SEC JUN 2027 ETF,AMC 3,MF,MF,107GS,INF209KB16H8,No
1239,ADITYA BIRLA SUN LIFE NIFTY INDIA DEFENCE INDEX FUND - REGULAR PLAN - GROWTH,AMC 3,MF,MF,129B,INF209KC1159,Yes
1240,ADITYA BIRLA SUN LIFE NIFTY INDIA DEFENCE INDEX FUND - REGULAR PLAY - IDCW PAYOUT,AMC 3,MF,MF,129A,INF209KC1167,Yes
1241,ADITYA BIRLA SUN LIFE NIFTY IT ETF,AMC 3,MF,MF,89,INF209KB11D8,No
1242,ADITYA BIRLA SUN LIFE NIFTY MIDCAP 150 INDEX FUND-NORMAL PLAN-GROWTH,AMC 3,MF,MF,70BB,INF209KB1W41,Yes
1243,ADITYA BIRLA SUN LIFE NIFTY MIDCAP 150 INDEX FUND-NORMAL PLAN-IDCW PAYOUT,AMC 3,MF,MF,70A,INF209KB1W58,Yes
1244,ADITYA BIRLA SUN LIFE NIFTY MIDCAP 150 INDEX FUND-NORMAL PLAN-IDCW REINVESTEMENT,AMC 3,MF,MF,70C,INF209KB1W66,Yes
1245,ADITYA BIRLA SUN LIFE NIFTY NEXT 50 ETF,AMC 3,MF,MF,50,INF209KB1B87,No
1246,ADITYA BIRLA SUN LIFE NIFTY NEXT 50 INDEX FUND - REGULAR GROWTH,AMC 3,MF,MF,101B,INF209KB12G9,Yes
1247,ADITYA BIRLA SUN LIFE NIFTY NEXT 50 INDEX FUND - REGULAR IDCW PAYOUT,AMC 3,MF,MF,101A,INF209KB13G7,Yes
1248,Aditya Birla Sun Life Nifty SDL Apr 2027 Index Fund Regular Growth,AMC 3,MF,MF,95B,INF209KB19E9,Yes
1249,ADITYA BIRLA SUN LIFE NIFTY SDL APR 2027 INDEX FUND REGULAR IDCW PAYOUT,AMC 3,MF,MF,95A,INF209KB10F5,Yes
1250,ADITYA BIRLA SUN LIFE NIFTY SDL PLUS PSU BOND SEP 2026 60:40 INDEX FUND-REGULAR PLAN-GROWTH,AMC 3,MF,MF,80B,INF209KB16B1,Yes
1251,ADITYA BIRLA SUN LIFE NIFTY SDL PLUS PSU BOND SEP 2026 60:40 INDEX FUND-REGULAR PLAN-IDCW PAYOUT,AMC 3,MF,MF,80A,INF209KB17B9,Yes
1252,ADITYA BIRLA SUN LIFE NIFTY SDL SEP 2025 INDEX FUND - REGULAR PLAN-GROWTH,AMC 3,MF,MF,111B,INF209KB18L6,Yes
1253,ADITYA BIRLA SUN LIFE NIFTY SDL SEP 2025 INDEX FUND - REGULAR PLAN-IDCW PAYOUT,AMC 3,MF,MF,111A,INF209KB19L4,Yes
1254,ADITYA BIRLA SUN LIFE NIFTY SDL SEP 2027 INDEX FUND- REGULAR PLAN GROWTH,AMC 3,MF,MF,120B,INF209KB14T8,Yes
1255,ADITYA BIRLA SUN LIFE NIFTY SDL SEP 2027 INDEX FUND- REGULAR PLAN IDCW PAYOUT,AMC 3,MF,MF,120A,INF209KB15T5,Yes
1256,ADITYA BIRLA SUN LIFE NIFTY SMALLCAP 50 INDEX FUND-NORMAL PLAN-GROWTH,AMC 3,MF,MF,69B,INF209KB1V83,Yes
1257,ADITYA BIRLA SUN LIFE NIFTY SMALLCAP 50 INDEX FUND-NORMAL PLAN-IDCW PAYOUT,AMC 3,MF,MF,69A,INF209KB1V91,Yes
1258,ADITYA BIRLA SUN LIFE NIFTY SMALLCAP 50 INDEX FUND-NORMAL PLAN-IDCW REINVESTEMENT,AMC 3,MF,MF,69C,INF209KB1W09,Yes
1259,ADITYA BIRLA SUN LIFE OVERNIGHT FUND - REGULAR PLAN - DAILY IDCW REINVESTMENT,AMC 3,MF,MF,157DD,INF209KB1ZD1,Yes
1260,ADITYA BIRLA SUN LIFE OVERNIGHT FUND - REGULAR PLAN - GROWTH,AMC 3,MF,MF,157G,INF209KB1ZC3,Yes
1261,ADITYA BIRLA SUN LIFE OVERNIGHT FUND - REGULAR PLAN - MONTHLY IDCW PAYOUT,AMC 3,MF,MF,157MD,INF209KB1ZG4,Yes
1262,ADITYA BIRLA SUN LIFE OVERNIGHT FUND - REGULAR PLAN - MONTHLY IDCW REINVESTMENT,AMC 3,MF,MF,157ME,INF209KB1ZF6,Yes
1263,ADITYA BIRLA SUN LIFE OVERNIGHT FUND - REGULAR PLAN - WEEKLY IDCW REINVESTMENT,AMC 3,MF,MF,157WD,INF209KB1ZE9,Yes
1264,ADITYA BIRLA SUN LIFE PSU EQUITY FUND NORMAL-GROWTH,AMC 3,MF,MF,66B,INF209KB1O66,Yes
1265,ADITYA BIRLA SUN LIFE PSU EQUITY FUND NORMAL-IDCW PAYOUT,AMC 3,MF,MF,66A,INF209KB1O74,Yes
1266,ADITYA BIRLA SUN LIFE PURE VALUE FUND - GROWTH,AMC 3,MF,MF,296G,INF209K01LF3,Yes
1267,ADITYA BIRLA SUN LIFE PURE VALUE FUND - IDCW REINVESTMENT,AMC 3,MF,MF,296D,INF209K01LE6,Yes
1268,ADITYA BIRLA SUN LIFE PURE VALUE FUND - IDCW REINVESTMENT,AMC 3,MF,MF,296RD,INF209K01LG1,Yes
1269,Aditya Birla Sun Life Qtly Interval - Series 4 - Growth-Regular Plan,AMC 3,MF,MF,889G,INF209K01HK1,No
1270,Aditya Birla Sun Life Qtly Interval - Series 4 - IDCW-Regular Plan,AMC 3,MF,MF,889D,INF209K01HL9,No
1271,ADITYA BIRLA SUN LIFE RAJIV GANDHI EQUITY SAVINGS SCHEME-SERIES 1-(U/S 80CCG OF IT ACT)-DIV-REGULAR-DIVIDEND PAYOUT,AMC 3,MF,MF,232D,INF209K01F17,Yes
1272,ADITYA BIRLA SUN LIFE RAJIV GANDHI EQUITY SAVINGS SCHEME-SERIES 1-(U/S 80CCG OF IT ACT)-GROWTH-REGULAR,AMC 3,MF,MF,232G,INF209K01F09,Yes
1273,ADITYA BIRLA SUN LIFE REGULAR SAVINGS FUND-GROWTH,AMC 3,MF,MF,313G,INF209K01751,Yes
1274,ADITYA BIRLA SUN LIFE REGULAR SAVINGS FUND-MONTHLY IDCW PAYOUT,AMC 3,MF,MF,313MD,INF209K01769,Yes
1275,ADITYA BIRLA SUN LIFE REGULAR SAVINGS FUND-MONTHLY IDCW REINVESTMENT,AMC 3,MF,MF,313M,INF209K01DF0,Yes
1276,ADITYA BIRLA SUN LIFE REGULAR SAVINGS FUND-MONTHLY PAYMENT,AMC 3,MF,MF,313MP,INF209K01777,Yes
1277,Aditya Birla Sun Life Resurgent India Fund SerieS 3 - Growth. REGULAR ( MATURITY DATE 09-SEP-2020),AMC 3,MF,MF,1329B,INF209KB1DL1,Yes
1278,Aditya Birla Sun Life Resurgent India Fund SerieS 3 - IDCW. REGULAR ( MATURITY DATE 09-SEP-2020),AMC 3,MF,MF,1329A,INF209KB1DM9,Yes
1279,Aditya Birla Sun Life Resurgent India Fund Series 4 - Growth REGULAR,AMC 3,MF,MF,1341B,INF209KB1HR9,Yes
1280,Aditya Birla Sun Life Resurgent India Fund Series 4 - IDCW REGULAR,AMC 3,MF,MF,1341A,INF209KB1HS7,Yes
1281,Aditya Birla Sun Life Resurgent India Fund Series 5 - Regular Growth,AMC 3,MF,MF,1345B,INF209KB1IZ0,Yes
1282,Aditya Birla Sun Life Resurgent India Fund Series 5 - Regular IDCW,AMC 3,MF,MF,1345A,INF209KB1JA1,Yes
1283,Aditya Birla Sun Life Resurgent India Fund Series 6 - Growth. REGULAR,AMC 3,MF,MF,1356B,INF209KB1LL4,Yes
1284,Aditya Birla Sun Life Resurgent India Fund Series 6 - IDCW. REGULAR,AMC 3,MF,MF,1356A,INF209KB1LM2,Yes
1285,Aditya Birla Sun Life Resurgent India Fund Series 7 - Growth. REGULAR,AMC 3,MF,MF,1367B,INF209KB1NP1,Yes
1286,Aditya Birla Sun Life Resurgent India Fund Series 7 - IDCW. REGULAR,AMC 3,MF,MF,1367A,INF209KB1NQ9,Yes
1287,Aditya Birla Sun Life Resurgent India Fund Series1 - Growth. REGULAR,AMC 3,MF,MF,1319B,INF209KB1499,Yes
1288,Aditya Birla Sun Life Resurgent India Fund Series1 - IDCW Sweep REGULAR,AMC 3,MF,MF,1319C,INF209KB1192,No
1289,Aditya Birla Sun Life Resurgent India Fund Series1 - IDCW. REGULAR,AMC 3,MF,MF,1319A,INF209KB1507,Yes
1290,Aditya Birla Sun Life Resurgent India Fund SerieS2 - Growth. REGULAR,AMC 3,MF,MF,1324B,INF209KB1952,Yes
1291,Aditya Birla Sun Life Resurgent India Fund SerieS2 - IDCW. REGULAR,AMC 3,MF,MF,1324A,INF209KB1960,Yes
1292,ADITYA BIRLA SUN LIFE RETIREMENT FUND - THE 30S PLAN REGULAR GROWTH,AMC 3,MF,MF,55B,INF209KB1H99,Yes
1293,ADITYA BIRLA SUN LIFE RETIREMENT FUND - THE 30S PLAN REGULAR IDCW PAYOUT,AMC 3,MF,MF,55A,INF209KB1I07,Yes
1294,ADITYA BIRLA SUN LIFE RETIREMENT FUND - THE 30S PLAN REGULAR IDCW REINVESTMENT,AMC 3,MF,MF,55C,INF209KB1I15,Yes
1295,ADITYA BIRLA SUN LIFE RETIREMENT FUND - THE 40S PLAN REGULAR GROWTH,AMC 3,MF,MF,56B,INF209KB1I56,Yes
1296,ADITYA BIRLA SUN LIFE RETIREMENT FUND - THE 40S PLAN REGULAR IDCW PAYOUT,AMC 3,MF,MF,56A,INF209KB1I64,Yes
1297,ADITYA BIRLA SUN LIFE RETIREMENT FUND - THE 40S PLAN REGULAR IDCW REINVESTMENT,AMC 3,MF,MF,56C,INF209KB1I72,Yes
1298,ADITYA BIRLA SUN LIFE RETIREMENT FUND - THE 50S PLAN REGULAR GROWTH,AMC 3,MF,MF,57B,INF209KB1J14,Yes
1299,ADITYA BIRLA SUN LIFE RETIREMENT FUND - THE 50S PLAN REGULAR IDCW PAYOUT,AMC 3,MF,MF,57A,INF209KB1J22,Yes
1300,ADITYA BIRLA SUN LIFE RETIREMENT FUND - THE 50S PLAN REGULAR IDCW REINVESTMENT,AMC 3,MF,MF,57C,INF209KB1J30,Yes
1301,ADITYA BIRLA SUN LIFE RETIREMENT FUND - THE 50S PLUS - DEBT PLAN REGULAR GROWTH,AMC 3,MF,MF,58B,INF209KB1J71,Yes
1302,ADITYA BIRLA SUN LIFE RETIREMENT FUND - THE 50S PLUS - DEBT PLAN REGULAR IDCW PAYOUT,AMC 3,MF,MF,58A,INF209KB1J89,Yes
1303,ADITYA BIRLA SUN LIFE RETIREMENT FUND - THE 50S PLUS - DEBT PLAN REGULAR IDCW REINVESTMENT,AMC 3,MF,MF,58C,INF209KB1J97,Yes
1304,Aditya Birla Sun Life Savings Fund - Discipline Advantage Plan,AMC 3,MF,MF,131AP,INF209K01JT8,No
1305,ADITYA BIRLA SUN LIFE SAVINGS FUND - GROWTH,AMC 3,MF,MF,132G,INF209K01LZ1,Yes
1306,ADITYA BIRLA SUN LIFE SAVINGS FUND - RETAIL - DAILY IDCW - REGULAR - REINVESTMENT,AMC 3,MF,MF,131DD,INF209K01MB0,Yes
1307,ADITYA BIRLA SUN LIFE SAVINGS FUND - RETAIL - WEEKLY IDCW - REGULAR- PAYOUT,AMC 3,MF,MF,131WD,INF209K01MD6,Yes
1308,ADITYA BIRLA SUN LIFE SAVINGS FUND - WEEKLY IDCW - REGULAR - PAYOUT,AMC 3,MF,MF,132WD,INF209K01MA2,Yes
1309,ADITYA BIRLA SUN LIFE SAVINGS FUND DAILY IDCW REINVESTMENT REGULAR PLAN,AMC 3,MF,MF,132DD,INF209K01LY4,Yes
1310,ADITYA BIRLA SUN LIFE SAVINGS FUND-GROWTH,AMC 3,MF,MF,131G,INF209K01MC8,Yes
1311,ADITYA BIRLA SUN LIFE SAVINGS FUND-MONTHLY DIVIDEND REINVESTMENT,AMC 3,MF,MF,331M,INF209K01DJ2,Yes
1312,ADITYA BIRLA SUN LIFE SAVINGS FUND-MONTHLY DIVIDEND-DIVIDEND PAYOUT,AMC 3,MF,MF,331MD,INF209K01868,Yes
1313,Aditya Birla Sun Life SENSEX ETF,AMC 3,MF,MF,1314G,INF209KB1119,Yes
1314,ADITYA BIRLA SUN LIFE SHORT TERM FMP SERIES - 16 DIVIDEND PAYOUT,AMC 3,MF,MF,982D,INF209K01IM5,Yes
1315,ADITYA BIRLA SUN LIFE SHORT TERM FMP SERIES - 16 GROWTH,AMC 3,MF,MF,982G,INF209K01IL7,Yes
1316,ADITYA BIRLA SUN LIFE SHORT TERM FMP SERIES - 17 DIVIDEND PAYOUT,AMC 3,MF,MF,983D,INF209K01IO1,Yes
1317,ADITYA BIRLA SUN LIFE SHORT TERM FMP SERIES - 17 GROWTH,AMC 3,MF,MF,983G,INF209K01IN3,Yes
1318,ADITYA BIRLA SUN LIFE SHORT TERM FMP SERIES - 18 DIVIDEND PAYOUT,AMC 3,MF,MF,984D,INF209K01IQ6,Yes
1319,ADITYA BIRLA SUN LIFE SHORT TERM FMP SERIES - 18 GROWTH,AMC 3,MF,MF,984G,INF209K01IP8,Yes
1320,ADITYA BIRLA SUN LIFE SHORT TERM FMP SERIES - 19 DIVIDEND PAYOUT,AMC 3,MF,MF,991D,INF209K01JC4,Yes
1321,ADITYA BIRLA SUN LIFE SHORT TERM FMP SERIES - 19 GROWTH,AMC 3,MF,MF,991G,INF209K01JB6,Yes
1322,ADITYA BIRLA SUN LIFE SHORT TERM FMP SERIES - 20 DIVIDEND PAYOUT,AMC 3,MF,MF,998D,INF209K01JO9,Yes
1323,ADITYA BIRLA SUN LIFE SHORT TERM FMP SERIES - 20 GROWTH,AMC 3,MF,MF,998G,INF209K01JN1,Yes
1324,ADITYA BIRLA SUN LIFE SHORT TERM FMP SERIES -23 GROWTH,AMC 3,MF,MF,1007G,INF209K01MR6,Yes
1325,ADITYA BIRLA SUN LIFE SHORT TERM FMP SERIES -26 GROWTH,AMC 3,MF,MF,1015G,INF209K01NG7,Yes
1326,ADITYA BIRLA SUN LIFE SHORT TERM FMP SERIES -27 GROWTH,AMC 3,MF,MF,1018G,INF209K01NM5,Yes
1327,ADITYA BIRLA SUN LIFE SHORT TERM FMP SERIES -28 GROWTH,AMC 3,MF,MF,1019G,INF209K01NO1,Yes
1328,ADITYA BIRLA SUN LIFE SHORT TERM FMP SERIES -4 DIVIDEND PAYOUT,AMC 3,MF,MF,947D,INF209K01FO7,Yes
1329,ADITYA BIRLA SUN LIFE SHORT TERM FMP SERIES -4 GROWTH,AMC 3,MF,MF,947G,INF209K01FN9,Yes
1330,Aditya Birla Sun Life Short Term FMP Series 33 Growth,AMC 3,MF,MF,1063G,INF209K01RB9,No
1331,Aditya Birla Sun Life Short Term FMP Series 33 IDCW,AMC 3,MF,MF,1063D,INF209K01RC7,No
1332,Aditya Birla Sun Life Short Term FMP Series 34 Growth,AMC 3,MF,MF,1064G,INF209K01RD5,No
1333,Aditya Birla Sun Life Short Term FMP Series 34 IDCW,AMC 3,MF,MF,1064D,INF209K01RE3,No
1334,Aditya Birla Sun Life Short Term FMP Series 35 Growth,AMC 3,MF,MF,1065G,INF209K01RH6,Yes
1335,Aditya Birla Sun Life Short Term FMP Series 35 IDCW,AMC 3,MF,MF,1065D,INF209K01RI4,No
1336,Aditya Birla Sun Life Short Term FMP Series 37 Growth,AMC 3,MF,MF,1067G,INF209K01RL8,Yes
1337,Aditya Birla Sun Life Short Term FMP Series 37 IDCW,AMC 3,MF,MF,1067D,INF209K01RM6,No
1338,Aditya Birla Sun Life Short Term FMP Series 38 Growth,AMC 3,MF,MF,1068G,INF209K01RN4,No
1339,Aditya Birla Sun Life Short Term FMP Series 38 IDCW,AMC 3,MF,MF,1068D,INF209K01RO2,Yes
1340,ADITYA BIRLA SUN LIFE SHORT TERM FUND - GROWTH,AMC 3,MF,MF,341G,INF209K01942,Yes
1341,ADITYA BIRLA SUN LIFE SHORT TERM FUND - IDCW PAYOUT,AMC 3,MF,MF,341QD,INF209K01975,Yes
1342,ADITYA BIRLA SUN LIFE SHORT TERM FUND - IDCW REINVESTMENT,AMC 3,MF,MF,341Q,INF209K01DK0,Yes
1343,ADITYA BIRLA SUN LIFE SHORT TERM FUND QUARTERLY IDCW PAYOUT REGULAR PLAN,AMC 3,MF,MF,341WD,INF209K01BU3,Yes
1344,Aditya Birla Sun Life Short Term Fund-Institutional Growth,AMC 3,MF,MF,341IG,INF209K01967,No
1345,Aditya Birla Sun Life Short Term Fund-Institutional IDCW,AMC 3,MF,MF,341ID,INF209K01959,No
1346,Aditya Birla Sun Life Short Term Fund-INSTL-Quarterly IDCW,AMC 3,MF,MF,341IW,INF209K01BV1,Yes
1347,ADITYA BIRLA SUN LIFE SHORTTERM FMP SERIES -23 DIVIDEND PAYOUT,AMC 3,MF,MF,1007D,INF209K01MS4,Yes
1348,ADITYA BIRLA SUN LIFE SHORTTERM FMP SERIES -26 DIVIDEND PAYOUT,AMC 3,MF,MF,1015D,INF209K01NH5,Yes
1349,ADITYA BIRLA SUN LIFE SHORTTERM FMP SERIES -27 DIVIDEND PAYOUT,AMC 3,MF,MF,1018D,INF209K01NN3,Yes
1350,ADITYA BIRLA SUN LIFE SHORTTERM FMP SERIES -28 DIVIDEND PAYOUT,AMC 3,MF,MF,1019D,INF209K01NP8,Yes
1351,ADITYA BIRLA SUN LIFE SILVER ETF,AMC 3,MF,MF,94,INF209KB19F6,No
1352,ADITYA BIRLA SUN LIFE SILVER ETF FOF-REGULAR PLAN-GROWTH,AMC 3,MF,MF,100B,INF209KB13F9,Yes
1353,ADITYA BIRLA SUN LIFE SILVER ETF FOF-REGULAR PLAN-IDCW PAYOUT,AMC 3,MF,MF,100A,INF209KB14F7,Yes
1354,ADITYA BIRLA SUN LIFE SILVER ETF FOF-REGULAR PLAN-IDCW REINVESTMENT,AMC 3,MF,MF,100C,INF209KB15F4,Yes
1355,ADITYA BIRLA SUN LIFE SMALL CAP FUND GROWTH,AMC 3,MF,MF,295G,INF209K01EN2,Yes
1356,ADITYA BIRLA SUN LIFE SMALL CAP FUND IDCW REINVESTMENT,AMC 3,MF,MF,295D,INF209K01EO0,Yes
1357,ADITYA BIRLA SUN LIFE SMALL CAP FUND IDCW REINVESTMENT,AMC 3,MF,MF,295DR,INF209K01EP7,Yes
1358,ADITYA BIRLA SUN LIFE SPECIAL OPPORTUNITIES FUND-NORMAL PLAN-GROWTH,AMC 3,MF,MF,67B,INF209KB1T46,Yes
1359,ADITYA BIRLA SUN LIFE SPECIAL OPPORTUNITIES FUND-NORMAL PLAN-IDCW PAYOUT,AMC 3,MF,MF,67A,INF209KB1T53,Yes
1360,ADITYA BIRLA SUN LIFE SPECIAL OPPORTUNITIES FUND-NORMAL PLAN-IDCW REINVESTMENT,AMC 3,MF,MF,67C,INF209KB1T61,Yes
1361,Aditya Birla Sun Life Special Situations Fund - Growth-Regular Plan,AMC 3,MF,MF,299G,INF209K01561,No
1362,Aditya Birla Sun Life Special Situations Fund - IDCW Reinvest-Regular Plan,AMC 3,MF,MF,299RD,INF209K01CX5,No
1363,Aditya Birla Sun Life Special Situations Fund - IDCW-Regular Plan,AMC 3,MF,MF,299D,INF209K01553,No
1364,ADITYA BIRLA SUN LIFE TAX PLAN- IDCW PAYOUT,AMC 3,MF,MF,231D,INF209K01330,No
1365,ADITYA BIRLA SUN LIFE TAX PLAN-GROWTH,AMC 3,MF,MF,231G,INF209K01348,Yes
1366,ADITYA BIRLA SUN LIFE TAX PLAN-IDCW REINVESTMENT,AMC 3,MF,MF,231RD,INF209K01CM8,No
1367,ADITYA BIRLA SUN LIFE TAX RELIEF 96 FUND (ELSS U/S 80C OF IT ACT) - REGULAR PLAN -GROWTH,AMC 3,MF,MF,02G,INF209K01108,Yes
1368,ADITYA BIRLA SUN LIFE TAX RELIEF 96 FUND (ELSS U/S 80C OF IT ACT) - REGULAR PLAN -IDCW REINVESTMENT,AMC 3,MF,MF,02D,INF209K01CB1,Yes
1369,Aditya Birla Sun Life Tax Relief'96 Fund- (ELSS U/S 80C of IT ACT) - Growth LSP,AMC 3,MF,MF,02GK,INF209K01KL3,No
1370,Aditya Birla Sun Life Tax Savings Fund - Bonus,AMC 3,MF,MF,182,INF084M01333,Yes
1371,Aditya Birla Sun Life Tax Savings Fund - Growth,AMC 3,MF,MF,181,INF084M01309,No
1372,Aditya Birla Sun Life Tax Savings Fund-IDCW,AMC 3,MF,MF,183,INF084M01325,No
1373,Aditya Birla Sun Life Tax Savings Fund-IDCW Payout,AMC 3,MF,MF,183DP,INF084M01317,No
1374,ADITYA BIRLA SUN LIFE TRANSPORTATION AND LOGISTICS FUND- REGULAR PLAN-GROWTH,AMC 3,MF,MF,125B,INF209KB17X3,Yes
1375,ADITYA BIRLA SUN LIFE TRANSPORTATION AND LOGISTICS FUND- REGULAR PLAN-IDCW PAYOUT,AMC 3,MF,MF,125A,INF209KB18X1,Yes
1376,Aditya Birla Sun Life Ultra Short Term Fund - Retail Monthly IDCW Reinvest,AMC 3,MF,MF,83D,INF209K01EB7,Yes
1377,ADITYA BIRLA SUN LIFE ULTRA SHORT TERM-GROWTH,AMC 3,MF,MF,84N,INF209K01LT4,Yes
1378,ADITYA BIRLA SUN LIFE US TREASURY 1-3 YEAR BOND ETFS FUND OF FUNDS-REGULAR PLAN-GROWTH,AMC 3,MF,MF,123B,INF209KB13W4,Yes
1379,ADITYA BIRLA SUN LIFE US TREASURY 1-3 YEAR BOND ETFS FUND OF FUNDS-REGULAR PLAN-IDCW REINVESTMENT,AMC 3,MF,MF,123A,INF209KB14W2,Yes
1380,ADITYA BIRLA SUN LIFE US TREASURY 1-3 YEAR BOND ETFS FUND OF FUNDS-REGULAR PLAN-IDCW REINVESTMENT,AMC 3,MF,MF,123C,INF209KB15W9,Yes
1381,ADITYA BIRLA SUN LIFE US TREASURY 3-10 YEAR BOND ETFS FUND OF FUNDS-REGULAR PLAN-GROWTH,AMC 3,MF,MF,124B,INF209KB19W1,Yes
1382,ADITYA BIRLA SUN LIFE US TREASURY 3-10 YEAR BOND ETFS FUND OF FUNDS-REGULAR PLAN-IDCW REINVESTMENT,AMC 3,MF,MF,124A,INF209KB10X8,Yes
1383,ADITYA BIRLA SUN LIFE US TREASURY 3-10 YEAR BOND ETFS FUND OF FUNDS-REGULAR PLAN-IDCW REINVESTMENT,AMC 3,MF,MF,124C,INF209KB11X6,Yes
1384,ADITYA BIRLA SUNLIFE LIFE PHARMA AND HEALTHCARE FUND NORMAL GROWTH,AMC 3,MF,MF,60B,INF209KB1N91,Yes
1385,ADITYA BIRLA SUNLIFE LIFE PHARMA AND HEALTHCARE FUND NORMAL IDCW PAYOUT,AMC 3,MF,MF,60A,INF209KB1O09,Yes
1386,ADITYA BIRLA SUNLIFE LIFE PHARMA AND HEALTHCARE FUND NORMAL IDCW REINVESTMENT,AMC 3,MF,MF,60C,INF209KB1O17,Yes
1387,Balanced Advantage Fund,Platizio AMC,MF,MUTUAL_FUND,MF-BA-200,INF000000002,Yes
1388,Balanced Mutual Fund,Platizio Assets,MF,MUTUAL_FUND,MF-201,INF002,Yes
1389,BANKING AND PSU DEBT PREMIUM GROWTH,AMC 15,MF,MF,1628,INF109K01IG9,Yes
1390,BANKING AND PSU DEBT PREMIUM WEEKLY IDCW PAYOUT,AMC 15,MF,MF,1630,INF109K01IH7,Yes
1391,BANKING AND PSU DEBT RETAIL GROWTH,AMC 15,MF,MF,1625,INF109K01II5,Yes
1392,BANKING AND PSU DEBT RETAIL WEEKLY IDCW REINVESTMENT,AMC 15,MF,MF,1627,INF123BSE048,Yes
1393,BHARAT 22 - ETF,AMC 15,MF,MF,B22,INF109KB15Y7,No
1394,CAPITAL PROTECTION ORIENTED FUND II- SERIES X-36 MONTHS PLAN CUMULATIVE,AMC 15,MF,MF,1944,INF109K01D77,Yes
1395,CAPITAL PROTECTION ORIENTED FUND II- SERIES X-36 MONTHS PLAN DIVIDEND PAYOUT,AMC 15,MF,MF,1945,INF109K01D85,Yes
1396,CAPITAL PROTECTION ORIENTED FUND III PLAN A - 36 M PLAN CUMULATIVE,AMC 15,MF,MF,1974,INF109K01G66,Yes
1397,CAPITAL PROTECTION ORIENTED FUND III PLAN B - 60 M PLAN CUMULATIVE,AMC 15,MF,MF,1976,INF109K01G41,Yes
1398,CAPITAL PROTECTION ORIENTED FUND III PLAN B - 60 M PLAN DIVIDEND REINVESTMENT,AMC 15,MF,MF,1977,INF109K01G58,Yes
1399,CPOF III PLAN D - 36 MONTHS REGULAR PLAN DIVIDEND REINVESTMENT,AMC 15,MF,MF,1993,INF109K01J14,Yes
1400,CPOF SERIES I - 24 MONTHS PLAN CUMULATIVE - GROWTH,AMC 15,MF,MF,1764,INF109K01QI8,Yes
1401,CPOF SERIES I - 24 MONTHS PLAN DIVEDEND - DIVIDEND PAYOUT,AMC 15,MF,MF,1765,INF109K01QJ6,Yes
1402,CPOF SERIES II-24M PLAN CUMULATIVE,AMC 15,MF,MF,1785,INF109K01QZ2,Yes
1403,CPOF SERIES II-24M PLAN DIVIDEND - PAYOUT,AMC 15,MF,MF,1786,INF109K01RA3,Yes
1404,CPOF SERIES III-36M PLAN CUMULATIVE,AMC 15,MF,MF,1781,INF109K01QT5,Yes
1405,CPOF SERIES III-36M PLAN DIVIDEND PAYOUT,AMC 15,MF,MF,1782,INF109K01QU3,Yes
1406,CPOF SERIES IV-36 M PLAN CUMULATIVE- GROWTH,AMC 15,MF,MF,1813,INF109K01TI2,Yes
1407,CPOF SERIES IV-36 M PLAN DIVIDEND PAYOUT,AMC 15,MF,MF,1814,INF109K01TJ0,Yes
1408,CPOF SERIES V-60 M PLAN CUMULATIVE,AMC 15,MF,MF,1805,INF109K01SX3,Yes
1409,CPOF SERIES V-60 M PLAN DIVIDEND PAYOUT,AMC 15,MF,MF,1806,INF109K01SY1,Yes
1410,EQUITY OPPORTUNITIES RETAIL DIVIDEND REINVESTMENT,AMC 15,MF,MF,FURD,INF109K01JJ1,Yes
1411,EQUITY OPPORTUNITIES RETAIL GROWTH,AMC 15,MF,MF,FURG,INF109K01JK9,Yes
1412,FMP SERIES 70 - 366 DAYS PLAN B REGULAR PLAN CUMULATIVE,AMC 15,MF,MF,2152,INF109KA1DD0,Yes
1413,FMP SERIES 70 - 367 DAYS PLAN C REGULAR PLAN CUMULATIVE,AMC 15,MF,MF,2162,INF109KA1DL3,Yes
1414,FMP SERIES 70 - 367 DAYS PLAN N REGULAR PLAN CUMULATIVE,AMC 15,MF,MF,2182,INF109KA1FL8,Yes
1415,FMP SERIES 70 - 368 DAYS PLAN J REGULAR PLAN CUMULATIVE,AMC 15,MF,MF,2164,INF109KA1EB2,Yes
1416,FMP SERIES 70 - 369 DAYS PLAN E REGULAR PLAN CUMULATIVE,AMC 15,MF,MF,2154,INF109KA1CV4,Yes
1417,FMP SERIES 70 - 540 DAYS PLAN S REGULAR PLAN CUMULATIVE,AMC 15,MF,MF,2188,INF109KA1FX3,Yes
1418,FMP SERIES 70 - 742 DAYS PLAN D REGULAR PLAN CUMULATIVE,AMC 15,MF,MF,2160,INF109KA1DT6,Yes
1419,FMP SERIES 70 - 742 DAYS PLAN D REGULAR PLAN DIVIDEND PAYOUT,AMC 15,MF,MF,2161,INF109KA1DU4,Yes
1420,FMP SERIES 70 - 745 DAYS PLAN G REGULAR PLAN CUMULATIVE,AMC 15,MF,MF,2166,INF109KA1EJ5,Yes
1421,FMP SERIES 70 - 745 DAYS PLAN G REGULAR PLAN DIVIDEND PAYOUT,AMC 15,MF,MF,2167,INF109KA1EK3,Yes
1422,FMP SERIES 70 - 745 DAYS PLAN P REGULAR PLAN CUMULATIVE,AMC 15,MF,MF,2180,INF109KA1EZ1,Yes
1423,FMP SERIES 70 - 745 DAYS PLAN P REGULAR PLAN DIVIDEND PAYOUT,AMC 15,MF,MF,2181,INF109KA1FA1,Yes
1424,FMP SERIES 71 - 547 DAYS PLAN B REGULAR PLAN CUMULATIVE,AMC 15,MF,MF,2201,INF109KA1GT9,Yes
1425,ICICI CAPITAL PROTECTION ORIENTED FUND II- SERIES VIII-24 MONTHS PLAN CUMULATIVE,AMC 15,MF,MF,1905,INF109K01ZR0,Yes
1426,ICICI CAPITAL PROTECTION ORIENTED FUND II-SERIES VIII-24 MONTHS PLAN DIVIDEND PAYOUT,AMC 15,MF,MF,1906,INF109K01ZS8,Yes
1427,ICICI Pru Corp Bond Fund(DD),AMC 15,MF,MF,1478,INF109K01CR9,Yes
1428,ICICI Pru Corp Bond Fund(FD),AMC 15,MF,MF,1480P,INF109K01SJ2,No
1429,ICICI Pru Corp Bond Fund(FD),AMC 15,MF,MF,1480,INF109K01CS7,Yes
1430,ICICI Pru Corp Bond Fund(HDP),AMC 15,MF,MF,2495,INF109KA1N04,Yes
1431,ICICI Pru Corp Bond Fund(HDP),AMC 15,MF,MF,2495P,INF109KA1N12,No
1432,ICICI Pru Corp Bond Fund(WD),AMC 15,MF,MF,1479P,INF109K01SL8,No
1433,ICICI Pru Corp Bond Fund(WD),AMC 15,MF,MF,1479,INF109K01SM6,Yes
1434,ICICI Pru Credit Risk Fund(ADP),AMC 15,MF,MF,2645,INF109KB1AG8,Yes
1435,ICICI Pru Credit Risk Fund(ADP),AMC 15,MF,MF,2645P,INF109KB1AF0,Yes
1436,ICICI Pru Credit Risk Fund(HD),AMC 15,MF,MF,1639P,INF109K01GX8,Yes
1437,ICICI Pru Credit Risk Fund(HD),AMC 15,MF,MF,1639,INF109K01GY6,Yes
1438,ICICI Pru Equity Savings Fund(HDP),AMC 15,MF,MF,2559P,INF109KA17I8,No
1439,ICICI Pru Equity Savings Fund(MDP),AMC 15,MF,MF,2557P,INF109KA15I2,No
1440,ICICI Pru Floating Interest Fund(FD),AMC 15,MF,MF,1545,INF109K01AZ6,Yes
1441,ICICI Pru Floating Interest Fund(MD),AMC 15,MF,MF,2073,INF109KA1020,Yes
1442,ICICI Pru Floating Interest Fund(MD),AMC 15,MF,MF,2073P,INF109KA1038,No
1443,ICICI Pru Floating Interest Fund(QD),AMC 15,MF,MF,2074,INF109KA1046,Yes
1444,ICICI Pru Floating Interest Fund(QD),AMC 15,MF,MF,2074P,INF109KA1053,No
1445,ICICI Pru Gold ETF,AMC 15,MF,MF,1620F,INF109KB1WF4,Yes
1446,ICICI Pru Long Term Bond Fund-Inst(HD),AMC 15,MF,MF,21IN,INF109K01373,Yes
1447,ICICI Pru Long Term Bond Fund(AD),AMC 15,MF,MF,2533,INF109KA10C6,Yes
1448,ICICI Pru Long Term Bond Fund(AD),AMC 15,MF,MF,2533P,INF109KA11C4,No
1449,ICICI Pru Long Term Bond Fund(HD),AMC 15,MF,MF,21,INF109K01357,Yes
1450,ICICI Pru Long Term Bond Fund(HD),AMC 15,MF,MF,21P,INF109K01EX3,No
1451,ICICI Pru Medium Term Bond Fund(AD),AMC 15,MF,MF,2551,INF109KA13G1,Yes
1452,ICICI Pru Medium Term Bond Fund(AD),AMC 15,MF,MF,2551P,INF109KA12G3,No
1453,ICICI Pru Medium Term Bond Fund(HD),AMC 15,MF,MF,1929,INF109K01B53,No
1454,ICICI Pru Medium Term Bond Fund(HD),AMC 15,MF,MF,LFRAH,INF109K01B61,Yes
1455,ICICI Pru Midcap Select ETF,AMC 15,MF,MF,5001,INF109KB1XT3,Yes
1456,ICICI Pru Multi-Asset Fund-Inst -1(G),AMC 15,MF,MF,15FI,INF109K01787,Yes
1457,ICICI Pru Nifty 100 ETF,AMC 15,MF,MF,5000,INF109KA1962,Yes
1458,ICICI Pru Nifty ETF,AMC 15,MF,MF,2038,INF109K012R6,Yes
1459,ICICI Pru Nifty Low Vol 30 ETF,AMC 15,MF,MF,5002,INF109KB10T8,Yes
1460,ICICI Pru NV20 ETF,AMC 15,MF,MF,NV20,INF109KB1WY5,Yes
1461,ICICI Pru Sensex ETF,AMC 15,MF,MF,SPICE,INF346A01034,Yes
1462,ICICI Pru Ultra Short Term Fund Fund(HD),AMC 15,MF,MF,1749,INF109K01TU7,Yes
1463,ICICI Pru Ultra Short Term Fund Fund(HD),AMC 15,MF,MF,1749P,INF109K01TV5,Yes
1464,ICICI Prudential All Seasons Bond Fund - Annual IDCW Payout,AMC 15,MF,MF,1712P,INF109K01GO7,Yes
1465,ICICI PRUDENTIAL ALL SEASONS BOND FUND - ANNUAL IDCW PAYOUT,AMC 15,MF,MF,25PPA,INF109K01GP4,Yes
1466,ICICI Prudential All Seasons Bond Fund - Bonus,AMC 15,MF,MF,2479,INF109KA1H36,Yes
1467,ICICI Prudential All Seasons Bond Fund - Growth,AMC 15,MF,MF,26PP,INF109K01GN9,Yes
1468,ICICI Prudential All Seasons Bond Fund - IDCW Payout,AMC 15,MF,MF,25PP,INF109K01GL3,Yes
1469,ICICI Prudential All Seasons Bond Fund - IDCW Payout,AMC 15,MF,MF,1713P,INF109K01GK5,Yes
1470,ICICI Prudential All Seasons Bond Fund - Quarterly IDCW Payout,AMC 15,MF,MF,1714P,INF109K01GE8,Yes
1471,ICICI PRUDENTIAL ALL SEASONS BOND FUND - QUARTERLY IDCW PAYOUT,AMC 15,MF,MF,25PPQ,INF109K01GF5,Yes
1472,ICICI Prudential All Seasons Bond Fund - Weekly IDCW Payout,AMC 15,MF,MF,25DP,INF109K01FD2,Yes
1473,ICICI PRUDENTIAL ALL SEASONS BOND FUND - WEEKLY IDCW PAYOUT,AMC 15,MF,MF,25,INF109K01704,Yes
1474,ICICI PRUDENTIAL ALL SEASONS BOND FUND PREMIUM - ANNUAL IDCW PAYOUT,AMC 15,MF,MF,1711P,INF109K01GC2,Yes
1475,ICICI PRUDENTIAL ALL SEASONS BOND FUND PREMIUM - ANNUAL IDCW PAYOUT,AMC 15,MF,MF,25PA,INF109K01GD0,Yes
1476,ICICI Prudential All Seasons Bond Fund Premium - Cumulative,AMC 15,MF,MF,26P,INF109K01GM1,Yes
1477,ICICI PRUDENTIAL ALL SEASONS BOND FUND PREMIUM - IDCW PAYOUT,AMC 15,MF,MF,25P,INF109K01720,Yes
1478,ICICI PRUDENTIAL ALL SEASONS BOND FUND PREMIUM - IDCW PAYOUT,AMC 15,MF,MF,25PDP,INF109K01FC4,Yes
1479,ICICI PRUDENTIAL ALL SEASONS BOND FUND PREMIUM - QUARTERLY IDCW PAYOUT,AMC 15,MF,MF,25PQ,INF109K01PP5,Yes
1480,ICICI PRUDENTIAL ALL SEASONS BOND FUND PREMIUM - QUARTERLY IDCW PAYOUT,AMC 15,MF,MF,25PQP,INF109K01PQ3,Yes
1481,ICICI PRUDENTIAL ALL SEASONS BOND FUND RETAIL - ANNUAL IDCW PAYOUT,AMC 15,MF,MF,1715P,INF109K01GI9,Yes
1482,ICICI PRUDENTIAL ALL SEASONS BOND FUND RETAIL - ANNUAL IDCW PAYOUT,AMC 15,MF,MF,25A,INF109K01GJ7,Yes
1483,ICICI Prudential All Seasons Bond Fund Retail - Cumulative,AMC 15,MF,MF,26,INF109K01712,Yes
1484,ICICI PRUDENTIAL ALL SEASONS BOND FUND RETAIL - QUARTERLY IDCW PAYOUT,AMC 15,MF,MF,1716P,INF109K01GG3,Yes
1485,ICICI PRUDENTIAL ALL SEASONS BOND FUND RETAIL - QUARTERLY IDCW PAYOUT,AMC 15,MF,MF,25Q,INF109K01GH1,Yes
1486,ICICI PRUDENTIAL ALPHA LOW VOL 30 ETF,AMC 15,MF,MF,5011,INF109KC1N59,No
1487,ICICI Prudential Asset Allocator Fund (FOF) - Growth,AMC 15,MF,MF,AMP,INF109K01837,Yes
1488,ICICI Prudential Asset Allocator Fund (FOF) - IDCW Payout,AMC 15,MF,MF,AMPDP,INF109K01FJ9,Yes
1489,ICICI PRUDENTIAL ASSET ALLOCATOR FUND (FOF) - IDCW PAYOUT,AMC 15,MF,MF,AMPD,INF109K01845,Yes
1490,ICICI Prudential Balanced Advantage Fund - Growth,AMC 15,MF,MF,EDWRG,INF109K01BH2,Yes
1491,ICICI Prudential Balanced Advantage Fund - IDCW Payout,AMC 15,MF,MF,EDWRP,INF109K01EG8,Yes
1492,ICICI PRUDENTIAL BALANCED ADVANTAGE FUND - IDCW REINVESTMENT,AMC 15,MF,MF,EDWRD,INF109K01BG4,Yes
1493,ICICI Prudential Balanced Advantage Fund - Monthly IDCW Payout,AMC 15,MF,MF,2059P,INF109K018W3,Yes
1494,ICICI PRUDENTIAL BALANCED ADVANTAGE FUND - MONTHLY IDCW PAYOUT,AMC 15,MF,MF,2059,INF109K017W5,Yes
1495,ICICI Prudential Balanced Advantage Fund - Quarterly Dividend,AMC 15,MF,MF,2519,INF109KA1Y27,Yes
1496,ICICI Prudential Balanced Advantage Fund - Quarterly Dividend,AMC 15,MF,MF,2519P,INF109KA1Y35,No
1497,ICICI Prudential Banking and Financial Services Fund - Growth,AMC 15,MF,MF,1233,INF109K01BU5,Yes
1498,ICICI Prudential Banking and Financial Services Fund - IDCW Payout,AMC 15,MF,MF,1234P,INF109K01DY3,Yes
1499,ICICI PRUDENTIAL BANKING AND FINANCIAL SERVICES FUND - IDCW REINVESTMENT,AMC 15,MF,MF,1234,INF109K01BV3,Yes
1500,ICICI PRUDENTIAL BANKING AND FINANCIAL SERVICES FUND INSTITUTIONAL OPTION - I IDCW REINVESTMENT,AMC 15,MF,MF,1235,INF109K01RS5,Yes
1501,ICICI Prudential Banking and PSU Debt Fund -  Daily Dividend,AMC 15,MF,MF,1588P,INF109K01WS5,No
1502,ICICI Prudential Banking and PSU Debt Fund -  Daily Dividend,AMC 15,MF,MF,1588,INF109K01RV9,Yes
1503,ICICI Prudential Banking and PSU Debt Fund -  Weekly Dividend,AMC 15,MF,MF,1589P,INF109K01WR7,No
1504,ICICI Prudential Banking and PSU Debt Fund -  Weekly Dividend,AMC 15,MF,MF,1589,INF109K01RU1,Yes
1505,ICICI Prudential Banking and PSU Debt Fund - Bonus,AMC 15,MF,MF,2448,INF109KA1B57,Yes
1506,ICICI Prudential Banking and PSU Debt Fund - Growth,AMC 15,MF,MF,1587,INF109K01RT3,Yes
1507,ICICI Prudential Banking and PSU Debt Fund - Quarterly IDCW Payout,AMC 15,MF,MF,1839P,INF109K01YE1,Yes
1508,ICICI PRUDENTIAL BANKING AND PSU DEBT FUND - QUARTERLY IDCW PAYOUT,AMC 15,MF,MF,1839,INF109K01YD3,Yes
1509,ICICI Prudential Banking and PSU Debt Fund Half Yearly Dividend Option,AMC 15,MF,MF,2494,INF109KA1M62,Yes
1510,ICICI Prudential Banking and PSU Debt Fund Half Yearly Dividend Option,AMC 15,MF,MF,2494P,INF109KA1M70,Yes
1511,ICICI Prudential Banking and PSU Debt Fund Retail Daily Dividend,AMC 15,MF,MF,1626,INF109K01WW7,Yes
1512,ICICI PRUDENTIAL BHARAT 22 FOF - GROWTH,AMC 15,MF,MF,5004,INF109KC1FW3,Yes
1513,ICICI Prudential Bharat Consumption Fund - Series 1 Cumulative,AMC 15,MF,MF,3081,INF109KC1BL5,Yes
1514,ICICI Prudential Bharat Consumption Fund - Series 1 IDCW,AMC 15,MF,MF,3082,INF109KC1BM3,Yes
1515,ICICI Prudential Bharat Consumption Fund - Series 2 Cumulative,AMC 15,MF,MF,3095,INF109KC1CV2,Yes
1516,ICICI Prudential Bharat Consumption Fund - Series 2 IDCW,AMC 15,MF,MF,3096,INF109KC1CW0,Yes
1517,ICICI Prudential Bharat Consumption Fund - Series 3 Cumulative,AMC 15,MF,MF,3143,INF109KC1GQ3,Yes
1518,ICICI Prudential Bharat Consumption Fund - Series 3 IDCW,AMC 15,MF,MF,3144,INF109KC1GR1,Yes
1519,ICICI Prudential Bharat Consumption Fund - Series 4 Cumulative,AMC 15,MF,MF,3168,INF109KC1IU1,Yes
1520,ICICI Prudential Bharat Consumption Fund - Series 4 IDCW,AMC 15,MF,MF,3169,INF109KC1IV9,Yes
1521,ICICI PRUDENTIAL BHARAT CONSUMPTION FUND - SERIES 5 CUMULATIVE GROWTH,AMC 15,MF,MF,3218,INF109KC1NO4,Yes
1522,ICICI PRUDENTIAL BHARAT CONSUMPTION FUND - SERIES 5 DIVIDEND PAYOUT,AMC 15,MF,MF,3219,INF109KC1NP1,Yes
1523,ICICI Prudential Bharat Consumption Fund Growth,AMC 15,MF,MF,3349,INF109KC1YA0,Yes
1524,ICICI Prudential Bharat Consumption Fund IDCW Payout,AMC 15,MF,MF,3350P,INF109KC1YB8,Yes
1525,ICICI PRUDENTIAL BHARAT CONSUMPTION FUND IDCW PAYOUT,AMC 15,MF,MF,3350,INF109KC1YC6,Yes
1526,ICICI PRUDENTIAL BLENDED PLAN A - BONUS,AMC 15,MF,MF,2447,INF109KA1B73,Yes
1527,ICICI PRUDENTIAL BLENDED PLAN A - DIVIDEND PAYOUT,AMC 15,MF,MF,BPADP,INF109K01DZ0,Yes
1528,ICICI PRUDENTIAL BLENDED PLAN A - DIVIDEND REINVESTMENT,AMC 15,MF,MF,BPAD,INF109K01AO0,Yes
1529,ICICI PRUDENTIAL BLENDED PLAN A - GROWTH,AMC 15,MF,MF,BPAG,INF109K01AP7,Yes
1530,ICICI PRUDENTIAL BLENDED PLAN B - DAILY DIVIDEND REINVESTMENT OPTION - I,AMC 15,MF,MF,BBDD,INF109K01VW9,Yes
1531,ICICI PRUDENTIAL BLENDED PLAN B - DIVIDEND PAYOUT OPTION - I,AMC 15,MF,MF,BPBDP,INF109K01EA1,Yes
1532,ICICI PRUDENTIAL BLENDED PLAN B - DIVIDEND REINVESTMENT OPTION - I,AMC 15,MF,MF,BPBD,INF109K01AQ5,Yes
1533,ICICI PRUDENTIAL BLENDED PLAN B - GROWTH OPTION - I-DIVIDEND REINVESTMENT,AMC 15,MF,MF,BPBG,INF109K01AR3,Yes
1534,ICICI PRUDENTIAL BLENDED PLAN B - HALF YEARLY DIVIDEND PAYOUT OPTION - I,AMC 15,MF,MF,2493P,INF109KA1M39,No
1535,ICICI PRUDENTIAL BLENDED PLAN B - HALF YEARLY DIVIDEND REINVESTMENT OPTION - I,AMC 15,MF,MF,2493,INF109KA1M21,Yes
1536,ICICI PRUDENTIAL BLENDED PLAN B - MONTHLY DIVIDEND PAYOUT OPTION - I,AMC 15,MF,MF,1827,INF109K01VV1,No
1537,ICICI PRUDENTIAL BLENDED PLAN B - MONTHLY DIVIDEND REINVESTMENT OPTION - I,AMC 15,MF,MF,BBDM,INF109K01ID6,Yes
1538,ICICI PRUDENTIAL BLENDED PLAN B - QUARTERLY DIVIDEND PAYOUT OPTION - I,AMC 15,MF,MF,2119P,INF109KA1CI1,No
1539,ICICI PRUDENTIAL BLENDED PLAN B - QUARTERLY DIVIDEND REINVESTMENT OPTION - I,AMC 15,MF,MF,2119,INF109KA1CH3,Yes
1540,ICICI PRUDENTIAL BLENDED PLAN B INSTITUTIONAL DAILY DIVIDEND REINVESTMENT - II,AMC 15,MF,MF,BBIDD,INF109K01WB1,Yes
1541,ICICI PRUDENTIAL BLENDED PLAN B INSTITUTIONAL DIVIDEND PAYOUT OPTION - II,AMC 15,MF,MF,1826,INF109K01VY5,No
1542,ICICI PRUDENTIAL BLENDED PLAN B INSTITUTIONAL DIVIDEND REINVESTMENT - II,AMC 15,MF,MF,BPBID,INF109K01VX7,Yes
1543,ICICI PRUDENTIAL BLENDED PLAN B INSTITUTIONAL GROWTH OPTION - II,AMC 15,MF,MF,BPBIG,INF109K01AS1,Yes
1544,ICICI PRUDENTIAL BLENDED PLAN B INSTITUTIONAL MONTHLY DIVIDEND REINVESTMENT - II,AMC 15,MF,MF,BBIDM,INF109K01VZ2,Yes
1545,ICICI Prudential Bluechip Fund - Growth,AMC 15,MF,MF,1191,INF109K01BL4,Yes
1546,ICICI Prudential Bluechip Fund - IDCW Payout,AMC 15,MF,MF,1192P,INF109K01EP9,Yes
1547,ICICI PRUDENTIAL BLUECHIP FUND - IDCW PAYOUT,AMC 15,MF,MF,1192,INF109K01BM2,Yes
1548,ICICI Prudential Bluechip Fund - Institutional Option - I,AMC 15,MF,MF,1193,INF109K01BN0,No
1549,ICICI Prudential Bond Fund - Bonus,AMC 15,MF,MF,2476,INF109KA1C72,Yes
1550,ICICI Prudential Bond Fund - Growth,AMC 15,MF,MF,1262,INF109K01BO8,Yes
1551,ICICI Prudential Bond Fund - Half Yearly IDCW Payout,AMC 15,MF,MF,2527P,INF109KA1X51,Yes
1552,ICICI PRUDENTIAL BOND FUND - HALF YEARLY IDCW PAYOUT,AMC 15,MF,MF,2527,INF109KA1X44,Yes
1553,ICICI Prudential Bond Fund - Institutional Growth,AMC 15,MF,MF,1264,INF109K01BQ3,Yes
1554,ICICI Prudential Bond Fund - Institutional Monthly IDCW Payout,AMC 15,MF,MF,1265P,INF109K01ES3,No
1555,ICICI PRUDENTIAL BOND FUND - INSTITUTIONAL MONTHLY IDCW REINVESTMENT,AMC 15,MF,MF,1265,INF109K01BR1,Yes
1556,ICICI Prudential Bond Fund - Institutional Quarterly IDCW Payout,AMC 15,MF,MF,1281P,INF109K01ET1,No
1557,ICICI PRUDENTIAL BOND FUND - INSTITUTIONAL QUARTERLY IDCW REINVESTMENT,AMC 15,MF,MF,1281,INF109K01BT7,Yes
1558,ICICI Prudential Bond Fund - Monthly IDCW Payout,AMC 15,MF,MF,1263P,INF109K01EU9,Yes
1559,ICICI PRUDENTIAL BOND FUND - MONTHLY IDCW PAYOUT,AMC 15,MF,MF,1263,INF109K01BP5,Yes
1560,ICICI Prudential Bond Fund - Quarterly IDCW Payout,AMC 15,MF,MF,1280P,INF109K01EV7,Yes
1561,ICICI PRUDENTIAL BOND FUND - QUARTERLY IDCW PAYOUT,AMC 15,MF,MF,1280,INF109K01BS9,Yes
1562,ICICI Prudential Business Cycle Fund Growth,AMC 15,MF,MF,3439,INF109KC1O90,Yes
1563,ICICI Prudential Business Cycle Fund IDCW Payout,AMC 15,MF,MF,3440P,INF109KC1P16,Yes
1564,ICICI PRUDENTIAL BUSINESS CYCLE FUND IDCW PAYOUT,AMC 15,MF,MF,3440,INF109KC1P08,Yes
1565,ICICI PRUDENTIAL BUSINESS CYCLE FUND SERIES 1 CUMULATIVE,AMC 15,MF,MF,2721,INF109KB1MX8,Yes
1566,ICICI PRUDENTIAL BUSINESS CYCLE FUND SERIES 1 DIVIDEND PAYOUT,AMC 15,MF,MF,2722,INF109KB1MY6,Yes
1567,ICICI PRUDENTIAL BUSINESS CYCLE FUND SERIES 2 REGULAR PLAN CUMULATIVE,AMC 15,MF,MF,2735,INF109KB1OH7,Yes
1568,ICICI PRUDENTIAL BUSINESS CYCLE FUND SERIES 2 REGULAR PLAN DIVIDEND PAYOUT,AMC 15,MF,MF,2736,INF109KB1OI5,Yes
1569,ICICI PRUDENTIAL BUSINESS CYCLE FUND SERIES 3 CUMULATIVE,AMC 15,MF,MF,2755,INF109KB1PX1,Yes
1570,ICICI PRUDENTIAL BUSINESS CYCLE FUND SERIES 3 DIVIDEND PAYOUT,AMC 15,MF,MF,2756,INF109KB1PY9,Yes
1571,ICICI PRUDENTIAL CAPITAL PROTECTION ORIENTED FUND - SERIES XI - PLAN D 1247 DAYS-CUMULATIVE,AMC 15,MF,MF,2910,INF109KB1R08,Yes
1572,ICICI PRUDENTIAL CAPITAL PROTECTION ORIENTED FUND - SERIES XI - PLAN D 1247 DAYS-DIVIDEND PAYOUT,AMC 15,MF,MF,2911,INF109KB1R16,Yes
1573,ICICI PRUDENTIAL CAPITAL PROTECTION ORIENTED FUND - SERIES XI - PLAN F 1215 DAYS-CUMULATIVE,AMC 15,MF,MF,2930,INF109KB1X00,Yes
1574,ICICI PRUDENTIAL CAPITAL PROTECTION ORIENTED FUND - SERIES XI - PLAN F 1215 DAYS-DIVIDEND PAYOUT,AMC 15,MF,MF,2931,INF109KB1X18,Yes
1575,ICICI PRUDENTIAL CAPITAL PROTECTION ORIENTED FUND II-SERIES VII-24 MONTHS PLAN DIVIDEND PAYOUT,AMC 15,MF,MF,1884,INF109K01ZA6,Yes
1576,ICICI PRUDENTIAL CAPITAL PROTECTION ORIENTED FUND II-SERIES VII-24 MONTHS PLAN GROWTH,AMC 15,MF,MF,1883,INF109K01YZ6,Yes
1577,ICICI PRUDENTIAL CAPITAL PROTECTION ORIENTED FUND III PLAN D - 36 MONTHS CUMULATIVE,AMC 15,MF,MF,1992,INF109K01I80,Yes
1578,ICICI PRUDENTIAL CAPITAL PROTECTION ORIENTED FUND III PLAN D - 36 MONTHS DIVIDEND REINVESTMENT,AMC 15,MF,MF,1991,INF109K01J06,Yes
1579,ICICI PRUDENTIAL CAPITAL PROTECTION ORIENTED FUND III PLAN E - 60 MONTHS CUMULATIVE,AMC 15,MF,MF,1998,INF109K01K03,Yes
1580,ICICI PRUDENTIAL CAPITAL PROTECTION ORIENTED FUND III PLAN E - 60 MONTHS DIVIDEND,AMC 15,MF,MF,1999,INF109K01K11,Yes
1581,ICICI PRUDENTIAL CAPITAL PROTECTION ORIENTED FUND III PLAN F - 36 MONTHS DIVIDEND PAYOUT,AMC 15,MF,MF,2005,INF109K012F1,Yes
1582,ICICI PRUDENTIAL CAPITAL PROTECTION ORIENTED FUND III PLAN H - 60 MONTHS CUMULATIVE,AMC 15,MF,MF,2053,INF109K013V6,Yes
1583,ICICI PRUDENTIAL CAPITAL PROTECTION ORIENTED FUND III PLAN H - 60 MONTHS DIVIDEND REINVESTMENT,AMC 15,MF,MF,2054,INF109K014V4,Yes
1584,ICICI PRUDENTIAL CAPITAL PROTECTION ORIENTED FUND IV PLAN C - 60 MONTHS CUMULATIVE,AMC 15,MF,MF,2138,INF109KA1BR4,Yes
1585,ICICI PRUDENTIAL CAPITAL PROTECTION ORIENTED FUND IV PLAN C - 60 MONTHS DIVIDEND REINVESTMENT,AMC 15,MF,MF,2139,INF109KA1BS2,Yes
1586,ICICI PRUDENTIAL CAPITAL PROTECTION ORIENTED FUND IV PLAN D - 60 MONTHS CUMULATIVE,AMC 15,MF,MF,2168,INF109KA1EF3,Yes
1587,ICICI PRUDENTIAL CAPITAL PROTECTION ORIENTED FUND IV PLAN D - 60 MONTHS DIVIDEND PAYOUT,AMC 15,MF,MF,2169,INF109KA1EG1,Yes
1588,ICICI PRUDENTIAL CAPITAL PROTECTION ORIENTED FUND IV PLAN E - 36 MONTHS CUMULATIVE,AMC 15,MF,MF,2186,INF109KA1FN4,Yes
1589,ICICI PRUDENTIAL CAPITAL PROTECTION ORIENTED FUND IV PLAN E - 36 MONTHS DIVIDEND PAYOUT,AMC 15,MF,MF,2187,INF109KA1FO2,Yes
1590,ICICI PRUDENTIAL CAPITAL PROTECTION ORIENTED FUND IV PLAN F - 60 MONTHS CUMULATIVE,AMC 15,MF,MF,2199,INF109KA1GN2,Yes
1591,ICICI PRUDENTIAL CAPITAL PROTECTION ORIENTED FUND IV PLAN F - 60 MONTHS DIVIDEND PAYOUT,AMC 15,MF,MF,2200,INF109KA1GO0,Yes
1592,ICICI PRUDENTIAL CAPITAL PROTECTION ORIENTED FUND IV PLAN G - 60 MONTHS CUMULATIVE,AMC 15,MF,MF,2212,INF109KA1HR1,Yes
1593,ICICI PRUDENTIAL CAPITAL PROTECTION ORIENTED FUND IV PLAN G - 60 MONTHS DIVIDEND PAYOUT,AMC 15,MF,MF,2213,INF109KA1HS9,Yes
1594,ICICI PRUDENTIAL CAPITAL PROTECTION ORIENTED FUND IV PLAN H - 36 MONTHS CUMULATIVE,AMC 15,MF,MF,2222,INF109KA1IR9,Yes
1595,ICICI PRUDENTIAL CAPITAL PROTECTION ORIENTED FUND IV PLAN H - 36 MONTHS DIVIDEND PAYOUT,AMC 15,MF,MF,2223,INF109KA1IS7,Yes
1596,ICICI PRUDENTIAL CAPITAL PROTECTION ORIENTED FUND SERIES IX 1120 DAYS PLAN F - CUMULATIVE,AMC 15,MF,MF,2794,INF109KB1TH6,Yes
1597,ICICI PRUDENTIAL CAPITAL PROTECTION ORIENTED FUND SERIES IX 1120 DAYS PLAN F - DIVIDEND PAYOUT,AMC 15,MF,MF,2795,INF109KB1TI4,Yes
1598,ICICI PRUDENTIAL CAPITAL PROTECTION ORIENTED FUND SERIES IX 1325 DAYS PLAN E - CUMULATIVE,AMC 15,MF,MF,2786,INF109KB1SN6,Yes
1599,ICICI PRUDENTIAL CAPITAL PROTECTION ORIENTED FUND SERIES IX 1325 DAYS PLAN E - DIVIDEND PAYOUT,AMC 15,MF,MF,2787,INF109KB1SO4,Yes
1600,ICICI PRUDENTIAL CAPITAL PROTECTION ORIENTED FUND SERIES VI 1100 DAYS PLAN D- CUMULATIVE,AMC 15,MF,MF,2424,INF109KA1XV0,Yes
1601,ICICI PRUDENTIAL CAPITAL PROTECTION ORIENTED FUND SERIES VI 1100 DAYS PLAN D- DIVIDEND PAYOUT,AMC 15,MF,MF,2425,INF109KA1XW8,Yes
1602,ICICI PRUDENTIAL CAPITAL PROTECTION ORIENTED FUND SERIES VI 1100 DAYS PLAN E- CUMULATIVE,AMC 15,MF,MF,2437,INF109KA1YZ9,Yes
1603,ICICI PRUDENTIAL CAPITAL PROTECTION ORIENTED FUND SERIES VI 1100 DAYS PLAN E- DIVIDEND PAYOUT,AMC 15,MF,MF,2438,INF109KA1ZA9,Yes
1604,ICICI PRUDENTIAL CAPITAL PROTECTION ORIENTED FUND SERIES VI 1100 DAYS PLAN F- CUMULATIVE,AMC 15,MF,MF,2445,INF109KA1A66,Yes
1605,ICICI PRUDENTIAL CAPITAL PROTECTION ORIENTED FUND SERIES VI 1100 DAYS PLAN F- DIVIDEND PAYOUT,AMC 15,MF,MF,2446,INF109KA1A74,Yes
1606,ICICI PRUDENTIAL CAPITAL PROTECTION ORIENTED FUND SERIES VI 1100 DAYS PLAN G- CUMULATIVE,AMC 15,MF,MF,2485,INF109KA1B08,Yes
1607,ICICI PRUDENTIAL CAPITAL PROTECTION ORIENTED FUND SERIES VI 1100 DAYS PLAN G- DIVIDEND PAYOUT,AMC 15,MF,MF,2486,INF109KA1B16,Yes
1608,ICICI PRUDENTIAL CAPITAL PROTECTION ORIENTED FUND SERIES VI 1100 DAYS PLAN H- CUMULATIVE,AMC 15,MF,MF,2505,INF109KA1Q01,Yes
1609,ICICI PRUDENTIAL CAPITAL PROTECTION ORIENTED FUND SERIES VI 1100 DAYS PLAN H- DIVIDEND PAYOUT,AMC 15,MF,MF,2506,INF109KA1Q19,Yes
1610,ICICI PRUDENTIAL CAPITAL PROTECTION ORIENTED FUND SERIES VII 1285 DAYS PLAN A- CUMULATIVE,AMC 15,MF,MF,2524,INF109KA1W29,Yes
1611,ICICI PRUDENTIAL CAPITAL PROTECTION ORIENTED FUND SERIES VII 1285 DAYS PLAN A- DIVIDEND PAYOUT,AMC 15,MF,MF,2525,INF109KA1W37,Yes
1612,ICICI PRUDENTIAL CAPITAL PROTECTION ORIENTED FUND SERIES VII 1285 DAYS PLAN B- CUMULATIVE,AMC 15,MF,MF,2547,INF109KA14E4,Yes
1613,ICICI PRUDENTIAL CAPITAL PROTECTION ORIENTED FUND SERIES VII 1285 DAYS PLAN B- DIVIDEND PAYOUT,AMC 15,MF,MF,2548,INF109KA15E1,Yes
1614,ICICI PRUDENTIAL CAPITAL PROTECTION ORIENTED FUND SERIES X 1235 DAYS PLAN A - CUMULATIVE,AMC 15,MF,MF,2818,INF109KB1VP5,Yes
1615,ICICI PRUDENTIAL CAPITAL PROTECTION ORIENTED FUND SERIES X 1235 DAYS PLAN A - DIVIDEND PAYOUT,AMC 15,MF,MF,2819,INF109KB1VQ3,Yes
1616,ICICI PRUDENTIAL CAPITAL PROTECTION ORIENTED FUND SERIES X 1375 DAYS PLAN B - CUMULATIVE,AMC 15,MF,MF,2826,INF109KB1WZ2,Yes
1617,ICICI PRUDENTIAL CAPITAL PROTECTION ORIENTED FUND SERIES X 1375 DAYS PLAN B - DIVIDEND PAYOUT,AMC 15,MF,MF,2827,INF109KB1XA3,Yes
1618,ICICI PRUDENTIAL CAPITAL PROTECTION ORIENTED FUND SERIES XI PLAN B 1222 DAYS - CUMULATIVE,AMC 15,MF,MF,2892,INF109KB1L46,Yes
1619,ICICI PRUDENTIAL CAPITAL PROTECTION ORIENTED FUND SERIES XI PLAN B 1222 DAYS - DIVIDEND PAYOUT,AMC 15,MF,MF,2893,INF109KB1L53,Yes
1620,ICICI PRUDENTIAL CAPITAL PROTECTION ORIENTED FUND SERIES XII PLAN A 1168 DAYS-CUMULATIVE,AMC 15,MF,MF,2961,INF109KB12H9,Yes
1621,ICICI PRUDENTIAL CAPITAL PROTECTION ORIENTED FUND SERIES XII PLAN A 1168 DAYS-DIVIDEND PAYOUT,AMC 15,MF,MF,2962,INF109KB13H7,Yes
1622,ICICI Prudential Capital Protection Oriented Fund Series XIV Plan A 1275 Days-Cumulative,AMC 15,MF,MF,3234,INF109KC1PC4,Yes
1623,ICICI Prudential Capital Protection Oriented Fund Series XIV Plan A 1275 Days-IDCW,AMC 15,MF,MF,3235,INF109KC1PD2,Yes
1624,ICICI PRUDENTIAL CAPITAL PROTECTION ORIENTED FUND SERIES XIV PLAN B 1201 DAYS-CUMULATIVE,AMC 15,MF,MF,3256,INF109KC1QQ2,Yes
1625,ICICI PRUDENTIAL CAPITAL PROTECTION ORIENTED FUND SERIES XIV PLAN B 1201 DAYS-DIVIDEND PAYOUT,AMC 15,MF,MF,3257,INF109KC1QR0,Yes
1626,ICICI PRUDENTIAL CAPITAL PROTECTION ORIENTED FUND SERIESIX 1101 DAYS PLANA- CUMULATIVE,AMC 15,MF,MF,2731,INF109KB1NT4,Yes
1627,ICICI PRUDENTIAL CAPITAL PROTECTION ORIENTED FUND SERIESIX 1101 DAYS PLANA- DIVIDEND PAYOUT,AMC 15,MF,MF,2732,INF109KB1NU2,Yes
1628,ICICI PRUDENTIAL CAPITAL PROTECTION ORIENTED FUND SERIESIX 1103 DAYS PLANB- CUMULATIVE,AMC 15,MF,MF,2733,INF109KB1OB0,Yes
1629,ICICI PRUDENTIAL CAPITAL PROTECTION ORIENTED FUND SERIESIX 1103 DAYS PLANB- DIVIDEND PAYOUT,AMC 15,MF,MF,2734,INF109KB1OC8,Yes
1630,ICICI PRUDENTIAL CAPITAL PROTECTION ORIENTED FUND SERIESIX 1195 DAYS PLANC- CUMULATIVE,AMC 15,MF,MF,2741,INF109KB1OV8,Yes
1631,ICICI PRUDENTIAL CAPITAL PROTECTION ORIENTED FUND SERIESIX 1195 DAYS PLANC- DIVIDEND PAYOUT,AMC 15,MF,MF,2742,INF109KB1OW6,Yes
1632,ICICI PRUDENTIAL CAPITAL PROTECTION ORIENTED FUND SERIESIX 1378 DAYS PLAND- CUMULATIVE,AMC 15,MF,MF,2751,INF109KB1PP7,Yes
1633,ICICI PRUDENTIAL CAPITAL PROTECTION ORIENTED FUND SERIESIX 1378 DAYS PLAND- DIVIDEND PAYOUT,AMC 15,MF,MF,2752,INF109KB1PQ5,Yes
1634,ICICI PRUDENTIAL CAPITAL PROTECTION ORIENTED FUND SERIESVII 1284 DAYS PLAN C- CUMULATIVE,AMC 15,MF,MF,2580,INF109KA18M8,Yes
1635,ICICI PRUDENTIAL CAPITAL PROTECTION ORIENTED FUND SERIESVII 1284 DAYS PLAN C- DIVIDEND PAYOUT,AMC 15,MF,MF,2581,INF109KA19M6,Yes
1636,ICICI PRUDENTIAL CAPITAL PROTECTION ORIENTED FUND SERIESVII 1284 DAYS PLAN E- CUMULATIVE,AMC 15,MF,MF,2589,INF109KA14P0,Yes
1637,ICICI PRUDENTIAL CAPITAL PROTECTION ORIENTED FUND SERIESVII 1284 DAYS PLAN E- DIVIDEND PAYOUT,AMC 15,MF,MF,2590,INF109KA15P7,Yes
1638,ICICI PRUDENTIAL CAPITAL PROTECTION ORIENTED FUND SERIESVII 1284 DAYS PLAN H- CUMULATIVE,AMC 15,MF,MF,2613,INF109KA14X4,Yes
1639,ICICI PRUDENTIAL CAPITAL PROTECTION ORIENTED FUND SERIESVII 1284 DAYS PLAN H- DIVIDEND PAYOUT,AMC 15,MF,MF,2614,INF109KA15X1,Yes
1640,ICICI PRUDENTIAL CAPITAL PROTECTION ORIENTED FUND SERIESVII 1285 DAYS PLAN G- CUMULATIVE,AMC 15,MF,MF,2605,INF109KA18T3,Yes
1641,ICICI PRUDENTIAL CAPITAL PROTECTION ORIENTED FUND SERIESVII 1285 DAYS PLAN G- DIVIDEND PAYOUT,AMC 15,MF,MF,2606,INF109KA19T1,Yes
1642,ICICI PRUDENTIAL CAPITAL PROTECTION ORIENTED FUND SERIESVII 1288 DAYS PLAN F- CUMULATIVE,AMC 15,MF,MF,2594,INF109KA18Q9,Yes
1643,ICICI PRUDENTIAL CAPITAL PROTECTION ORIENTED FUND SERIESVII 1288 DAYS PLAN F- DIVIDEND PAYOUT,AMC 15,MF,MF,2595,INF109KA19Q7,Yes
1644,ICICI PRUDENTIAL CAPITAL PROTECTION ORIENTED FUND SERIESVII 1822 DAYS PLAN D- CUMULATIVE,AMC 15,MF,MF,2587,INF109KA10P8,Yes
1645,ICICI PRUDENTIAL CAPITAL PROTECTION ORIENTED FUND SERIESVII 1822 DAYS PLAN D- DIVIDEND PAYOUT,AMC 15,MF,MF,2588,INF109KA11P6,Yes
1646,ICICI PRUDENTIAL CAPITAL PROTECTION ORIENTED FUND SERIESVIII 1101 DAYS PLAND- CUMULATIVE,AMC 15,MF,MF,2673,INF109KB1GZ5,Yes
1647,ICICI PRUDENTIAL CAPITAL PROTECTION ORIENTED FUND SERIESVIII 1101 DAYS PLAND- DIVIDEND PAYOUT,AMC 15,MF,MF,2674,INF109KB1HA6,Yes
1648,ICICI PRUDENTIAL CAPITAL PROTECTION ORIENTED FUND SERIESVIII 1101 DAYS PLANG- CUMULATIVE,AMC 15,MF,MF,2698,INF109KB1KN3,Yes
1649,ICICI PRUDENTIAL CAPITAL PROTECTION ORIENTED FUND SERIESVIII 1101 DAYS PLANG- DIVIDEND PAYOUT,AMC 15,MF,MF,2699,INF109KB1KO1,Yes
1650,ICICI PRUDENTIAL CAPITAL PROTECTION ORIENTED FUND SERIESVIII 1103 DAYS PLANB- CUMULATIVE,AMC 15,MF,MF,2650,INF109KB1AT1,Yes
1651,ICICI PRUDENTIAL CAPITAL PROTECTION ORIENTED FUND SERIESVIII 1103 DAYS PLANB- DIVIDEND PAYOUT,AMC 15,MF,MF,2651,INF109KB1AU9,Yes
1652,ICICI PRUDENTIAL CAPITAL PROTECTION ORIENTED FUND SERIESVIII 1103 DAYS PLANC- CUMULATIVE,AMC 15,MF,MF,2660,INF109KB1DB3,Yes
1653,ICICI PRUDENTIAL CAPITAL PROTECTION ORIENTED FUND SERIESVIII 1103 DAYS PLANC- DIVIDEND PAYOUT,AMC 15,MF,MF,2661,INF109KB1DC1,Yes
1654,ICICI PRUDENTIAL CAPITAL PROTECTION ORIENTED FUND SERIESVIII 1105 DAYS PLANH- CUMULATIVE,AMC 15,MF,MF,2702,INF109KB1KZ7,Yes
1655,ICICI PRUDENTIAL CAPITAL PROTECTION ORIENTED FUND SERIESVIII 1105 DAYS PLANH- DIVIDEND PAYOUT,AMC 15,MF,MF,2703,INF109KB1LA8,Yes
1656,ICICI PRUDENTIAL CAPITAL PROTECTION ORIENTED FUND SERIESVIII 1107 DAYS PLANE- CUMULATIVE,AMC 15,MF,MF,2683,INF109KB1HZ3,Yes
1657,ICICI PRUDENTIAL CAPITAL PROTECTION ORIENTED FUND SERIESVIII 1107 DAYS PLANE- DIVIDEND PAYOUT,AMC 15,MF,MF,2684,INF109KB1IA4,Yes
1658,ICICI PRUDENTIAL CAPITAL PROTECTION ORIENTED FUND SERIESVIII 1115 DAYS PLANF- CUMULATIVE,AMC 15,MF,MF,2691,INF109KB1IX6,Yes
1659,ICICI PRUDENTIAL CAPITAL PROTECTION ORIENTED FUND SERIESVIII 1115 DAYS PLANF- DIVIDEND PAYOUT,AMC 15,MF,MF,2692,INF109KB1IY4,Yes
1660,ICICI PRUDENTIAL CAPITAL PROTECTION ORIENTED FUND SERIESVIII 1284 DAYS PLANJ- CUMULATIVE,AMC 15,MF,MF,2709,INF109KB1LR2,Yes
1661,ICICI PRUDENTIAL CAPITAL PROTECTION ORIENTED FUND SERIESVIII 1284 DAYS PLANJ- DIVIDEND PAYOUT,AMC 15,MF,MF,2710,INF109KB1LS0,Yes
1662,ICICI PRUDENTIAL CAPITAL PROTECTION ORIENTED FUND SERIESVIII 1290 DAYS PLANI- CUMULATIVE,AMC 15,MF,MF,2706,INF109KB1LL5,Yes
1663,ICICI PRUDENTIAL CAPITAL PROTECTION ORIENTED FUND SERIESVIII 1290 DAYS PLANI- DIVIDEND PAYOUT,AMC 15,MF,MF,2707,INF109KB1LM3,Yes
1664,ICICI PRUDENTIAL CAPITAL PROTECTION ORIENTED FUND SERIESVIII 1300 DAYS PLANA- CUMULATIVE,AMC 15,MF,MF,2627,INF109KB1250,Yes
1665,ICICI PRUDENTIAL CAPITAL PROTECTION ORIENTED FUND SERIESVIII 1300 DAYS PLANA- DIVIDEND PAYOUT,AMC 15,MF,MF,2628,INF109KB1268,Yes
1666,ICICI PRUDENTIAL CAPITAL PROTECTION ORIENTED FUND SERIESXI PLAN C 1255 DAYS-CUMULATIVE,AMC 15,MF,MF,2906,INF109KB1Q25,Yes
1667,ICICI PRUDENTIAL CAPITAL PROTECTION ORIENTED FUND SERIESXI PLAN C 1255 DAYS-DIVIDEND PAYOUT,AMC 15,MF,MF,2907,INF109KB1Q33,Yes
1668,ICICI PRUDENTIAL CAPITAL PROTECTION ORIENTED FUND SERIESXI PLAN E 1222 DAYS-CUMULATIVE,AMC 15,MF,MF,2926,INF109KB1W27,Yes
1669,ICICI PRUDENTIAL CAPITAL PROTECTION ORIENTED FUND SERIESXI PLAN E 1222 DAYS-DIVIDEND PAYOUT,AMC 15,MF,MF,2927,INF109KB1W35,Yes
1670,ICICI PRUDENTIAL CAPITAL PROTECTION ORIENTED FUND SERIESXII PLAN B 1289 DAYS-CUMULATIVE,AMC 15,MF,MF,2971,INF109KB14K9,Yes
1671,ICICI PRUDENTIAL CAPITAL PROTECTION ORIENTED FUND SERIESXII PLAN B 1289 DAYS-DIVIDEND,AMC 15,MF,MF,2972,INF109KB15K6,Yes
1672,ICICI Prudential Capital Protection Oriented Fund SeriesXII Plan C 1270 Days-Cumulative,AMC 15,MF,MF,3009,INF109KB15X9,Yes
1673,ICICI Prudential Capital Protection Oriented Fund SeriesXII Plan C 1270 Days-IDCW,AMC 15,MF,MF,3010,INF109KB16X7,Yes
1674,ICICI PRUDENTIAL CAPITAL PROTECTION ORIENTED FUND V PLAN A - 5 YEARS CUMULATIVE,AMC 15,MF,MF,2246,INF109KA1KD5,Yes
1675,ICICI PRUDENTIAL CAPITAL PROTECTION ORIENTED FUND V PLAN A - 5 YEARS DIVIDEND PAYOUT,AMC 15,MF,MF,2247,INF109KA1KE3,Yes
1676,ICICI PRUDENTIAL CAPITAL PROTECTION ORIENTED FUND V PLAN B - 1100 DAYS CUMULATIVE,AMC 15,MF,MF,2260,INF109KA1LF8,Yes
1677,ICICI PRUDENTIAL CAPITAL PROTECTION ORIENTED FUND V PLAN B - 1100 DAYS DIVIDEND PAYOUT,AMC 15,MF,MF,2261,INF109KA1LG6,Yes
1678,ICICI PRUDENTIAL CAPITAL PROTECTION ORIENTED FUND V PLAN C - 1825 DAYS CUMULATIVE,AMC 15,MF,MF,2276,INF109KA1MN0,Yes
1679,ICICI PRUDENTIAL CAPITAL PROTECTION ORIENTED FUND V PLAN C - 1825 DAYS DIVIDEND PAYOUT,AMC 15,MF,MF,2277,INF109KA1MO8,Yes
1680,ICICI PRUDENTIAL CAPITAL PROTECTION ORIENTED FUND V PLAN D - 1100 DAYS CUMULATIVE,AMC 15,MF,MF,2325,INF109KA1QF7,Yes
1681,ICICI PRUDENTIAL CAPITAL PROTECTION ORIENTED FUND V PLAN D - 1100 DAYS DIVIDEND PAYOUT,AMC 15,MF,MF,2326,INF109KA1QG5,Yes
1682,ICICI PRUDENTIAL CAPITAL PROTECTION ORIENTED FUND V PLAN E - 1100 DAYS CUMULATIVE,AMC 15,MF,MF,2355,INF109KA1SJ5,Yes
1683,ICICI PRUDENTIAL CAPITAL PROTECTION ORIENTED FUND V PLAN E - 1100 DAYS DIVIDEND PAYOUT,AMC 15,MF,MF,2356,INF109KA1SK3,Yes
1684,ICICI PRUDENTIAL CAPITAL PROTECTION ORIENTED FUND V PLAN F - 1100 DAYS CUMULATIVE,AMC 15,MF,MF,2391,INF109KA1VJ9,Yes
1685,ICICI PRUDENTIAL CAPITAL PROTECTION ORIENTED FUND V PLAN F - 1100 DAYS DIVIDEND PAYOUT,AMC 15,MF,MF,2392,INF109KA1VK7,Yes
1686,ICICI PRUDENTIAL CAPITAL PROTECTION ORIENTED FUND VI PLAN A - 1825 DAYS CUMULATIVE,AMC 15,MF,MF,2397,INF109KA1VV4,Yes
1687,ICICI PRUDENTIAL CAPITAL PROTECTION ORIENTED FUND VI PLAN A - 1825 DAYS DIVIDEND PAYOUT,AMC 15,MF,MF,2398,INF109KA1VW2,Yes
1688,ICICI PRUDENTIAL CAPITAL PROTECTION ORIENTED FUND VI PLAN B - 1100 DAYS CUMULATIVE,AMC 15,MF,MF,2414,INF109KA1XD8,Yes
1689,ICICI PRUDENTIAL CAPITAL PROTECTION ORIENTED FUND VI PLAN B - 1100 DAYS DIVIDEND PAYOUT,AMC 15,MF,MF,2415,INF109KA1XE6,Yes
1690,ICICI PRUDENTIAL CAPITAL PROTECTION ORIENTED FUND VI PLAN C - 1825 DAYS CUMULATIVE,AMC 15,MF,MF,2416,INF109KA1XH9,Yes
1691,ICICI PRUDENTIAL CAPITAL PROTECTION ORIENTED FUND VI PLAN C - 1825 DAYS DIVIDEND PAYOUT,AMC 15,MF,MF,2417,INF109KA1XI7,Yes
1692,ICICI Prudential Capital Protection Oriented Fund-Series XI-Plan A 2056 Days-Cumulative,AMC 15,MF,MF,2890,INF109KB1K88,Yes
1693,ICICI Prudential Capital Protection Oriented Fund-Series XI-Plan A 2056 Days-IDCW,AMC 15,MF,MF,2891,INF109KB1K96,Yes
1694,ICICI Prudential Child Care Fund (Gift Plan),AMC 15,MF,MF,117,INF109K01605,Yes
1695,ICICI Prudential Child Care Plan Study - Cumulative,AMC 15,MF,MF,115,INF109K01597,No
1696,ICICI Prudential Commodities Fund Growth,AMC 15,MF,MF,3398,INF109KC1F67,Yes
1697,ICICI Prudential Commodities Fund IDCW Payout,AMC 15,MF,MF,3399P,INF109KC1F83,Yes
1698,ICICI PRUDENTIAL COMMODITIES FUND IDCW PAYOUT,AMC 15,MF,MF,3399,INF109KC1F75,Yes
1699,ICICI PRUDENTIAL CONSTANT MATURITY GILT FUND - ANNUAL DIVIDEND PAYOUT,AMC 15,MF,MF,2502P,INF109KA1N87,No
1700,ICICI PRUDENTIAL CONSTANT MATURITY GILT FUND - ANNUAL DIVIDEND REINVESTMENT,AMC 15,MF,MF,2502,INF109KA1O29,Yes
1701,ICICI Prudential Constant Maturity Gilt Fund - Growth,AMC 15,MF,MF,2498,INF109KA1N46,Yes
1702,ICICI Prudential Constant Maturity Gilt Fund - Half Yearly Dividend,AMC 15,MF,MF,2501P,INF109KA1N79,No
1703,ICICI PRUDENTIAL CONSTANT MATURITY GILT FUND - HALF YEARLY DIVIDEND REINVESTMENT,AMC 15,MF,MF,2501,INF109KA1O11,Yes
1704,ICICI Prudential Constant Maturity Gilt Fund - Monthly Dividend,AMC 15,MF,MF,2499P,INF109KA1N53,No
1705,ICICI PRUDENTIAL CONSTANT MATURITY GILT FUND - MONTHLY DIVIDEND REINVESTMENT,AMC 15,MF,MF,2499,INF109KA1N95,Yes
1706,ICICI Prudential Constant Maturity Gilt Fund - Quarterly IDCW Payout,AMC 15,MF,MF,2500P,INF109KA1N61,Yes
1707,ICICI PRUDENTIAL CONSTANT MATURITY GILT FUND - QUARTERLY IDCW PAYOUT,AMC 15,MF,MF,2500,INF109KA1O03,Yes
1708,ICICI PRUDENTIAL CONSUMPTION ETF,AMC 15,MF,MF,5015,INF109KC1V42,No
1709,ICICI Prudential Corporate Bond Fund - Bonus,AMC 15,MF,MF,2484,INF109KA1I84,Yes
1710,ICICI Prudential Corporate Bond Fund - Growth,AMC 15,MF,MF,1477,INF109K01CQ1,Yes
1711,ICICI Prudential Corporate Bond Fund - Monthly IDCW Payout,AMC 15,MF,MF,1481P,INF109K01SK0,Yes
1712,ICICI PRUDENTIAL CORPORATE BOND FUND - MONTHLY IDCW PAYOUT,AMC 15,MF,MF,1481,INF109K01CT5,Yes
1713,ICICI Prudential Corporate Bond Fund - Quarterly IDCW Payout,AMC 15,MF,MF,1482P,INF109K01SN4,Yes
1714,ICICI PRUDENTIAL CORPORATE BOND FUND - QUARTERLY IDCW PAYOUT,AMC 15,MF,MF,1482,INF109K01SO2,Yes
1715,ICICI PRUDENTIAL CORPORATE BOND FUND PREMIUM DAILY IDCW REINVESTMENT,AMC 15,MF,MF,1472,INF109K01CL2,Yes
1716,ICICI PRUDENTIAL CORPORATE BOND FUND PREMIUM FORT NIGHTLY IDCW REINVESTMENT,AMC 15,MF,MF,1474,INF109K01CN8,Yes
1717,ICICI PRUDENTIAL CORPORATE BOND FUND PREMIUM GROWTH,AMC 15,MF,MF,1471,INF109K01CK4,Yes
1718,ICICI PRUDENTIAL CORPORATE BOND FUND PREMIUM MONTHLY IDCW PAYOUT,AMC 15,MF,MF,1475,INF109K01CO6,Yes
1719,ICICI PRUDENTIAL CORPORATE BOND FUND PREMIUM QUARTERLY IDCW PAYOUT,AMC 15,MF,MF,1476,INF109K01CP3,Yes
1720,ICICI PRUDENTIAL CORPORATE BOND FUND PREMIUM QUARTERLY IDCW PAYOUT,AMC 15,MF,MF,1476P,INF109K01FP6,Yes
1721,ICICI PRUDENTIAL CORPORATE BOND FUND PREMIUM WEEKLY IDCW PAYOUT,AMC 15,MF,MF,1473,INF109K01CM0,Yes
1722,ICICI PRUDENTIAL CORPORATE BOND FUND RETAIL DAILY IDCW REINVESTMENT,AMC 15,MF,MF,1466,INF109K01CF4,Yes
1723,ICICI PRUDENTIAL CORPORATE BOND FUND RETAIL FORT NIGHTLY IDCW PAYOUT,AMC 15,MF,MF,1468,INF109K01SF0,Yes
1724,ICICI Prudential Corporate Bond Fund Retail Growth,AMC 15,MF,MF,1465,INF109K01CE7,Yes
1725,ICICI PRUDENTIAL CORPORATE BOND FUND RETAIL MONTHLY IDCW PAYOUT,AMC 15,MF,MF,1469,INF109K01QM0,Yes
1726,ICICI PRUDENTIAL CORPORATE BOND FUND RETAIL QUARTERLY IDCW PAYOUT,AMC 15,MF,MF,1470,INF109K01CJ6,Yes
1727,ICICI PRUDENTIAL CORPORATE BOND FUND RETAIL QUARTERLY IDCW PAYOUT,AMC 15,MF,MF,1470P,INF109K01FQ4,Yes
1728,ICICI PRUDENTIAL CORPORATE BOND FUND RETAIL WEEKLY IDCW PAYOUT,AMC 15,MF,MF,1467,INF109K01SE3,Yes
1729,ICICI PRUDENTIAL CORPORATE BOND FUND SUPER PREMIUM DAILY IDCW REINVESTMENT,AMC 15,MF,MF,1484,INF109K01CV1,Yes
1730,ICICI PRUDENTIAL CORPORATE BOND FUND SUPER PREMIUM GROWTH,AMC 15,MF,MF,1483,INF109K01CU3,Yes
1731,ICICI PRUDENTIAL CORPORATE BOND FUND SUPER PREMIUM MONTHLY IDCW REINVESTMENT,AMC 15,MF,MF,1487,INF123BSE038,Yes
1732,ICICI PRUDENTIAL CORPORATE BOND FUND SUPER PREMIUM WEEKLY IDCW REINVESTMENT,AMC 15,MF,MF,1485,INF123BSE037,Yes
1733,ICICI Prudential Credit Risk Fund - Bonus,AMC 15,MF,MF,2482,INF109KA1I27,Yes
1734,ICICI Prudential Credit Risk Fund - Growth,AMC 15,MF,MF,1637,INF109K01GU4,Yes
1735,ICICI Prudential Credit Risk Fund - Quarterly IDCW Payout,AMC 15,MF,MF,1638P,INF109K01GV2,Yes
1736,ICICI PRUDENTIAL CREDIT RISK FUND - QUARTERLY IDCW PAYOUT,AMC 15,MF,MF,1638,INF109K01GW0,Yes
1737,ICICI Prudential Debt Management Fund (FOF) - Growth,AMC 15,MF,MF,AVCP,INF109K01878,Yes
1738,ICICI Prudential Debt Management Fund (FOF) - IDCW Payout,AMC 15,MF,MF,VCPDP,INF109K01FS0,Yes
1739,ICICI PRUDENTIAL DEBT MANAGEMENT FUND (FOF) - IDCW PAYOUT,AMC 15,MF,MF,AVCPD,INF109K01886,Yes
1740,ICICI Prudential Dividend Yield Equity Fund - Growth,AMC 15,MF,MF,2373,INF109KA1TX4,Yes
1741,ICICI Prudential Dividend Yield Equity Fund - IDCW Payout,AMC 15,MF,MF,2374P,INF109KA1TY2,Yes
1742,ICICI PRUDENTIAL DIVIDEND YIELD EQUITY FUND - IDCW REINVESTMENT,AMC 15,MF,MF,2374,INF109KA1TZ9,Yes
1743,ICICI Prudential Dynamic Bond Fund - Annual Dividend,AMC 15,MF,MF,2534P,INF109KA15C5,No
1744,ICICI Prudential Dynamic Bond Fund - Daily Dividend,AMC 15,MF,MF,1617,INF109K01PJ8,No
1745,ICICI Prudential Dynamic Bond Fund - Growth,AMC 15,MF,MF,1456,INF109K01CB3,No
1746,ICICI Prudential Dynamic Bond Fund - Half Yearly Dividend,AMC 15,MF,MF,1489,INF109K01PK6,Yes
1747,ICICI Prudential Dynamic Bond Fund - Monthly Dividend,AMC 15,MF,MF,1457,INF109K01FE0,No
1748,ICICI Prudential Dynamic Bond Fund - Premium Plus Growth,AMC 15,MF,MF,1462,INF109K01RW7,Yes
1749,ICICI PRUDENTIAL DYNAMIC BOND FUND - PREMIUM PLUS MONTHLY DIVIDEND PAYOUT,AMC 15,MF,MF,1463,INF123BSE034,Yes
1750,ICICI PRUDENTIAL DYNAMIC BOND FUND - PREMIUM PLUS QUARTERLY DIVIDEND PAYOUT,AMC 15,MF,MF,1464,INF123BSE035,Yes
1751,ICICI Prudential Dynamic Bond Fund - Quarterly Dividend,AMC 15,MF,MF,1458,INF109K01FF7,No
1752,ICICI PRUDENTIAL DYNAMIC BOND FUND PREMIUM GROWTH,AMC 15,MF,MF,1459,INF109K01IZ9,Yes
1753,ICICI PRUDENTIAL DYNAMIC BOND FUND PREMIUM HALF YEARLY DIVIDEND PAYOUT,AMC 15,MF,MF,1490,INF109K01JA0,Yes
1754,ICICI PRUDENTIAL DYNAMIC BOND FUND PREMIUM HALF YEARLY DIVIDEND PAYOUT,AMC 15,MF,MF,1720P,INF109K01PO8,Yes
1755,ICICI PRUDENTIAL DYNAMIC BOND FUND PREMIUM MONTHLY DIVIDEND PAYOUT,AMC 15,MF,MF,1460,INF109K01JB8,Yes
1756,ICICI PRUDENTIAL DYNAMIC BOND FUND PREMIUM MONTHLY DIVIDEND PAYOUT,AMC 15,MF,MF,1717P,INF109K01PM2,Yes
1757,ICICI PRUDENTIAL DYNAMIC BOND FUND PREMIUM PLUS- DAILYDIVIDEND REINVESTMENT,AMC 15,MF,MF,1619,INF109K01SD5,Yes
1758,ICICI PRUDENTIAL DYNAMIC BOND FUND PREMIUM QUARTERLY DIVIDEND PAYOUT,AMC 15,MF,MF,1461,INF109K01JC6,Yes
1759,ICICI PRUDENTIAL DYNAMIC BOND FUND PREMIUM QUARTERLY DIVIDEND PAYOUT,AMC 15,MF,MF,1718P,INF109K01PN0,Yes
1760,ICICI PRUDENTIAL DYNAMIC BOND FUND PREMIUM- DAILYDIVIDEND REINVESTMENT,AMC 15,MF,MF,1618,INF109K01PL4,Yes
1761,ICICI PRUDENTIAL DYNAMIC BOND FUND- PREMIUM PLUS HALF YEARLY DIVIDEND PAYOUT,AMC 15,MF,MF,1491,INF123BSE039,Yes
1762,ICICI PRUDENTIAL EQUITY AND DEBT FUND - GROWTH,AMC 15,MF,MF,61,INF109K01480,Yes
1763,ICICI PRUDENTIAL EQUITY AND DEBT FUND - HALF YEARLY IDCW PAYOUT,AMC 15,MF,MF,2518,INF109KA1X85,Yes
1764,ICICI PRUDENTIAL EQUITY AND DEBT FUND - HALF YEARLY IDCW PAYOUT,AMC 15,MF,MF,2518P,INF109KA1X93,Yes
1765,ICICI PRUDENTIAL EQUITY AND DEBT FUND - MONTHLY IDCW PAYOUT,AMC 15,MF,MF,62,INF109K01498,Yes
1766,ICICI PRUDENTIAL EQUITY AND DEBT FUND - MONTHLY IDCW PAYOUT,AMC 15,MF,MF,62P,INF109K01DX5,Yes
1767,ICICI PRUDENTIAL EQUITY AND DEBT FUND - REGULAR PLAN - ANNUAL IDCW PAYOUT,AMC 15,MF,MF,2759,INF109KB1QJ8,Yes
1768,ICICI PRUDENTIAL EQUITY AND DEBT FUND - REGULAR PLAN - ANNUAL IDCW PAYOUT,AMC 15,MF,MF,2759P,INF109KB1QK6,Yes
1769,ICICI PRUDENTIAL EQUITY ARBITRAGE FUND - BONUS,AMC 15,MF,MF,2449,INF109KA1C15,Yes
1770,ICICI Prudential Equity Arbitrage Fund - Growth,AMC 15,MF,MF,EDIRG,INF109K01BF6,Yes
1771,ICICI Prudential Equity Arbitrage Fund - IDCW Payout,AMC 15,MF,MF,EDIRP,INF109K01EF0,Yes
1772,ICICI PRUDENTIAL EQUITY ARBITRAGE FUND - IDCW PAYOUT,AMC 15,MF,MF,EDIRD,INF109K01BE9,Yes
1773,ICICI Prudential Equity Arbitrage Fund - Institutional Growth,AMC 15,MF,MF,EDIIG,INF109K01BD1,No
1774,ICICI PRUDENTIAL EQUITY SAVINGS FUND - SERIES 1 CUMULATIVE,AMC 15,MF,MF,2262,INF109KA1LJ0,Yes
1775,ICICI PRUDENTIAL EQUITY SAVINGS FUND - SERIES 1 DIVIDEND PAYOUT,AMC 15,MF,MF,2263,INF109KA1LK8,Yes
1776,ICICI Prudential Equity Savings Fund Cumulative,AMC 15,MF,MF,2556,INF109KA14I5,Yes
1777,ICICI PRUDENTIAL EQUITY SAVINGS FUND HALF YEARLY DIVIDEND REINVESTMENT,AMC 15,MF,MF,2559,INF109KA10J1,Yes
1778,ICICI PRUDENTIAL EQUITY SAVINGS FUND MONTHLY DIVIDEND REINVESTMENT,AMC 15,MF,MF,2557,INF109KA18I6,Yes
1779,ICICI Prudential Equity Savings Fund Quarterly IDCW Payout,AMC 15,MF,MF,2558P,INF109KA16I0,Yes
1780,ICICI PRUDENTIAL EQUITY SAVINGS FUND QUARTERLY IDCW PAYOUT,AMC 15,MF,MF,2558,INF109KA19I4,Yes
1781,ICICI Prudential ESG Fund Growth,AMC 15,MF,MF,3435,INF109KC1N75,Yes
1782,ICICI Prudential ESG Fund IDCW Payout,AMC 15,MF,MF,3436P,INF109KC1N91,Yes
1783,ICICI PRUDENTIAL ESG FUND IDCW PAYOUT,AMC 15,MF,MF,3436,INF109KC1N83,Yes
1784,ICICI Prudential Exports and Services - Growth,AMC 15,MF,MF,SIG,INF109K01BB5,Yes
1785,ICICI Prudential Exports and Services - IDCW Payout,AMC 15,MF,MF,SIDP,INF109K01FL5,Yes
1786,ICICI PRUDENTIAL EXPORTS AND SERVICES - IDCW PAYOUT,AMC 15,MF,MF,SID,INF109K01BA7,Yes
1787,ICICI PRUDENTIAL FIXED MATURITY PLAN - SERIES 82 - 103 DAYS PLAN O CUMULATIVE,AMC 15,MF,MF,3062,INF109KC1AF9,Yes
1788,ICICI PRUDENTIAL FIXED MATURITY PLAN - SERIES 82 - 103 DAYS PLAN O DIVIDEND PAYOUT,AMC 15,MF,MF,3063,INF109KC1AG7,Yes
1789,ICICI PRUDENTIAL FIXED MATURITY PLAN - SERIES 82 - 99 DAYS PLAN T CUMULATIVE,AMC 15,MF,MF,3076,INF109KC1BH3,Yes
1790,ICICI PRUDENTIAL FIXED MATURITY PLAN - SERIES 82 - 99 DAYS PLAN T DIVIDEND PAYOUT,AMC 15,MF,MF,3077,INF109KC1BI1,Yes
1791,ICICI PRUDENTIAL FIXED MATURITY PLAN - SERIES 86 - 1106 DAYS PLAN D CUMULATIVE,AMC 15,MF,MF,3384,INF109KC1C03,Yes
1792,ICICI PRUDENTIAL FIXED MATURITY PLAN - SERIES 86 - 1106 DAYS PLAN D HALF YEARLY DIVIDEND PAYOUT,AMC 15,MF,MF,3386,INF109KC1C29,Yes
1793,ICICI PRUDENTIAL FIXED MATURITY PLAN - SERIES 86 - 1106 DAYS PLAN D QUARTERLY DIVIDEND PAYOUT,AMC 15,MF,MF,3385,INF109KC1C11,Yes
1794,ICICI PRUDENTIAL FIXED MATURITY PLAN - SERIES 86 - 1107 DAYS PLAN G CUMULATIVE,AMC 15,MF,MF,3393,INF109KC1E43,Yes
1795,ICICI PRUDENTIAL FIXED MATURITY PLAN - SERIES 86 - 1107 DAYS PLAN G HALF YEARLY DIVIDEND PAYOUT,AMC 15,MF,MF,3395,INF109KC1E68,Yes
1796,ICICI PRUDENTIAL FIXED MATURITY PLAN - SERIES 86 - 1107 DAYS PLAN G QUARTERLY DIVIDEND PAYOUT,AMC 15,MF,MF,3394,INF109KC1E50,Yes
1797,ICICI PRUDENTIAL FIXED MATURITY PLAN - SERIES 87 - 1115 DAYS PLAN K CUMULATIVE,AMC 15,MF,MF,3432,INF109KC1M92,Yes
1798,ICICI PRUDENTIAL FIXED MATURITY PLAN - SERIES 87 - 1115 DAYS PLAN K HALF YEARLY DIVIDEND PAYOUT,AMC 15,MF,MF,3434,INF109KC1N18,Yes
1799,ICICI PRUDENTIAL FIXED MATURITY PLAN - SERIES 87 - 1115 DAYS PLAN K QUARTERLY DIVIDEND PAYOUT,AMC 15,MF,MF,3433,INF109KC1N00,Yes
1800,ICICI PRUDENTIAL FIXED MATURITY PLAN - SERIES 87 - 1127 DAYS PLAN I CUMULATIVE,AMC 15,MF,MF,3426,INF109KC1L77,Yes
1801,ICICI PRUDENTIAL FIXED MATURITY PLAN - SERIES 87 - 1127 DAYS PLAN I HALF YEARLY DIVIDEND PAYOUT,AMC 15,MF,MF,3428,INF109KC1L93,Yes
1802,ICICI PRUDENTIAL FIXED MATURITY PLAN - SERIES 87 - 1127 DAYS PLAN I QUARTERLY DIVIDEND PAYOUT,AMC 15,MF,MF,3427,INF109KC1L85,Yes
1803,ICICI PRUDENTIAL FIXED MATURITY PLAN - SERIES 87 - 1128 DAYS PLAN J CUMULATIVE,AMC 15,MF,MF,3429,INF109KC1M35,Yes
1804,ICICI PRUDENTIAL FIXED MATURITY PLAN - SERIES 87 - 1128 DAYS PLAN J HALF YEARLY DIVIDEND PAYOUT,AMC 15,MF,MF,3431,INF109KC1M50,Yes
1805,ICICI PRUDENTIAL FIXED MATURITY PLAN - SERIES 87 - 1128 DAYS PLAN J QUARTERLY DIVIDEND PAYOUT,AMC 15,MF,MF,3430,INF109KC1M43,Yes
1806,ICICI PRUDENTIAL FIXED MATURITY PLAN - SERIES 87 - 1134 DAYS PLAN H CUMULATIVE,AMC 15,MF,MF,3423,INF109KC1L10,Yes
1807,ICICI PRUDENTIAL FIXED MATURITY PLAN - SERIES 87 - 1134 DAYS PLAN H HALF YEARLY DIVIDEND PAYOUT,AMC 15,MF,MF,3425,INF109KC1L36,Yes
1808,ICICI PRUDENTIAL FIXED MATURITY PLAN - SERIES 87 - 1134 DAYS PLAN H QUARTERLY DIVIDEND PAYOUT,AMC 15,MF,MF,3424,INF109KC1L28,Yes
1809,ICICI Prudential Fixed Maturity Plan - Series 87 - 1141 Days Plan G Cumulative,AMC 15,MF,MF,3420,INF109KC1K52,Yes
1810,ICICI Prudential Fixed Maturity Plan - Series 87 - 1141 Days Plan G Half Yearly IDCW,AMC 15,MF,MF,3422,INF109KC1K78,Yes
1811,ICICI Prudential Fixed Maturity Plan - Series 87 - 1141 Days Plan G Quarterly IDCW,AMC 15,MF,MF,3421,INF109KC1K60,Yes
1812,ICICI PRUDENTIAL FIXED MATURITY PLAN - SERIES 87 - 1148 DAYS PLAN F CUMULATIVE,AMC 15,MF,MF,3417,INF109KC1J97,Yes
1813,ICICI PRUDENTIAL FIXED MATURITY PLAN - SERIES 87 - 1148 DAYS PLAN F HALF YEARLY DIVIDEND PAYOUT,AMC 15,MF,MF,3419,INF109KC1K11,Yes
1814,ICICI PRUDENTIAL FIXED MATURITY PLAN - SERIES 87 - 1148 DAYS PLAN F QUARTERLY DIVIDEND PAYOUT,AMC 15,MF,MF,3418,INF109KC1K03,Yes
1815,ICICI PRUDENTIAL FIXED MATURITY PLAN - SERIES 87 - 1156 DAYS PLAN D CUMULATIVE,AMC 15,MF,MF,3411,INF109KC1I72,Yes
1816,ICICI PRUDENTIAL FIXED MATURITY PLAN - SERIES 87 - 1156 DAYS PLAN D HALF YEARLY DIVIDEND PAYOUT,AMC 15,MF,MF,3413,INF109KC1I98,Yes
1817,ICICI PRUDENTIAL FIXED MATURITY PLAN - SERIES 87 - 1156 DAYS PLAN D QUARTERLY DIVIDEND PAYOUT,AMC 15,MF,MF,3412,INF109KC1I80,Yes
1818,ICICI PRUDENTIAL FIXED MATURITY PLAN - SERIES 87 - 1157 DAYS PLAN E CUMULATIVE,AMC 15,MF,MF,3414,INF109KC1J30,Yes
1819,ICICI PRUDENTIAL FIXED MATURITY PLAN - SERIES 87 - 1157 DAYS PLAN E HALF YEARLY DIVIDEND PAYOUT,AMC 15,MF,MF,3416,INF109KC1J55,Yes
1820,ICICI PRUDENTIAL FIXED MATURITY PLAN - SERIES 87 - 1157 DAYS PLAN E QUARTERLY DIVIDEND PAYOUT,AMC 15,MF,MF,3415,INF109KC1J48,Yes
1821,ICICI PRUDENTIAL FIXED MATURITY PLAN - SERIES 87 - 1163 DAYS PLAN C CUMULATIVE,AMC 15,MF,MF,3406,INF109KC1H57,Yes
1822,ICICI PRUDENTIAL FIXED MATURITY PLAN - SERIES 87 - 1163 DAYS PLAN C HALF YEARLY DIVIDEND PAYOUT,AMC 15,MF,MF,3408,INF109KC1H73,Yes
1823,ICICI PRUDENTIAL FIXED MATURITY PLAN - SERIES 87 - 1163 DAYS PLAN C QUARTERLY DIVIDEND PAYOUT,AMC 15,MF,MF,3407,INF109KC1H65,Yes
1824,ICICI Prudential Fixed Maturity Plan - Series 87 - 1174 Days Plan B Cumulative,AMC 15,MF,MF,3403,INF109KC1G90,Yes
1825,ICICI Prudential Fixed Maturity Plan - Series 87 - 1174 Days Plan B Half Yearly IDCW,AMC 15,MF,MF,3405,INF109KC1H16,Yes
1826,ICICI Prudential Fixed Maturity Plan - Series 87 - 1174 Days Plan B Quarterly IDCW,AMC 15,MF,MF,3404,INF109KC1H08,Yes
1827,ICICI Prudential Fixed Maturity Plan - Series 87 - 1214 Days Plan A Cumulative,AMC 15,MF,MF,3400,INF109KC1G25,Yes
1828,ICICI Prudential Fixed Maturity Plan - Series 87 - 1214 Days Plan A Half Yearly IDCW,AMC 15,MF,MF,3402,INF109KC1G41,Yes
1829,ICICI Prudential Fixed Maturity Plan - Series 87 - 1214 Days Plan A Quarterly IDCW,AMC 15,MF,MF,3401,INF109KC1G33,Yes
1830,ICICI PRUDENTIAL FIXED MATURITY PLAN - SERIES 88 - 1233 DAYS PLAN I - GROWTH,AMC 15,MF,MF,3520,INF109KC18N2,Yes
1831,ICICI PRUDENTIAL FIXED MATURITY PLAN - SERIES 88 - 1233 DAYS PLAN I - HALF YEARLY IDCW PAYOUT,AMC 15,MF,MF,3522,INF109KC10O7,Yes
1832,ICICI PRUDENTIAL FIXED MATURITY PLAN - SERIES 88 - 1233 DAYS PLAN I - QUARTERLY IDCW PAYOUT,AMC 15,MF,MF,3521,INF109KC19N0,Yes
1833,ICICI Prudential Fixed Maturity Plan - Series 88 - 1303 Days Plan S - IDCW,AMC 15,MF,MF,3534,INF109KC13R4,Yes
1834,ICICI PRUDENTIAL FIXED MATURITY PLAN - SERIES 88 - 182 DAYS PLAN J - GROWTH,AMC 15,MF,MF,3518,INF109KC14O9,Yes
1835,ICICI PRUDENTIAL FIXED MATURITY PLAN - SERIES 88 - 182 DAYS PLAN J - IDCW PAYOUT,AMC 15,MF,MF,3519,INF109KC15O6,Yes
1836,ICICI PRUDENTIAL FIXED MATURITY PLAN - SERIES 88 - 1858 DAYS PLAN D - GROWTH,AMC 15,MF,MF,3475,INF109KC15A5,Yes
1837,ICICI PRUDENTIAL FIXED MATURITY PLAN - SERIES 88 - 1858 DAYS PLAN D - HALF YEARLY IDCW PAYOUT,AMC 15,MF,MF,3477,INF109KC17A1,Yes
1838,ICICI PRUDENTIAL FIXED MATURITY PLAN - SERIES 88 - 1858 DAYS PLAN D - QUARTERLY IDCW PAYOUT,AMC 15,MF,MF,3476,INF109KC16A3,Yes
1839,ICICI Prudential Fixed Maturity Plan - Series 88 - 226 Days Plan E - Growth,AMC 15,MF,MF,3484,INF109KC14D2,Yes
1840,ICICI Prudential Fixed Maturity Plan - Series 88 - 226 Days Plan E - Half Yearly IDCW,AMC 15,MF,MF,3486,INF109KC16D7,Yes
1841,ICICI Prudential Fixed Maturity Plan - Series 88 - 226 Days Plan E - Quarterly IDCW,AMC 15,MF,MF,3485,INF109KC15D9,Yes
1842,ICICI PRUDENTIAL FIXED MATURITY PLAN - SERIES 88 - 365 DAYS PLAN T -  IDCW PAYOUT,AMC 15,MF,MF,3536,INF109KC17R5,Yes
1843,ICICI PRUDENTIAL FIXED MATURITY PLAN - SERIES 88 - 365 DAYS PLAN T - GROWTH,AMC 15,MF,MF,3535,INF109KC16R7,Yes
1844,ICICI PRUDENTIAL FIXED MATURITY PLAN - SERIES 88 - 93 DAYS PLAN P - GROWTH,AMC 15,MF,MF,3525,INF109KC16P1,Yes
1845,ICICI PRUDENTIAL FIXED MATURITY PLAN - SERIES 88 - 93 DAYS PLAN P - QUARTERLY IDCW PAYOUT,AMC 15,MF,MF,3526,INF109KC17P9,Yes
1846,ICICI Prudential Fixed Maturity Plan - Series 88 -1303 Days Plan S - Growth,AMC 15,MF,MF,3533,INF109KC12R6,Yes
1847,ICICI Prudential Fixed Maturity Plan ?  Series 88 - 95 Days Plan B - Growth,AMC 15,MF,MF,3462,INF109KC1W82,Yes
1848,ICICI Prudential Fixed Maturity Plan ?  Series 88 - 95 Days Plan B - IDCW,AMC 15,MF,MF,3463,INF109KC1W90,Yes
1849,ICICI Prudential Fixed Maturity Plan ? Series 88 - 1828 Days Plan A,AMC 15,MF,MF,3451,INF109KC1T61,Yes
1850,ICICI Prudential Fixed Maturity Plan ? Series 88 - 1828 Days Plan A - Half Yearly IDCW,AMC 15,MF,MF,3453,INF109KC1T87,Yes
1851,ICICI Prudential Fixed Maturity Plan ? Series 88 - 1828 Days Plan A - Quarterly IDCW,AMC 15,MF,MF,3452,INF109KC1T79,Yes
1852,ICICI PRUDENTIAL FIXED MATURITY PLAN SERIES 79 - 1104 DAYS PLAN O CUMULATIVE,AMC 15,MF,MF,2850,INF109KB1ZQ4,Yes
1853,ICICI PRUDENTIAL FIXED MATURITY PLAN SERIES 79 - 1104 DAYS PLAN O HALF YEARLY DIVIDEND PAYOUT,AMC 15,MF,MF,2851,INF109KB1ZR2,Yes
1854,ICICI PRUDENTIAL FIXED MATURITY PLAN SERIES 79 - 1104 DAYS PLAN P CUMULATIVE,AMC 15,MF,MF,2854,INF109KB1B48,Yes
1855,ICICI PRUDENTIAL FIXED MATURITY PLAN SERIES 79 - 1104 DAYS PLAN P HALF YEARLY DIVIDEND PAYOUT,AMC 15,MF,MF,2855,INF109KB1B55,Yes
1856,ICICI PRUDENTIAL FIXED MATURITY PLAN SERIES 79 - 1104 DAYS PLAN Q CUMULATIVE,AMC 15,MF,MF,2856,INF109KB1B89,Yes
1857,ICICI PRUDENTIAL FIXED MATURITY PLAN SERIES 79 - 1104 DAYS PLAN Q HALF YEARLY DIVIDEND PAYOUT,AMC 15,MF,MF,2857,INF109KB1B97,Yes
1858,ICICI PRUDENTIAL FIXED MATURITY PLAN SERIES 79 - 1106 DAYS PLAN M CUMULATIVE,AMC 15,MF,MF,2846,INF109KB1ZI1,Yes
1859,ICICI PRUDENTIAL FIXED MATURITY PLAN SERIES 79 - 1106 DAYS PLAN M HALF YEARLY DIVIDEND PAYOUT,AMC 15,MF,MF,2847,INF109KB1ZJ9,Yes
1860,ICICI PRUDENTIAL FIXED MATURITY PLAN SERIES 79 - 1114 DAYS PLAN V CUMULATIVE,AMC 15,MF,MF,2866,INF109KB1E29,Yes
1861,ICICI PRUDENTIAL FIXED MATURITY PLAN SERIES 79 - 1114 DAYS PLAN V HALF YEARLY DIVIDEND PAYOUT,AMC 15,MF,MF,2867,INF109KB1E37,Yes
1862,ICICI PRUDENTIAL FIXED MATURITY PLAN SERIES 79 - 1119 DAYS PLAN W CUMULATIVE,AMC 15,MF,MF,2868,INF109KB1D04,Yes
1863,ICICI PRUDENTIAL FIXED MATURITY PLAN SERIES 79 - 1119 DAYS PLAN W HALF YEARLY DIVIDEND PAYOUT,AMC 15,MF,MF,2869,INF109KB1D12,Yes
1864,ICICI PRUDENTIAL FIXED MATURITY PLAN SERIES 79 - 1399 DAYS PLAN S CUMULATIVE,AMC 15,MF,MF,2860,INF109KB1F02,Yes
1865,ICICI PRUDENTIAL FIXED MATURITY PLAN SERIES 79 - 1399 DAYS PLAN S HALF YEARLY DIVIDEND PAYOUT,AMC 15,MF,MF,2861,INF109KB1F10,Yes
1866,ICICI PRUDENTIAL FIXED MATURITY PLAN SERIES 79 - 1404 DAYS PLAN T CUMULATIVE,AMC 15,MF,MF,2862,INF109KB1C62,Yes
1867,ICICI PRUDENTIAL FIXED MATURITY PLAN SERIES 79 - 1404 DAYS PLAN T HALF YEARLY DIVIDEND PAYOUT,AMC 15,MF,MF,2863,INF109KB1C70,Yes
1868,ICICI PRUDENTIAL FIXED MATURITY PLAN SERIES 79 - 1406 DAYS PLAN R CUMULATIVE,AMC 15,MF,MF,2858,INF109KB1D46,Yes
1869,ICICI PRUDENTIAL FIXED MATURITY PLAN SERIES 79 - 1406 DAYS PLAN R HALF YEARLY DIVIDEND PAYOUT,AMC 15,MF,MF,2859,INF109KB1D53,Yes
1870,ICICI PRUDENTIAL FIXED MATURITY PLAN SERIES 79 - 1408 DAYS PLAN U CUMULATIVE,AMC 15,MF,MF,2864,INF109KB1D87,Yes
1871,ICICI PRUDENTIAL FIXED MATURITY PLAN SERIES 79 - 1408 DAYS PLAN U HALF YEARLY DIVIDEND PAYOUT,AMC 15,MF,MF,2865,INF109KB1D95,Yes
1872,ICICI PRUDENTIAL FIXED MATURITY PLAN SERIES 79 - 181 DAYS PLAN Y CUMULATIVE,AMC 15,MF,MF,2872,INF109KB1F44,Yes
1873,ICICI PRUDENTIAL FIXED MATURITY PLAN SERIES 79 - 181 DAYS PLAN Y DIVIDEND PAYOUT,AMC 15,MF,MF,2873,INF109KB1F51,Yes
1874,ICICI PRUDENTIAL FIXED MATURITY PLAN SERIES 79 - 93 DAYS PLAN X CUMULATIVE,AMC 15,MF,MF,2870,INF109KB1E60,Yes
1875,ICICI PRUDENTIAL FIXED MATURITY PLAN SERIES 79 - 93 DAYS PLAN X DIVIDEND PAYOUT,AMC 15,MF,MF,2871,INF109KB1E78,Yes
1876,ICICI PRUDENTIAL FIXED MATURITY PLAN SERIES 80 - 1100 DAYS PLAN A CUMULATIVE,AMC 15,MF,MF,2876,INF109KB1H42,Yes
1877,ICICI PRUDENTIAL FIXED MATURITY PLAN SERIES 80 - 1100 DAYS PLAN A HALF YEARLY DIVIDEND PAYOUT,AMC 15,MF,MF,2877,INF109KB1H59,Yes
1878,ICICI PRUDENTIAL FIXED MATURITY PLAN SERIES 80 - 1105 DAYS PLAN E CUMULATIVE,AMC 15,MF,MF,2888,INF109KB1K47,Yes
1879,ICICI PRUDENTIAL FIXED MATURITY PLAN SERIES 80 - 1105 DAYS PLAN E HALF YEARLY DIVIDEND PAYOUT,AMC 15,MF,MF,2889,INF109KB1K54,Yes
1880,ICICI PRUDENTIAL FIXED MATURITY PLAN SERIES 80 - 1107 DAYS PLAN B CUMULATIVE,AMC 15,MF,MF,2878,INF109KB1H83,Yes
1881,ICICI PRUDENTIAL FIXED MATURITY PLAN SERIES 80 - 1107 DAYS PLAN B HALF YEARLY DIVIDEND PAYOUT,AMC 15,MF,MF,2879,INF109KB1H91,Yes
1882,ICICI PRUDENTIAL FIXED MATURITY PLAN SERIES 80 - 1118 DAYS PLAN X CUMULATIVE,AMC 15,MF,MF,2934,INF109KB1Z24,Yes
1883,ICICI PRUDENTIAL FIXED MATURITY PLAN SERIES 80 - 1118 DAYS PLAN X HALF YEARLY DIVIDEND PAYOUT,AMC 15,MF,MF,2935,INF109KB1Z32,Yes
1884,ICICI PRUDENTIAL FIXED MATURITY PLAN SERIES 80 - 1125 DAYS PLAN S CUMULATIVE,AMC 15,MF,MF,2946,INF109KB1Y09,Yes
1885,ICICI PRUDENTIAL FIXED MATURITY PLAN SERIES 80 - 1125 DAYS PLAN S HALF YEARLY DIVIDEND PAYOUT,AMC 15,MF,MF,2947,INF109KB1Y17,Yes
1886,ICICI PRUDENTIAL FIXED MATURITY PLAN SERIES 80 - 1138 DAYS PLAN R CUMULATIVE,AMC 15,MF,MF,2924,INF109KB1V85,Yes
1887,ICICI PRUDENTIAL FIXED MATURITY PLAN SERIES 80 - 1138 DAYS PLAN R HALF YEARLY DIVIDEND PAYOUT,AMC 15,MF,MF,2925,INF109KB1V93,Yes
1888,ICICI PRUDENTIAL FIXED MATURITY PLAN SERIES 80 - 1150 DAYS PLAN N CUMULATIVE,AMC 15,MF,MF,2918,INF109KB1T89,Yes
1889,ICICI PRUDENTIAL FIXED MATURITY PLAN SERIES 80 - 1150 DAYS PLAN N HALF YEARLY DIVIDEND PAYOUT,AMC 15,MF,MF,2919,INF109KB1T97,Yes
1890,ICICI PRUDENTIAL FIXED MATURITY PLAN SERIES 80 - 1170 DAYS PLAN I CUMULATIVE,AMC 15,MF,MF,2904,INF109KB1P83,Yes
1891,ICICI PRUDENTIAL FIXED MATURITY PLAN SERIES 80 - 1170 DAYS PLAN I HALF YEARLY DIVIDEND PAYOUT,AMC 15,MF,MF,2905,INF109KB1P91,Yes
1892,ICICI PRUDENTIAL FIXED MATURITY PLAN SERIES 80 - 1180 DAYS PLAN H CUMULATIVE,AMC 15,MF,MF,2902,INF109KB1O68,Yes
1893,ICICI PRUDENTIAL FIXED MATURITY PLAN SERIES 80 - 1180 DAYS PLAN H DIVIDEND PAYOUT,AMC 15,MF,MF,2903,INF109KB1O76,Yes
1894,ICICI PRUDENTIAL FIXED MATURITY PLAN SERIES 80 - 1194 DAYS PLAN F CUMULATIVE,AMC 15,MF,MF,2898,INF109KB1N85,Yes
1895,ICICI PRUDENTIAL FIXED MATURITY PLAN SERIES 80 - 1194 DAYS PLAN F HALF YEARLY DIVIDEND PAYOUT,AMC 15,MF,MF,2899,INF109KB1N93,Yes
1896,ICICI PRUDENTIAL FIXED MATURITY PLAN SERIES 80 - 1214 DAYS PLAN V CUMULATIVE,AMC 15,MF,MF,2936,INF109KB1Y41,Yes
1897,ICICI PRUDENTIAL FIXED MATURITY PLAN SERIES 80 - 1214 DAYS PLAN V HALF YEARLY DIVIDEND PAYOUT,AMC 15,MF,MF,2937,INF109KB1Y58,Yes
1898,ICICI PRUDENTIAL FIXED MATURITY PLAN SERIES 80 - 1215 DAYS PLAN Y CUMULATIVE,AMC 15,MF,MF,2938,INF109KB14A0,Yes
1899,ICICI PRUDENTIAL FIXED MATURITY PLAN SERIES 80 - 1215 DAYS PLAN Y HALF YEARLY DIVIDEND PAYOUT,AMC 15,MF,MF,2939,INF109KB15A7,Yes
1900,ICICI PRUDENTIAL FIXED MATURITY PLAN SERIES 80 - 1216 DAYS PLAN U CUMULATIVE,AMC 15,MF,MF,2940,INF109KB10A8,Yes
1901,ICICI PRUDENTIAL FIXED MATURITY PLAN SERIES 80 - 1216 DAYS PLAN U HALF YEARLY DIVIDEND PAYOUT,AMC 15,MF,MF,2941,INF109KB11A6,Yes
1902,ICICI PRUDENTIAL FIXED MATURITY PLAN SERIES 80 - 1216 DAYS PLAN W CUMULATIVE,AMC 15,MF,MF,2942,INF109KB1Y82,Yes
1903,ICICI PRUDENTIAL FIXED MATURITY PLAN SERIES 80 - 1216 DAYS PLAN W HALF YEARLY DIVIDEND PAYOUT,AMC 15,MF,MF,2943,INF109KB1Y90,Yes
1904,ICICI PRUDENTIAL FIXED MATURITY PLAN SERIES 80 - 1225 DAYS PLAN T CUMULATIVE,AMC 15,MF,MF,2944,INF109KB1Z65,Yes
1905,ICICI PRUDENTIAL FIXED MATURITY PLAN SERIES 80 - 1225 DAYS PLAN T HALF YEARLY DIVIDEND PAYOUT,AMC 15,MF,MF,2945,INF109KB1Z73,Yes
1906,ICICI PRUDENTIAL FIXED MATURITY PLAN SERIES 80 - 1231 DAYS PLAN P CUMULATIVE,AMC 15,MF,MF,2922,INF109KB1V44,Yes
1907,ICICI PRUDENTIAL FIXED MATURITY PLAN SERIES 80 - 1231 DAYS PLAN P HALF YEARLY DIVIDEND PAYOUT,AMC 15,MF,MF,2923,INF109KB1V51,Yes
1908,ICICI Prudential Fixed Maturity Plan Series 80 - 1233 Days Plan O Cumulative,AMC 15,MF,MF,2920,INF109KB1V02,Yes
1909,ICICI PRUDENTIAL FIXED MATURITY PLAN SERIES 80 - 1238 DAYS PLAN M CUMULATIVE,AMC 15,MF,MF,2916,INF109KB1T48,Yes
1910,ICICI PRUDENTIAL FIXED MATURITY PLAN SERIES 80 - 1238 DAYS PLAN M HALF YEARLY DIVIDEND PAYOUT,AMC 15,MF,MF,2917,INF109KB1T55,Yes
1911,ICICI PRUDENTIAL FIXED MATURITY PLAN SERIES 80 - 1245 DAYS PLAN L CUMULATIVE,AMC 15,MF,MF,2914,INF109KB1T06,Yes
1912,ICICI PRUDENTIAL FIXED MATURITY PLAN SERIES 80 - 1245 DAYS PLAN L DIVIDEND PAYOUT,AMC 15,MF,MF,2915,INF109KB1T14,Yes
1913,ICICI PRUDENTIAL FIXED MATURITY PLAN SERIES 80 - 1247 DAYS PLAN K CUMULATIVE,AMC 15,MF,MF,2912,INF109KB1S64,Yes
1914,ICICI PRUDENTIAL FIXED MATURITY PLAN SERIES 80 - 1253 DAYS PLAN J CUMULATIVE,AMC 15,MF,MF,2908,INF109KB1R40,Yes
1915,ICICI PRUDENTIAL FIXED MATURITY PLAN SERIES 80 - 1253 DAYS PLAN J HALF YEARLY DIVIDEND PAYOUT,AMC 15,MF,MF,2909,INF109KB1R57,Yes
1916,ICICI PRUDENTIAL FIXED MATURITY PLAN SERIES 81 - 1100 DAYS PLAN O CUMULATIVE,AMC 15,MF,MF,2985,INF109KB14S2,Yes
1917,ICICI PRUDENTIAL FIXED MATURITY PLAN SERIES 81 - 1100 DAYS PLAN O HALF YEARLY DIVIDEND PAYOUT,AMC 15,MF,MF,2986,INF109KB15S9,Yes
1918,ICICI Prudential Fixed Maturity Plan Series 81 - 1100 Days Plan R Cumulative,AMC 15,MF,MF,2993,INF109KB11U4,No
1919,ICICI Prudential Fixed Maturity Plan Series 81 - 1100 Days Plan R Dividend,AMC 15,MF,MF,2994,INF109KB12U2,Yes
1920,ICICI Prudential Fixed Maturity Plan Series 81 - 1100 Days Plan W Cumulative,AMC 15,MF,MF,3011,INF109KB17X5,Yes
1921,ICICI Prudential Fixed Maturity Plan Series 81 - 1100 Days Plan W Dividend,AMC 15,MF,MF,3012,INF109KB18X3,Yes
1922,ICICI PRUDENTIAL FIXED MATURITY PLAN SERIES 81 - 1101 DAYS PLAN C CUMULATIVE,AMC 15,MF,MF,2952,INF109KB16B3,Yes
1923,ICICI PRUDENTIAL FIXED MATURITY PLAN SERIES 81 - 1101 DAYS PLAN C HALF YEARLY DIVIDEND PAYOUT,AMC 15,MF,MF,2953,INF109KB17B1,Yes
1924,ICICI PRUDENTIAL FIXED MATURITY PLAN SERIES 81 - 1101 DAYS PLAN E CUMULATIVE,AMC 15,MF,MF,2958,INF109KB12D8,Yes
1925,ICICI PRUDENTIAL FIXED MATURITY PLAN SERIES 81 - 1101 DAYS PLAN E HALF YEARLY DIVIDEND PAYOUT,AMC 15,MF,MF,2959,INF109KB13D6,Yes
1926,ICICI Prudential Fixed Maturity Plan Series 81 - 1116 Days Plan I Cumulative,AMC 15,MF,MF,2965,INF109KB12G1,Yes
1927,ICICI PRUDENTIAL FIXED MATURITY PLAN SERIES 81 - 1141 DAYS PLAN N CUMULATIVE,AMC 15,MF,MF,2981,INF109KB10R2,Yes
1928,ICICI PRUDENTIAL FIXED MATURITY PLAN SERIES 81 - 1141 DAYS PLAN N HALF YEARLY DIVIDEND PAYOUT,AMC 15,MF,MF,2982,INF109KB11R0,Yes
1929,ICICI PRUDENTIAL FIXED MATURITY PLAN SERIES 81 - 1143 DAYS PLAN M CUMULATIVE,AMC 15,MF,MF,2979,INF109KB16Q1,Yes
1930,ICICI PRUDENTIAL FIXED MATURITY PLAN SERIES 81 - 1143 DAYS PLAN M HALF YEARLY DIVIDEND PAYOUT,AMC 15,MF,MF,2980,INF109KB17Q9,Yes
1931,ICICI PRUDENTIAL FIXED MATURITY PLAN SERIES 81 - 1147 DAYS PLAN L CUMULATIVE,AMC 15,MF,MF,2977,INF109KB12Q0,Yes
1932,ICICI PRUDENTIAL FIXED MATURITY PLAN SERIES 81 - 1147 DAYS PLAN L HALF YEARLY DIVIDEND PAYOUT,AMC 15,MF,MF,2978,INF109KB13Q8,Yes
1933,ICICI PRUDENTIAL FIXED MATURITY PLAN SERIES 81 - 1150 DAYS PLAN K CUMULATIVE,AMC 15,MF,MF,2975,INF109KB18P9,Yes
1934,ICICI PRUDENTIAL FIXED MATURITY PLAN SERIES 81 - 1150 DAYS PLAN K HALF YEARLY DIVIDEND PAYOUT,AMC 15,MF,MF,2976,INF109KB19P7,Yes
1935,ICICI PRUDENTIAL FIXED MATURITY PLAN SERIES 81 - 1154 DAYS PLAN J CUMULATIVE,AMC 15,MF,MF,2973,INF109KB12K3,Yes
1936,ICICI PRUDENTIAL FIXED MATURITY PLAN SERIES 81 - 1154 DAYS PLAN J HALF YEARLY DIVIDEND PAYOUT,AMC 15,MF,MF,2974,INF109KB13K1,Yes
1937,ICICI Prudential Fixed Maturity Plan Series 81 - 1162 Days Plan P Cumulative,AMC 15,MF,MF,2989,INF109KB13T2,Yes
1938,ICICI Prudential Fixed Maturity Plan Series 81 - 1162 Days Plan P Dividend,AMC 15,MF,MF,2990,INF109KB14T0,Yes
1939,ICICI Prudential Fixed Maturity Plan Series 81 - 1163 Days Plan Q Cumulative,AMC 15,MF,MF,2995,INF109KB15U5,Yes
1940,ICICI Prudential Fixed Maturity Plan Series 81 - 1163 Days Plan Q Dividend,AMC 15,MF,MF,2996,INF109KB16U3,Yes
1941,ICICI PRUDENTIAL FIXED MATURITY PLAN SERIES 81 - 1178 DAYS PLAN H CUMULATIVE,AMC 15,MF,MF,2967,INF109KB16G2,Yes
1942,ICICI PRUDENTIAL FIXED MATURITY PLAN SERIES 81 - 1178 DAYS PLAN H HALF YEARLY DIVIDEND PAYOUT,AMC 15,MF,MF,2968,INF109KB17G0,Yes
1943,ICICI PRUDENTIAL FIXED MATURITY PLAN SERIES 81 - 1185 DAYS PLAN G CUMULATIVE,AMC 15,MF,MF,2963,INF109KB10H3,Yes
1944,ICICI PRUDENTIAL FIXED MATURITY PLAN SERIES 81 - 1185 DAYS PLAN G HALF YEARLY DIVIDEND PAYOUT,AMC 15,MF,MF,2964,INF109KB11H1,Yes
1945,ICICI PRUDENTIAL FIXED MATURITY PLAN SERIES 81 - 1190 DAYS PLAN F CUMULATIVE,AMC 15,MF,MF,2954,INF109KB18F0,Yes
1946,ICICI PRUDENTIAL FIXED MATURITY PLAN SERIES 81 - 1190 DAYS PLAN F HALF YEARLY DIVIDEND PAYOUT,AMC 15,MF,MF,2960,INF109KB19F8,Yes
1947,ICICI PRUDENTIAL FIXED MATURITY PLAN SERIES 81 - 1195 DAYS PLAN D CUMULATIVE,AMC 15,MF,MF,2956,INF109KB14C6,Yes
1948,ICICI PRUDENTIAL FIXED MATURITY PLAN SERIES 81 - 1195 DAYS PLAN D HALF YEARLY DIVIDEND PAYOUT,AMC 15,MF,MF,2957,INF109KB15C3,Yes
1949,ICICI PRUDENTIAL FIXED MATURITY PLAN SERIES 81 - 1205 DAYS PLAN B CUMULATIVE,AMC 15,MF,MF,2950,INF109KB12B2,Yes
1950,ICICI PRUDENTIAL FIXED MATURITY PLAN SERIES 81 - 1205 DAYS PLAN B DIVIDEND PAYOUT,AMC 15,MF,MF,2951,INF109KB13B0,Yes
1951,ICICI PRUDENTIAL FIXED MATURITY PLAN SERIES 81 - 1211 DAYS PLAN A CUMULATIVE,AMC 15,MF,MF,2948,INF109KB18A1,Yes
1952,ICICI PRUDENTIAL FIXED MATURITY PLAN SERIES 81 - 1211 DAYS PLAN A HALF YEARLY DIVIDEND PAYOUT,AMC 15,MF,MF,2949,INF109KB19A9,Yes
1953,ICICI Prudential Fixed Maturity Plan Series 82 - 1119 DaysPlan X Cumulative,AMC 15,MF,MF,3092,INF109KC1CH1,Yes
1954,ICICI Prudential Fixed Maturity Plan Series 82 - 1119 DaysPlan X Half Yearly IDCW,AMC 15,MF,MF,3094,INF109KC1CI9,Yes
1955,ICICI Prudential Fixed Maturity Plan Series 82 - 1119 DaysPlan X Quarterly IDCW,AMC 15,MF,MF,3093,INF109KC1CJ7,Yes
1956,ICICI PRUDENTIAL FIXED MATURITY PLAN SERIES 82 - 1126 DAYS PLAN W CUMULATIVE,AMC 15,MF,MF,3089,INF109KC1CB4,Yes
1957,ICICI PRUDENTIAL FIXED MATURITY PLAN SERIES 82 - 1126 DAYS PLAN W HALF YEARLY DIVIDEND PAYOUT,AMC 15,MF,MF,3091,INF109KC1CC2,Yes
1958,ICICI PRUDENTIAL FIXED MATURITY PLAN SERIES 82 - 1126 DAYS PLAN W QUARTERLY DIVIDEND PAYOUT,AMC 15,MF,MF,3090,INF109KC1CD0,Yes
1959,ICICI Prudential Fixed Maturity Plan Series 82 - 1135 Days Plan S Cumulative,AMC 15,MF,MF,3078,INF109KC1BB6,Yes
1960,ICICI Prudential Fixed Maturity Plan Series 82 - 1135 Days Plan S Half Yearly IDCW,AMC 15,MF,MF,3080,INF109KC1BC4,Yes
1961,ICICI Prudential Fixed Maturity Plan Series 82 - 1135 Days Plan S Quarterly IDCW,AMC 15,MF,MF,3079,INF109KC1BD2,Yes
1962,ICICI Prudential Fixed Maturity Plan Series 82 - 1135 Days Plan U Cumulative,AMC 15,MF,MF,3086,INF109KC1BP6,Yes
1963,ICICI Prudential Fixed Maturity Plan Series 82 - 1135 Days Plan U Quarterly IDCW,AMC 15,MF,MF,3087,INF109KC1BR2,Yes
1964,ICICI Prudential Fixed Maturity Plan Series 82 - 1135 Days Plan V Cumulative,AMC 15,MF,MF,3083,INF109KC1BV4,Yes
1965,ICICI Prudential Fixed Maturity Plan Series 82 - 1135 Days Plan V Half Yearly IDCW,AMC 15,MF,MF,3085,INF109KC1BW2,Yes
1966,ICICI Prudential Fixed Maturity Plan Series 82 - 1135 Days Plan V Quarterly IDCW,AMC 15,MF,MF,3084,INF109KC1BX0,Yes
1967,ICICI PRUDENTIAL FIXED MATURITY PLAN SERIES 82 - 1135 DAYSPLAN U HALF YEARLY IDCW PAYOUT,AMC 15,MF,MF,3088,INF109KC1BQ4,Yes
1968,ICICI Prudential Fixed Maturity Plan Series 82 - 1136 Days Plan P Cumulative,AMC 15,MF,MF,3070,INF109KC1AJ1,Yes
1969,ICICI Prudential Fixed Maturity Plan Series 82 - 1136 Days Plan P Half Yearly IDCW,AMC 15,MF,MF,3072,INF109KC1AK9,Yes
1970,ICICI Prudential Fixed Maturity Plan Series 82 - 1136 Days Plan P Quarterly IDCW,AMC 15,MF,MF,3071,INF109KC1AL7,Yes
1971,ICICI Prudential Fixed Maturity Plan Series 82 - 1141 DaysPlan Y Cumulative,AMC 15,MF,MF,3097,INF109KC1CP4,No
1972,ICICI Prudential Fixed Maturity Plan Series 82 - 1141 DaysPlan Y Half Yearly IDCW,AMC 15,MF,MF,3099,INF109KC1CQ2,No
1973,ICICI Prudential Fixed Maturity Plan Series 82 - 1141 DaysPlan Y Quarterly IDCW,AMC 15,MF,MF,3098,INF109KC1CR0,No
1974,ICICI Prudential Fixed Maturity Plan Series 82 - 1157 Days Plan J Cumulative,AMC 15,MF,MF,3047,INF109KC1739,Yes
1975,ICICI Prudential Fixed Maturity Plan Series 82 - 1157 Days Plan J Half Yearly IDCW,AMC 15,MF,MF,3049,INF109KC1747,Yes
1976,ICICI Prudential Fixed Maturity Plan Series 82 - 1157 Days Plan J Quarterly IDCW,AMC 15,MF,MF,3048,INF109KC1754,Yes
1977,ICICI Prudential Fixed Maturity Plan Series 82 - 1170 Days Plan R Cumulative,AMC 15,MF,MF,3073,INF109KC1AV6,Yes
1978,ICICI Prudential Fixed Maturity Plan Series 82 - 1170 Days Plan R Half Yearly IDCW,AMC 15,MF,MF,3075,INF109KC1AW4,Yes
1979,ICICI Prudential Fixed Maturity Plan Series 82 - 1170 Days Plan R Quarterly IDCW,AMC 15,MF,MF,3074,INF109KC1AX2,Yes
1980,ICICI Prudential Fixed Maturity Plan Series 82 - 1175 Days Plan Q Cumulative,AMC 15,MF,MF,3067,INF109KC1AP8,Yes
1981,ICICI Prudential Fixed Maturity Plan Series 82 - 1175 Days Plan Q Half Yearly IDCW,AMC 15,MF,MF,3069,INF109KC1AQ6,Yes
1982,ICICI Prudential Fixed Maturity Plan Series 82 - 1175 Days Plan Q Quarterly IDCW,AMC 15,MF,MF,3068,INF109KC1AR4,Yes
1983,ICICI Prudential Fixed Maturity Plan Series 82 - 1185 Days Plan I Cumulative,AMC 15,MF,MF,3050,INF109KC1671,Yes
1984,ICICI PRUDENTIAL FIXED MATURITY PLAN SERIES 82 - 1185 DAYS PLAN I HALF YEARLY DIVIDEND,AMC 15,MF,MF,3052,INF109KC1689,Yes
1985,ICICI PRUDENTIAL FIXED MATURITY PLAN SERIES 82 - 1185 DAYS PLAN I QUARTERLY DIVIDEND,AMC 15,MF,MF,3051,INF109KC1697,Yes
1986,ICICI Prudential Fixed Maturity Plan Series 82 - 1185 Days Plan M Cumulative,AMC 15,MF,MF,3059,INF109KC1937,Yes
1987,ICICI PRUDENTIAL FIXED MATURITY PLAN SERIES 82 - 1185 DAYS PLAN M HALF YEARLY DIVIDEND PAYOUT,AMC 15,MF,MF,3061,INF109KC1945,Yes
1988,ICICI Prudential Fixed Maturity Plan Series 82 - 1185 Days Plan M Quarterly IDCW,AMC 15,MF,MF,3060,INF109KC1952,Yes
1989,ICICI Prudential Fixed Maturity Plan Series 82 - 1185 Days Plan N Cumulative,AMC 15,MF,MF,3064,INF109KC1994,Yes
1990,ICICI Prudential Fixed Maturity Plan Series 82 - 1185 Days Plan N Half Yearly IDCW,AMC 15,MF,MF,3066,INF109KC1AA0,Yes
1991,ICICI Prudential Fixed Maturity Plan Series 82 - 1185 Days Plan N Quarterly IDCW,AMC 15,MF,MF,3065,INF109KC1AB8,Yes
1992,ICICI Prudential Fixed Maturity Plan Series 82 - 1187 Days Plan F Cumulative,AMC 15,MF,MF,3036,INF109KC1374,Yes
1993,ICICI Prudential Fixed Maturity Plan Series 82 - 1187 Days Plan F Half Yearly IDCW,AMC 15,MF,MF,3038,INF109KC1382,Yes
1994,ICICI Prudential Fixed Maturity Plan Series 82 - 1187 Days Plan F Quarterly IDCW,AMC 15,MF,MF,3037,INF109KC1390,Yes
1995,ICICI Prudential Fixed Maturity Plan Series 82 - 1199 Days Plan L Cumulative,AMC 15,MF,MF,3056,INF109KC1879,No
1996,ICICI Prudential Fixed Maturity Plan Series 82 - 1199 Days Plan L Half Yearly IDCW,AMC 15,MF,MF,3058,INF109KC1887,No
1997,ICICI Prudential Fixed Maturity Plan Series 82 - 1203 Days Plan K Cumulative,AMC 15,MF,MF,3053,INF109KC1812,Yes
1998,ICICI Prudential Fixed Maturity Plan Series 82 - 1203 Days Plan K Half Yearly IDCW,AMC 15,MF,MF,3055,INF109KC1820,Yes
1999,ICICI Prudential Fixed Maturity Plan Series 82 - 1203 Days Plan K Quarterly IDCW,AMC 15,MF,MF,3054,INF109KC1838,Yes
2000,ICICI Prudential Fixed Maturity Plan Series 82 - 1215 Days Plan H Cumulative,AMC 15,MF,MF,3042,INF109KC1499,Yes
2001,ICICI Prudential Fixed Maturity Plan Series 82 - 1215 Days Plan H Half Yearly IDCW,AMC 15,MF,MF,3044,INF109KC1507,Yes
2002,ICICI Prudential Fixed Maturity Plan Series 82 - 1215 Days Plan H Quarterly IDCW,AMC 15,MF,MF,3043,INF109KC1515,Yes
2003,ICICI Prudential Fixed Maturity Plan Series 82 - 1217 Days Plan C Cumulative,AMC 15,MF,MF,3025,INF109KC1119,Yes
2004,ICICI Prudential Fixed Maturity Plan Series 82 - 1217 Days Plan C Half Yearly IDCW,AMC 15,MF,MF,3027,INF109KC1127,Yes
2005,ICICI Prudential Fixed Maturity Plan Series 82 - 1217 Days Plan C Quarterly IDCW,AMC 15,MF,MF,3026,INF109KC1135,Yes
2006,ICICI Prudential Fixed Maturity Plan Series 82 - 1219 Days Plan D Cumulative,AMC 15,MF,MF,3028,INF109KC1176,Yes
2007,ICICI Prudential Fixed Maturity Plan Series 82 - 1219 Days Plan D Half Yearly IDCW,AMC 15,MF,MF,3030,INF109KC1184,Yes
2008,ICICI Prudential Fixed Maturity Plan Series 82 - 1219 Days Plan D Quarterly IDCW,AMC 15,MF,MF,3029,INF109KC1192,Yes
2009,ICICI Prudential Fixed Maturity Plan Series 82 - 1223 Days Plan E Cumulative,AMC 15,MF,MF,3031,INF109KC1275,Yes
2010,ICICI Prudential Fixed Maturity Plan Series 82 - 1223 Days Plan E Half Yearly IDCW,AMC 15,MF,MF,3033,INF109KC1283,Yes
2011,ICICI Prudential Fixed Maturity Plan Series 82 - 1223 Days Plan E Quarterly IDCW,AMC 15,MF,MF,3032,INF109KC1291,Yes
2012,ICICI Prudential Fixed Maturity Plan Series 82 - 1223 Days Plan G Cumulative,AMC 15,MF,MF,3039,INF109KC1432,Yes
2013,ICICI Prudential Fixed Maturity Plan Series 82 - 1223 Days Plan G Half Yearly IDCW,AMC 15,MF,MF,3041,INF109KC1440,Yes
2014,ICICI Prudential Fixed Maturity Plan Series 82 - 1223 Days Plan G Quarterly IDCW,AMC 15,MF,MF,3040,INF109KC1457,Yes
2015,ICICI Prudential Fixed Maturity Plan Series 82 - 1225 Days Plan B Cumulative,AMC 15,MF,MF,3020,INF109KC1010,Yes
2016,ICICI Prudential Fixed Maturity Plan Series 82 - 1225 Days Plan B IDCW Half Yearly,AMC 15,MF,MF,3022,INF109KC1036,Yes
2017,ICICI Prudential Fixed Maturity Plan Series 82 - 1225 Days Plan B IDCW Quarterly,AMC 15,MF,MF,3021,INF109KC1028,Yes
2018,ICICI Prudential Fixed Maturity Plan Series 82 - 1236 Days Plan A Cumulative,AMC 15,MF,MF,3015,INF109KB10Z5,Yes
2019,ICICI Prudential Fixed Maturity Plan Series 82 - 1236 Days Plan A IDCW Half Yearly,AMC 15,MF,MF,3017,INF109KB11Z3,Yes
2020,ICICI Prudential Fixed Maturity Plan Series 82 - 1236 Days Plan A IDCW Quarterly,AMC 15,MF,MF,3016,INF109KB12Z1,Yes
2021,ICICI PRUDENTIAL FIXED MATURITY PLAN SERIES 82 - 91 DAYS PLAN Z CUMULATIVE,AMC 15,MF,MF,3100,INF109KC1DM9,Yes
2022,ICICI PRUDENTIAL FIXED MATURITY PLAN SERIES 82 - 91 DAYS PLAN Z DIVIDEND PAYOUT,AMC 15,MF,MF,3101,INF109KC1DN7,Yes
2023,ICICI Prudential Fixed Maturity Plan Series 83 - 1100 Days Plan O Cumulative,AMC 15,MF,MF,3145,INF109KC1HG2,Yes
2024,ICICI PRUDENTIAL FIXED MATURITY PLAN SERIES 83 - 1100 DAYS PLAN O HALF YEARLY DIVIDEND PAYOUT,AMC 15,MF,MF,3147,INF109KC1HI8,Yes
2025,ICICI PRUDENTIAL FIXED MATURITY PLAN SERIES 83 - 1100 DAYS PLAN O QUARTERLY DIVIDEND PAYOUT,AMC 15,MF,MF,3146,INF109KC1HH0,Yes
2026,ICICI Prudential Fixed Maturity Plan Series 83 - 1100 Days Plan R Cumulative,AMC 15,MF,MF,3154,INF109KC1HU3,Yes
2027,ICICI PRUDENTIAL FIXED MATURITY PLAN SERIES 83 - 1100 DAYS PLAN R HALF YEARLY DIVIDEND PAYOUT,AMC 15,MF,MF,3156,INF109KC1HW9,Yes
2028,ICICI Prudential Fixed Maturity Plan Series 83 - 1100 Days Plan R Quarterly IDCW,AMC 15,MF,MF,3155,INF109KC1HV1,Yes
2029,ICICI Prudential Fixed Maturity Plan Series 83 - 1100 Days Plan S Cumulative,AMC 15,MF,MF,3157,INF109KC1IA3,Yes
2030,ICICI Prudential Fixed Maturity Plan Series 83 - 1100 Days Plan S Half Yearly IDCW,AMC 15,MF,MF,3159,INF109KC1IC9,Yes
2031,ICICI Prudential Fixed Maturity Plan Series 83 - 1100 Days Plan S Quarterly IDCW,AMC 15,MF,MF,3158,INF109KC1IB1,Yes
2032,ICICI Prudential Fixed Maturity Plan Series 83 - 1100 Days Plan X Cumulative,AMC 15,MF,MF,3173,INF109KC1JL8,Yes
2033,ICICI Prudential Fixed Maturity Plan Series 83 - 1100 Days Plan X Half Yearly IDCW,AMC 15,MF,MF,3175,INF109KC1JN4,Yes
2034,ICICI Prudential Fixed Maturity Plan Series 83 - 1100 Days Plan X Quarterly IDCW,AMC 15,MF,MF,3174,INF109KC1JM6,Yes
2035,ICICI Prudential Fixed Maturity Plan Series 83 - 1101 Days Plan Z Cumulative,AMC 15,MF,MF,3179,INF109KC1JX3,Yes
2036,ICICI Prudential Fixed Maturity Plan Series 83 - 1101 Days Plan Z Half Yearly IDCW,AMC 15,MF,MF,3181,INF109KC1JZ8,Yes
2037,ICICI Prudential Fixed Maturity Plan Series 83 - 1101 Days Plan Z Quarterly IDCW,AMC 15,MF,MF,3180,INF109KC1JY1,Yes
2038,ICICI Prudential Fixed Maturity Plan Series 83 - 1103 Days Plan L Cumulative,AMC 15,MF,MF,3134,INF109KC1FY9,Yes
2039,ICICI PRUDENTIAL FIXED MATURITY PLAN SERIES 83 - 1103 DAYS PLAN L HALF YEARLY DIVIDEND,AMC 15,MF,MF,3136,INF109KC1GA7,Yes
2040,ICICI PRUDENTIAL FIXED MATURITY PLAN SERIES 83 - 1103 DAYS PLAN L QUARTERLY DIVIDEND,AMC 15,MF,MF,3135,INF109KC1FZ6,Yes
2041,ICICI PRUDENTIAL FIXED MATURITY PLAN SERIES 83 - 1103 DAYS PLAN N CUMULATIVE,AMC 15,MF,MF,3140,INF109KC1GU5,Yes
2042,ICICI PRUDENTIAL FIXED MATURITY PLAN SERIES 83 - 1103 DAYS PLAN N HALF YEARLY DIVIDEND,AMC 15,MF,MF,3142,INF109KC1GW1,Yes
2043,ICICI PRUDENTIAL FIXED MATURITY PLAN SERIES 83 - 1103 DAYS PLAN N QUARTERLY DIVIDEND,AMC 15,MF,MF,3141,INF109KC1GV3,Yes
2044,ICICI Prudential Fixed Maturity Plan Series 83 - 1105 Days Plan A Cumulative,AMC 15,MF,MF,3102,INF109KC1DA4,Yes
2045,ICICI Prudential Fixed Maturity Plan Series 83 - 1105 Days Plan A Half Yearly IDCW,AMC 15,MF,MF,3104,INF109KC1DC0,Yes
2046,ICICI Prudential Fixed Maturity Plan Series 83 - 1105 Days Plan A Quarterly IDCW,AMC 15,MF,MF,3103,INF109KC1DB2,Yes
2047,ICICI Prudential Fixed Maturity Plan Series 83 - 1105 Days Plan F Cumulative,AMC 15,MF,MF,3116,INF109KC1EO3,Yes
2048,ICICI Prudential Fixed Maturity Plan Series 83 - 1105 Days Plan F Half Yearly IDCW,AMC 15,MF,MF,3118,INF109KC1EQ8,Yes
2049,ICICI Prudential Fixed Maturity Plan Series 83 - 1105 Days Plan F Quarterly IDCW,AMC 15,MF,MF,3117,INF109KC1EP0,Yes
2050,ICICI Prudential Fixed Maturity Plan Series 83 - 1105 Days Plan M Cumulative,AMC 15,MF,MF,3137,INF109KC1GK6,Yes
2051,ICICI Prudential Fixed Maturity Plan Series 83 - 1105 Days Plan M Half Yearly IDCW,AMC 15,MF,MF,3139,INF109KC1GM2,Yes
2052,ICICI Prudential Fixed Maturity Plan Series 83 - 1105 Days Plan M Quarterly IDCW,AMC 15,MF,MF,3138,INF109KC1GL4,Yes
2053,ICICI PRUDENTIAL FIXED MATURITY PLAN SERIES 83 - 1106 DAYS PLAN U CUMULATIVE,AMC 15,MF,MF,3163,INF109KC1IO4,Yes
2054,ICICI PRUDENTIAL FIXED MATURITY PLAN SERIES 83 - 1106 DAYS PLAN U HALF YEARLY DIVIDEND PAYOUT,AMC 15,MF,MF,3165,INF109KC1IQ9,Yes
2055,ICICI PRUDENTIAL FIXED MATURITY PLAN SERIES 83 - 1106 DAYS PLAN U QUARTERLY DIVIDEND PAYOUT,AMC 15,MF,MF,3164,INF109KC1IP1,Yes
2056,ICICI Prudential Fixed Maturity Plan Series 83 - 1107 Days Plan Q Cumulative,AMC 15,MF,MF,3151,INF109KC1HM0,Yes
2057,ICICI PRUDENTIAL FIXED MATURITY PLAN SERIES 83 - 1107 DAYS PLAN Q HALF YEARLY DIVIDEND PAYOUT,AMC 15,MF,MF,3153,INF109KC1HO6,Yes
2058,ICICI PRUDENTIAL FIXED MATURITY PLAN SERIES 83 - 1107 DAYS PLAN Q QUARTERLY DIVIDEND PAYOUT,AMC 15,MF,MF,3152,INF109KC1HN8,Yes
2059,ICICI Prudential Fixed Maturity Plan Series 83 - 1108 Days Plan H Cumulative,AMC 15,MF,MF,3121,INF109KC1FM4,Yes
2060,ICICI Prudential Fixed Maturity Plan Series 83 - 1108 Days Plan H Half Yearly IDCW,AMC 15,MF,MF,3123,INF109KC1FO0,Yes
2061,ICICI PRUDENTIAL FIXED MATURITY PLAN SERIES 83 - 1108 DAYS PLAN H QUARTERLY DIVIDEND PAYOUT,AMC 15,MF,MF,3122,INF109KC1FN2,Yes
2062,ICICI Prudential Fixed Maturity Plan Series 83 - 1110 Days Plan T Cumulative,AMC 15,MF,MF,3160,INF109KC1II6,Yes
2063,ICICI Prudential Fixed Maturity Plan Series 83 - 1110 Days Plan T Half Yearly IDCW,AMC 15,MF,MF,3162,INF109KC1IK2,Yes
2064,ICICI Prudential Fixed Maturity Plan Series 83 - 1110 Days Plan T Quarterly IDCW,AMC 15,MF,MF,3161,INF109KC1IJ4,Yes
2065,ICICI Prudential Fixed Maturity Plan Series 83 - 1111 Days Plan Y Cumulative,AMC 15,MF,MF,3176,INF109KC1JR5,Yes
2066,ICICI Prudential Fixed Maturity Plan Series 83 - 1111 Days Plan Y Half Yearly IDCW,AMC 15,MF,MF,3178,INF109KC1JT1,Yes
2067,ICICI Prudential Fixed Maturity Plan Series 83 - 1111 Days Plan Y Quarterly IDCW,AMC 15,MF,MF,3177,INF109KC1JS3,Yes
2068,ICICI Prudential Fixed Maturity Plan Series 83 - 1113 Days Plan E Cumulative,AMC 15,MF,MF,3113,INF109KC1EI5,Yes
2069,ICICI Prudential Fixed Maturity Plan Series 83 - 1113 Days Plan E Half Yearly IDCW,AMC 15,MF,MF,3115,INF109KC1EK1,Yes
2070,ICICI Prudential Fixed Maturity Plan Series 83 - 1113 Days Plan E Quarterly IDCW,AMC 15,MF,MF,3114,INF109KC1EJ3,Yes
2071,ICICI PRUDENTIAL FIXED MATURITY PLAN SERIES 83 - 1361 DAYS PLAN W CUMULATIVE,AMC 15,MF,MF,3170,INF109KC1JC7,Yes
2072,ICICI PRUDENTIAL FIXED MATURITY PLAN SERIES 83 - 1361 DAYS PLAN W HALF YEARLY DIVIDEND PAYOUT,AMC 15,MF,MF,3172,INF109KC1JE3,Yes
2073,ICICI PRUDENTIAL FIXED MATURITY PLAN SERIES 83 - 1361 DAYS PLAN W QUARTERLY DIVIDEND PAYOUT,AMC 15,MF,MF,3171,INF109KC1JD5,Yes
2074,ICICI Prudential Fixed Maturity Plan Series 83 - 1392 Days Plan J Cumulative,AMC 15,MF,MF,3126,INF109KC1FG6,Yes
2075,ICICI Prudential Fixed Maturity Plan Series 83 - 1392 Days Plan J Half Yearly IDCW,AMC 15,MF,MF,3128,INF109KC1FI2,Yes
2076,ICICI Prudential Fixed Maturity Plan Series 83 - 1392 Days Plan J Quarterly IDCW,AMC 15,MF,MF,3127,INF109KC1FH4,Yes
2077,ICICI Prudential Fixed Maturity Plan Series 83 - 1406 Days Plan D Cumulative,AMC 15,MF,MF,3110,INF109KC1DU2,Yes
2078,ICICI Prudential Fixed Maturity Plan Series 83 - 1406 Days Plan D Half Yearly IDCW,AMC 15,MF,MF,3112,INF109KC1DV0,Yes
2079,ICICI Prudential Fixed Maturity Plan Series 83 - 1406 Days Plan D Quarterly IDCW,AMC 15,MF,MF,3111,INF109KC1DW8,Yes
2080,ICICI Prudential Fixed Maturity Plan Series 83 - 1412 Days Plan B Cumulative,AMC 15,MF,MF,3105,INF109KC1DG1,Yes
2081,ICICI Prudential Fixed Maturity Plan Series 83 - 1412 Days Plan B Half Yearly IDCW,AMC 15,MF,MF,3107,INF109KC1DI7,Yes
2082,ICICI Prudential Fixed Maturity Plan Series 83 - 1412 Days Plan B Quarterly IDCW,AMC 15,MF,MF,3106,INF109KC1DH9,Yes
2083,ICICI Prudential Fixed Maturity Plan Series 83 - 1735 Days Plan P Cumulative,AMC 15,MF,MF,3148,INF109KC1HA5,Yes
2084,ICICI Prudential Fixed Maturity Plan Series 83 - 1735 Days Plan P Half Yearly IDCW,AMC 15,MF,MF,3150,INF109KC1HC1,Yes
2085,ICICI Prudential Fixed Maturity Plan Series 83 - 1735 Days Plan P Quarterly IDCW,AMC 15,MF,MF,3149,INF109KC1HB3,Yes
2086,ICICI PRUDENTIAL FIXED MATURITY PLAN SERIES 83 - 193 DAYS PLAN G CUMULATIVE,AMC 15,MF,MF,3119,INF109KC1EY2,Yes
2087,ICICI PRUDENTIAL FIXED MATURITY PLAN SERIES 83 - 193 DAYS PLAN G DIVIDEND PAYOUT,AMC 15,MF,MF,3120,INF109KC1EZ9,Yes
2088,ICICI PRUDENTIAL FIXED MATURITY PLAN SERIES 83 - 204 DAYS PLAN V CUMULATIVE,AMC 15,MF,MF,3166,INF109KC1IY3,Yes
2089,ICICI PRUDENTIAL FIXED MATURITY PLAN SERIES 83 - 204 DAYS PLAN V DIVIDEND PAYOUT,AMC 15,MF,MF,3167,INF109KC1IZ0,Yes
2090,ICICI PRUDENTIAL FIXED MATURITY PLAN SERIES 83 - 91 DAYS PLAN C CUMULATIVE,AMC 15,MF,MF,3108,INF109KC1DQ0,Yes
2091,ICICI PRUDENTIAL FIXED MATURITY PLAN SERIES 83 - 91 DAYS PLAN C DIVIDEND PAYOUT,AMC 15,MF,MF,3109,INF109KC1DR8,Yes
2092,ICICI PRUDENTIAL FIXED MATURITY PLAN SERIES 83 - 94 DAYS PLAN K CUMULATIVE,AMC 15,MF,MF,3129,INF109KC1FS1,Yes
2093,ICICI PRUDENTIAL FIXED MATURITY PLAN SERIES 83 - 94 DAYS PLAN K DIVIDEND PAYOUT,AMC 15,MF,MF,3130,INF109KC1FT9,Yes
2094,ICICI PRUDENTIAL FIXED MATURITY PLAN SERIES 83 - 99 DAYS PLAN I CUMULATIVE,AMC 15,MF,MF,3124,INF109KC1FC5,Yes
2095,ICICI PRUDENTIAL FIXED MATURITY PLAN SERIES 83 - 99 DAYS PLAN I DIVIDEND PAYOUT,AMC 15,MF,MF,3125,INF109KC1FD3,Yes
2096,ICICI Prudential Fixed Maturity Plan Series 84 - 1101 Days Plan A Cumulative,AMC 15,MF,MF,3182,INF109KC1KD3,Yes
2097,ICICI Prudential Fixed Maturity Plan Series 84 - 1101 Days Plan A Half Yearly IDCW,AMC 15,MF,MF,3184,INF109KC1KF8,Yes
2098,ICICI Prudential Fixed Maturity Plan Series 84 - 1101 Days Plan A Quarterly IDCW,AMC 15,MF,MF,3183,INF109KC1KE1,Yes
2099,ICICI Prudential Fixed Maturity Plan Series 84 - 1103 Days Plan C Cumulative,AMC 15,MF,MF,3187,INF109KC1KN2,Yes
2100,ICICI Prudential Fixed Maturity Plan Series 84 - 1103 Days Plan C Half Yearly IDCW,AMC 15,MF,MF,3189,INF109KC1KO0,Yes
2101,ICICI Prudential Fixed Maturity Plan Series 84 - 1103 Days Plan C Quarterly IDCW,AMC 15,MF,MF,3188,INF109KC1KP7,Yes
2102,ICICI Prudential Fixed Maturity Plan Series 84 - 1188 Days Plan Z Cumulative,AMC 15,MF,MF,3272,INF109KC1SC8,Yes
2103,ICICI Prudential Fixed Maturity Plan Series 84 - 1188 Days Plan Z Half Yearly IDCW,AMC 15,MF,MF,3274,INF109KC1SE4,Yes
2104,ICICI Prudential Fixed Maturity Plan Series 84 - 1188 Days Plan Z Quarterly IDCW,AMC 15,MF,MF,3273,INF109KC1SD6,Yes
2105,ICICI PRUDENTIAL FIXED MATURITY PLAN SERIES 84 - 1204 DAYS PLAN X CUMULATIVE,AMC 15,MF,MF,3266,INF109KC1RQ0,Yes
2106,ICICI PRUDENTIAL FIXED MATURITY PLAN SERIES 84 - 1204 DAYS PLAN X HALF YEARLY DIVIDEND PAYOUT,AMC 15,MF,MF,3268,INF109KC1RS6,Yes
2107,ICICI PRUDENTIAL FIXED MATURITY PLAN SERIES 84 - 1204 DAYS PLAN X QUARTERLY DIVIDEND PAYOUT,AMC 15,MF,MF,3267,INF109KC1RR8,Yes
2108,ICICI Prudential Fixed Maturity Plan Series 84 - 1204 Days Plan Y Cumulative,AMC 15,MF,MF,3269,INF109KC1RW8,Yes
2109,ICICI Prudential Fixed Maturity Plan Series 84 - 1204 Days Plan Y Half Yearly IDCW,AMC 15,MF,MF,3271,INF109KC1RY4,Yes
2110,ICICI Prudential Fixed Maturity Plan Series 84 - 1204 Days Plan Y Quarterly IDCW,AMC 15,MF,MF,3270,INF109KC1RX6,Yes
2111,ICICI Prudential Fixed Maturity Plan Series 84 - 1224 Days Plan S Cumulative,AMC 15,MF,MF,3248,INF109KC1PY8,Yes
2112,ICICI Prudential Fixed Maturity Plan Series 84 - 1224 Days Plan S Half Yearly IDCW,AMC 15,MF,MF,3250,INF109KC1QA6,Yes
2113,ICICI Prudential Fixed Maturity Plan Series 84 - 1224 Days Plan S Quarterly IDCW,AMC 15,MF,MF,3249,INF109KC1PZ5,Yes
2114,ICICI PRUDENTIAL FIXED MATURITY PLAN SERIES 84 - 1225 DAYS PLAN T CUMULATIVE,AMC 15,MF,MF,3253,INF109KC1QK5,Yes
2115,ICICI PRUDENTIAL FIXED MATURITY PLAN SERIES 84 - 1225 DAYS PLAN T HALF YEARLY DIVIDEND PAYOUT,AMC 15,MF,MF,3255,INF109KC1QM1,Yes
2116,ICICI PRUDENTIAL FIXED MATURITY PLAN SERIES 84 - 1225 DAYS PLAN T QUARTERLY DIVIDEND PAYOUT,AMC 15,MF,MF,3254,INF109KC1QL3,Yes
2117,ICICI Prudential Fixed Maturity Plan Series 84 - 1235 Days Plan R Cumulative,AMC 15,MF,MF,3245,INF109KC1QE8,Yes
2118,ICICI Prudential Fixed Maturity Plan Series 84 - 1235 Days Plan R Half Yearly IDCW,AMC 15,MF,MF,3247,INF109KC1QG3,Yes
2119,ICICI Prudential Fixed Maturity Plan Series 84 - 1235 Days Plan R Quarterly IDCW,AMC 15,MF,MF,3246,INF109KC1QF5,Yes
2120,ICICI Prudential Fixed Maturity Plan Series 84 - 1245 Days Plan N Cumulative,AMC 15,MF,MF,3231,INF109KC1NU1,Yes
2121,ICICI PRUDENTIAL FIXED MATURITY PLAN SERIES 84 - 1245 DAYS PLAN N HALF YEARLY DIVIDEND PAYOUT,AMC 15,MF,MF,3233,INF109KC1NW7,Yes
2122,ICICI Prudential Fixed Maturity Plan Series 84 - 1245 Days Plan N Quarterly IDCW,AMC 15,MF,MF,3232,INF109KC1NV9,Yes
2123,ICICI Prudential Fixed Maturity Plan Series 84 - 1247 Days Plan M Cumulative,AMC 15,MF,MF,3220,INF109KC1NI6,Yes
2124,ICICI Prudential Fixed Maturity Plan Series 84 - 1247 Days Plan M Half Yearly IDCW,AMC 15,MF,MF,3222,INF109KC1NK2,Yes
2125,ICICI Prudential Fixed Maturity Plan Series 84 - 1247 Days Plan M Quarterly IDCW,AMC 15,MF,MF,3221,INF109KC1NJ4,Yes
2126,ICICI Prudential Fixed Maturity Plan Series 84 - 1247 Days Plan W Cumulative,AMC 15,MF,MF,3263,INF109KC1RK3,Yes
2127,ICICI Prudential Fixed Maturity Plan Series 84 - 1247 Days Plan W Half Yearly IDCW,AMC 15,MF,MF,3265,INF109KC1RM9,Yes
2128,ICICI Prudential Fixed Maturity Plan Series 84 - 1247 Days Plan W Quarterly IDCW,AMC 15,MF,MF,3264,INF109KC1RL1,Yes
2129,ICICI Prudential Fixed Maturity Plan Series 84 - 1254 Days Plan U Cumulative,AMC 15,MF,MF,3258,INF109KC1QU4,Yes
2130,ICICI Prudential Fixed Maturity Plan Series 84 - 1254 Days Plan U Half Yearly IDCW,AMC 15,MF,MF,3260,INF109KC1QW0,Yes
2131,ICICI Prudential Fixed Maturity Plan Series 84 - 1254 Days Plan U Quarterly IDCW,AMC 15,MF,MF,3259,INF109KC1QV2,Yes
2132,ICICI Prudential Fixed Maturity Plan Series 84 - 1272 Days Plan Q Cumulative,AMC 15,MF,MF,3242,INF109KC1PS0,Yes
2133,ICICI Prudential Fixed Maturity Plan Series 84 - 1272 Days Plan Q Half Yearly IDCW,AMC 15,MF,MF,3244,INF109KC1PU6,Yes
2134,ICICI Prudential Fixed Maturity Plan Series 84 - 1272 Days Plan Q Quarterly IDCW,AMC 15,MF,MF,3243,INF109KC1PT8,Yes
2135,ICICI Prudential Fixed Maturity Plan Series 84 - 1275 Days Plan K Cumulative,AMC 15,MF,MF,3210,INF109KC1MO6,Yes
2136,ICICI Prudential Fixed Maturity Plan Series 84 - 1275 Days Plan K Half Yearly IDCW,AMC 15,MF,MF,3212,INF109KC1MQ1,Yes
2137,ICICI Prudential Fixed Maturity Plan Series 84 - 1275 Days Plan K Quarterly IDCW,AMC 15,MF,MF,3211,INF109KC1MP3,Yes
2138,ICICI Prudential Fixed Maturity Plan Series 84 - 1279 Days Plan P Cumulative,AMC 15,MF,MF,3239,INF109KC1PM3,Yes
2139,ICICI Prudential Fixed Maturity Plan Series 84 - 1279 Days Plan P Half Yearly IDCW,AMC 15,MF,MF,3241,INF109KC1PO9,Yes
2140,ICICI Prudential Fixed Maturity Plan Series 84 - 1279 Days Plan P Quarterly IDCW,AMC 15,MF,MF,3240,INF109KC1PN1,Yes
2141,ICICI Prudential Fixed Maturity Plan Series 84 - 1286 Days Plan F Cumulative,AMC 15,MF,MF,3198,INF109KC1LM2,Yes
2142,ICICI PRUDENTIAL FIXED MATURITY PLAN SERIES 84 - 1286 DAYS PLAN F HALF YEARLY DIVIDEND PAYOUT,AMC 15,MF,MF,3200,INF109KC1LO8,Yes
2143,ICICI Prudential Fixed Maturity Plan Series 84 - 1286 Days Plan F Quarterly IDCW,AMC 15,MF,MF,3199,INF109KC1LN0,Yes
2144,ICICI Prudential Fixed Maturity Plan Series 84 - 1287 Days Plan I Cumulative,AMC 15,MF,MF,3205,INF109KC1MI8,Yes
2145,ICICI Prudential Fixed Maturity Plan Series 84 - 1287 Days Plan I Half Yearly IDCW,AMC 15,MF,MF,3207,INF109KC1MK4,Yes
2146,ICICI Prudential Fixed Maturity Plan Series 84 - 1287 Days Plan I Quarterly IDCW,AMC 15,MF,MF,3206,INF109KC1MJ6,Yes
2147,ICICI Prudential Fixed Maturity Plan Series 84 - 1288 Days Plan E Cumulative,AMC 15,MF,MF,3195,INF109KC1LA7,Yes
2148,ICICI Prudential Fixed Maturity Plan Series 84 - 1288 Days Plan E Half Yearly IDCW,AMC 15,MF,MF,3197,INF109KC1LC3,Yes
2149,ICICI Prudential Fixed Maturity Plan Series 84 - 1288 Days Plan E Quarterly IDCW,AMC 15,MF,MF,3196,INF109KC1LB5,Yes
2150,ICICI Prudential Fixed Maturity Plan Series 84 - 1288 Days Plan O Cumulative,AMC 15,MF,MF,3236,INF109KC1PG5,Yes
2151,ICICI PRUDENTIAL FIXED MATURITY PLAN SERIES 84 - 1288 DAYS PLAN O HALF YEARLY DIVIDEND PAYOUT,AMC 15,MF,MF,3238,INF109KC1PI1,Yes
2152,ICICI PRUDENTIAL FIXED MATURITY PLAN SERIES 84 - 1288 DAYS PLAN O QUARTERLY DIVIDEND PAYOUT,AMC 15,MF,MF,3237,INF109KC1PH3,Yes
2153,ICICI Prudential Fixed Maturity Plan Series 84 - 1293 Days Plan D Cumulative,AMC 15,MF,MF,3192,INF109KC1KU7,Yes
2154,ICICI Prudential Fixed Maturity Plan Series 84 - 1293 Days Plan D Half Yearly IDCW,AMC 15,MF,MF,3194,INF109KC1KW3,Yes
2155,ICICI Prudential Fixed Maturity Plan Series 84 - 1293 Days Plan D Quarterly IDCW,AMC 15,MF,MF,3193,INF109KC1KV5,Yes
2156,ICICI PRUDENTIAL FIXED MATURITY PLAN SERIES 84 - 155 DAYS PLAN J CUMULATIVE,AMC 15,MF,MF,3208,INF109KC1ME7,Yes
2157,ICICI PRUDENTIAL FIXED MATURITY PLAN SERIES 84 - 155 DAYS PLAN J DIVIDEND PAYOUT,AMC 15,MF,MF,3209,INF109KC1MF4,Yes
2158,ICICI PRUDENTIAL FIXED MATURITY PLAN SERIES 84 - 155 DAYS PLAN L CUMULATIVE,AMC 15,MF,MF,3213,INF109KC1MU3,Yes
2159,ICICI PRUDENTIAL FIXED MATURITY PLAN SERIES 84 - 155 DAYS PLAN L DIVIDEND PAYOUT,AMC 15,MF,MF,3214,INF109KC1MV1,Yes
2160,ICICI PRUDENTIAL FIXED MATURITY PLAN SERIES 84 - 168 DAYS PLAN G CUMULATIVE,AMC 15,MF,MF,3201,INF109KC1LS9,Yes
2161,ICICI PRUDENTIAL FIXED MATURITY PLAN SERIES 84 - 168 DAYS PLAN G DIVIDEND PAYOUT,AMC 15,MF,MF,3202,INF109KC1LT7,Yes
2162,ICICI PRUDENTIAL FIXED MATURITY PLAN SERIES 84 - 169 DAYS PLAN V CUMULATIVE,AMC 15,MF,MF,3261,INF109KC1RA4,Yes
2163,ICICI PRUDENTIAL FIXED MATURITY PLAN SERIES 84 - 169 DAYS PLAN V DIVIDEND PAYOUT,AMC 15,MF,MF,3262,INF109KC1RB2,Yes
2164,ICICI PRUDENTIAL FIXED MATURITY PLAN SERIES 84 - 92 DAYS PLAN H CUMULATIVE,AMC 15,MF,MF,3203,INF109KC1LW1,Yes
2165,ICICI PRUDENTIAL FIXED MATURITY PLAN SERIES 84 - 92 DAYS PLAN H DIVIDEND PAYOUT,AMC 15,MF,MF,3204,INF109KC1LX9,Yes
2166,ICICI PRUDENTIAL FIXED MATURITY PLAN SERIES 84 - 97 DAYS PLAN B CUMULATIVE,AMC 15,MF,MF,3185,INF109KC1KJ0,Yes
2167,ICICI PRUDENTIAL FIXED MATURITY PLAN SERIES 84 - 97 DAYS PLAN B DIVIDEND PAYOUT,AMC 15,MF,MF,3186,INF109KC1KK8,Yes
2168,ICICI Prudential Fixed Maturity Plan Series 85 - 10 Years Plan I Cumulative,AMC 15,MF,MF,3315,INF109KC1VQ2,Yes
2169,ICICI Prudential Fixed Maturity Plan Series 85 - 10 Years Plan I Half Yearly IDCW,AMC 15,MF,MF,3317,INF109KC1VS8,Yes
2170,ICICI Prudential Fixed Maturity Plan Series 85 - 10 Years Plan I Quarterly IDCW,AMC 15,MF,MF,3316,INF109KC1VR0,Yes
2171,ICICI PRUDENTIAL FIXED MATURITY PLAN SERIES 85 - 1102 DAYS PLAN Y CUMULATIVE,AMC 15,MF,MF,3369,INF109KC1ZQ3,Yes
2172,ICICI PRUDENTIAL FIXED MATURITY PLAN SERIES 85 - 1102 DAYS PLAN Y HALF YEARLY DIVIDEND PAYOUT,AMC 15,MF,MF,3371,INF109KC1ZS9,Yes
2173,ICICI PRUDENTIAL FIXED MATURITY PLAN SERIES 85 - 1102 DAYS PLAN Y QUARTERLY DIVIDEND PAYOUT,AMC 15,MF,MF,3370,INF109KC1ZR1,Yes
2174,ICICI PRUDENTIAL FIXED MATURITY PLAN SERIES 85 - 1109 DAYS PLAN X CUMULATIVE,AMC 15,MF,MF,3366,INF109KC1ZK6,Yes
2175,ICICI PRUDENTIAL FIXED MATURITY PLAN SERIES 85 - 1109 DAYS PLAN X HALF YEARLY DIVIDEND PAYOUT,AMC 15,MF,MF,3368,INF109KC1ZM2,Yes
2176,ICICI PRUDENTIAL FIXED MATURITY PLAN SERIES 85 - 1109 DAYS PLAN X QUARTERLY DIVIDEND PAYOUT,AMC 15,MF,MF,3367,INF109KC1ZL4,Yes
2177,ICICI PRUDENTIAL FIXED MATURITY PLAN SERIES 85 - 1111 DAYS PLAN Z CUMULATIVE,AMC 15,MF,MF,3372,INF109KC1ZW1,Yes
2178,ICICI PRUDENTIAL FIXED MATURITY PLAN SERIES 85 - 1111 DAYS PLAN Z HALF YEARLY DIVIDEND PAYOUT,AMC 15,MF,MF,3374,INF109KC1ZY7,Yes
2179,ICICI PRUDENTIAL FIXED MATURITY PLAN SERIES 85 - 1111 DAYS PLAN Z QUARTERLY DIVIDEND PAYOUT,AMC 15,MF,MF,3373,INF109KC1ZX9,Yes
2180,ICICI PRUDENTIAL FIXED MATURITY PLAN SERIES 85 - 1114 DAYS PLAN V CUMULATIVE,AMC 15,MF,MF,3360,INF109KC1YY0,Yes
2181,ICICI PRUDENTIAL FIXED MATURITY PLAN SERIES 85 - 1114 DAYS PLAN V HALF YEARLY DIVIDEND PAYOUT,AMC 15,MF,MF,3362,INF109KC1ZA7,Yes
2182,ICICI PRUDENTIAL FIXED MATURITY PLAN SERIES 85 - 1114 DAYS PLAN V QUARTERLY DIVIDEND PAYOUT,AMC 15,MF,MF,3361,INF109KC1YZ7,Yes
2183,ICICI PRUDENTIAL FIXED MATURITY PLAN SERIES 85 - 1114 DAYS PLAN W CUMULATIVE,AMC 15,MF,MF,3363,INF109KC1ZE9,Yes
2184,ICICI PRUDENTIAL FIXED MATURITY PLAN SERIES 85 - 1114 DAYS PLAN W HALF YEARLY DIVIDEND PAYOUT,AMC 15,MF,MF,3365,INF109KC1ZG4,Yes
2185,ICICI PRUDENTIAL FIXED MATURITY PLAN SERIES 85 - 1114 DAYS PLAN W QUARTERLY DIVIDEND PAYOUT,AMC 15,MF,MF,3364,INF109KC1ZF6,Yes
2186,ICICI PRUDENTIAL FIXED MATURITY PLAN SERIES 85 - 1115 DAYS PLAN U CUMULATIVE,AMC 15,MF,MF,3357,INF109KC1YS2,Yes
2187,ICICI PRUDENTIAL FIXED MATURITY PLAN SERIES 85 - 1115 DAYS PLAN U HALF YEARLY DIVIDEND PAYOUT,AMC 15,MF,MF,3359,INF109KC1YU8,Yes
2188,ICICI PRUDENTIAL FIXED MATURITY PLAN SERIES 85 - 1115 DAYS PLAN U QUARTERLY DIVIDEND PAYOUT,AMC 15,MF,MF,3358,INF109KC1YT0,Yes
2189,ICICI PRUDENTIAL FIXED MATURITY PLAN SERIES 85 - 1121 DAYS PLAN T CUMULATIVE,AMC 15,MF,MF,3354,INF109KC1YM5,Yes
2190,ICICI PRUDENTIAL FIXED MATURITY PLAN SERIES 85 - 1121 DAYS PLAN T HALF YEARLY DIVIDEND PAYOUT,AMC 15,MF,MF,3356,INF109KC1YO1,Yes
2191,ICICI PRUDENTIAL FIXED MATURITY PLAN SERIES 85 - 1121 DAYS PLAN T QUARTERLY DIVIDEND PAYOUT,AMC 15,MF,MF,3355,INF109KC1YN3,Yes
2192,ICICI PRUDENTIAL FIXED MATURITY PLAN SERIES 85 - 1122 DAYS PLAN S CUMULATIVE,AMC 15,MF,MF,3351,INF109KC1YG7,Yes
2193,ICICI PRUDENTIAL FIXED MATURITY PLAN SERIES 85 - 1122 DAYS PLAN S HALF YEARLY DIVIDEND PAYOUT,AMC 15,MF,MF,3353,INF109KC1YI3,Yes
2194,ICICI PRUDENTIAL FIXED MATURITY PLAN SERIES 85 - 1122 DAYS PLAN S QUARTERLY DIVIDEND PAYOUT,AMC 15,MF,MF,3352,INF109KC1YH5,Yes
2195,ICICI Prudential Fixed Maturity Plan Series 85 - 1127 Days Plan O Cumulative,AMC 15,MF,MF,3337,INF109KC1WY4,Yes
2196,ICICI Prudential Fixed Maturity Plan Series 85 - 1127 Days Plan O Half Yearly IDCW,AMC 15,MF,MF,3339,INF109KC1XA2,Yes
2197,ICICI Prudential Fixed Maturity Plan Series 85 - 1127 Days Plan O Quarterly IDCW,AMC 15,MF,MF,3338,INF109KC1WZ1,Yes
2198,ICICI Prudential Fixed Maturity Plan Series 85 - 1127 Days Plan Q Cumulative,AMC 15,MF,MF,3343,INF109KC1XO3,Yes
2199,ICICI Prudential Fixed Maturity Plan Series 85 - 1127 Days Plan Q Half Yearly IDCW,AMC 15,MF,MF,3345,INF109KC1XQ8,Yes
2200,ICICI Prudential Fixed Maturity Plan Series 85 - 1127 Days Plan Q Quarterly IDCW,AMC 15,MF,MF,3344,INF109KC1XP0,Yes
2201,ICICI PRUDENTIAL FIXED MATURITY PLAN SERIES 85 - 1128 DAYS PLAN N CUMULATIVE,AMC 15,MF,MF,3334,INF109KC1WS6,Yes
2202,ICICI PRUDENTIAL FIXED MATURITY PLAN SERIES 85 - 1128 DAYS PLAN N HALF YEARLY DIVIDEND PAYOUT,AMC 15,MF,MF,3336,INF109KC1WU2,Yes
2203,ICICI PRUDENTIAL FIXED MATURITY PLAN SERIES 85 - 1128 DAYS PLAN N QUARTERLY DIVIDEND PAYOUT,AMC 15,MF,MF,3335,INF109KC1WT4,Yes
2204,ICICI Prudential Fixed Maturity Plan Series 85 - 1129 Days Plan P Cumulative,AMC 15,MF,MF,3340,INF109KC1XI5,Yes
2205,ICICI Prudential Fixed Maturity Plan Series 85 - 1129 Days Plan P Half Yearly IDCW,AMC 15,MF,MF,3342,INF109KC1XK1,Yes
2206,ICICI Prudential Fixed Maturity Plan Series 85 - 1129 Days Plan P Quarterly IDCW,AMC 15,MF,MF,3341,INF109KC1XJ3,Yes
2207,ICICI PRUDENTIAL FIXED MATURITY PLAN SERIES 85 - 1130 DAYS PLAN M CUMULATIVE,AMC 15,MF,MF,3331,INF109KC1WM9,Yes
2208,ICICI PRUDENTIAL FIXED MATURITY PLAN SERIES 85 - 1130 DAYS PLAN M HALF YEARLY DIVIDEND PAYOUT,AMC 15,MF,MF,3333,INF109KC1WO5,Yes
2209,ICICI PRUDENTIAL FIXED MATURITY PLAN SERIES 85 - 1130 DAYS PLAN M QUARTERLY DIVIDEND PAYOUT,AMC 15,MF,MF,3332,INF109KC1WN7,Yes
2210,ICICI PRUDENTIAL FIXED MATURITY PLAN SERIES 85 - 1138 DAYS PLAN L CUMULATIVE,AMC 15,MF,MF,3326,INF109KC1WG1,Yes
2211,ICICI PRUDENTIAL FIXED MATURITY PLAN SERIES 85 - 1138 DAYS PLAN L HALF YEARLY DIVIDEND PAYOUT,AMC 15,MF,MF,3328,INF109KC1WI7,Yes
2212,ICICI PRUDENTIAL FIXED MATURITY PLAN SERIES 85 - 1138 DAYS PLAN L QUARTERLY DIVIDEND PAYOUT,AMC 15,MF,MF,3327,INF109KC1WH9,Yes
2213,ICICI Prudential Fixed Maturity Plan Series 85 - 1140 Days Plan R Cumulative,AMC 15,MF,MF,3346,INF109KC1XU0,Yes
2214,ICICI Prudential Fixed Maturity Plan Series 85 - 1140 Days Plan R Half Yearly IDCW,AMC 15,MF,MF,3348,INF109KC1XW6,Yes
2215,ICICI Prudential Fixed Maturity Plan Series 85 - 1140 Days Plan R Quarterly IDCW,AMC 15,MF,MF,3347,INF109KC1XV8,Yes
2216,ICICI PRUDENTIAL FIXED MATURITY PLAN SERIES 85 - 1141 DAYS PLAN K CUMULATIVE,AMC 15,MF,MF,3318,INF109KC1WA4,Yes
2217,ICICI PRUDENTIAL FIXED MATURITY PLAN SERIES 85 - 1141 DAYS PLAN K HALF YEARLY DIVIDEND PAYOUT,AMC 15,MF,MF,3320,INF109KC1WC0,Yes
2218,ICICI PRUDENTIAL FIXED MATURITY PLAN SERIES 85 - 1141 DAYS PLAN K QUARTERLY DIVIDEND PAYOUT,AMC 15,MF,MF,3319,INF109KC1WB2,Yes
2219,ICICI Prudential Fixed Maturity Plan Series 85 - 1143 Days Plan J Cumulative,AMC 15,MF,MF,3321,INF109KC1VK5,Yes
2220,ICICI Prudential Fixed Maturity Plan Series 85 - 1143 Days Plan J Half Yearly IDCW,AMC 15,MF,MF,3323,INF109KC1VM1,Yes
2221,ICICI Prudential Fixed Maturity Plan Series 85 - 1143 Days Plan J Quarterly IDCW,AMC 15,MF,MF,3322,INF109KC1VL3,Yes
2222,ICICI PRUDENTIAL FIXED MATURITY PLAN SERIES 85 - 1149 DAYS PLAN H CUMULATIVE,AMC 15,MF,MF,3310,INF109KC1VE8,Yes
2223,ICICI PRUDENTIAL FIXED MATURITY PLAN SERIES 85 - 1149 DAYS PLAN H HALF YEARLY DIVIDEND PAYOUT,AMC 15,MF,MF,3312,INF109KC1VG3,Yes
2224,ICICI PRUDENTIAL FIXED MATURITY PLAN SERIES 85 - 1149 DAYS PLAN H QUARTERLY DIVIDEND PAYOUT,AMC 15,MF,MF,3311,INF109KC1VF5,Yes
2225,ICICI Prudential Fixed Maturity Plan Series 85 - 1156 Days Plan F Cumulative,AMC 15,MF,MF,3300,INF109KC1UK7,Yes
2226,ICICI Prudential Fixed Maturity Plan Series 85 - 1156 Days Plan F Half Yearly IDCW,AMC 15,MF,MF,3302,INF109KC1UM3,Yes
2227,ICICI Prudential Fixed Maturity Plan Series 85 - 1156 Days Plan F Quarterly IDCW,AMC 15,MF,MF,3301,INF109KC1UL5,Yes
2228,ICICI Prudential Fixed Maturity Plan Series 85 - 1156 Days Plan G Cumulative,AMC 15,MF,MF,3305,INF109KC1UQ4,Yes
2229,ICICI Prudential Fixed Maturity Plan Series 85 - 1156 Days Plan G Half Yearly IDCW,AMC 15,MF,MF,3307,INF109KC1US0,Yes
2230,ICICI Prudential Fixed Maturity Plan Series 85 - 1156 Days Plan G Quarterly IDCW,AMC 15,MF,MF,3306,INF109KC1UR2,Yes
2231,ICICI Prudential Fixed Maturity Plan Series 85 - 1168 Days Plan E Cumulative,AMC 15,MF,MF,3297,INF109KC1TK9,Yes
2232,ICICI Prudential Fixed Maturity Plan Series 85 - 1168 Days Plan E Half Yearly IDCW,AMC 15,MF,MF,3299,INF109KC1TM5,Yes
2233,ICICI Prudential Fixed Maturity Plan Series 85 - 1168 Days Plan E Quarterly IDCW,AMC 15,MF,MF,3298,INF109KC1TL7,Yes
2234,ICICI Prudential Fixed Maturity Plan Series 85 - 1175 Days Plan D Cumulative,AMC 15,MF,MF,3284,INF109KC1TA0,Yes
2235,ICICI Prudential Fixed Maturity Plan Series 85 - 1175 Days Plan D Half Yearly IDCW,AMC 15,MF,MF,3286,INF109KC1TC6,Yes
2236,ICICI Prudential Fixed Maturity Plan Series 85 - 1175 Days Plan D Quarterly IDCW,AMC 15,MF,MF,3285,INF109KC1TB8,Yes
2237,ICICI Prudential Fixed Maturity Plan Series 85 - 1178 Days Plan B Cumulative,AMC 15,MF,MF,3278,INF109KC1SO3,Yes
2238,ICICI Prudential Fixed Maturity Plan Series 85 - 1178 Days Plan B Half Yearly IDCW,AMC 15,MF,MF,3280,INF109KC1SQ8,Yes
2239,ICICI Prudential Fixed Maturity Plan Series 85 - 1178 Days Plan B Quarterly IDCW,AMC 15,MF,MF,3279,INF109KC1SP0,Yes
2240,ICICI Prudential Fixed Maturity Plan Series 85 - 1185 Days Plan C Cumulative,AMC 15,MF,MF,3281,INF109KC1SU0,Yes
2241,ICICI Prudential Fixed Maturity Plan Series 85 - 1185 Days Plan C Half Yearly IDCW,AMC 15,MF,MF,3283,INF109KC1SW6,Yes
2242,ICICI Prudential Fixed Maturity Plan Series 85 - 1185 Days Plan C Quarterly IDCW,AMC 15,MF,MF,3282,INF109KC1SV8,Yes
2243,ICICI Prudential Fixed Maturity Plan Series 85 - 1197 Days Plan A Cumulative,AMC 15,MF,MF,3275,INF109KC1SI5,Yes
2244,ICICI Prudential Fixed Maturity Plan Series 85 - 1197 Days Plan A Half Yearly IDCW,AMC 15,MF,MF,3277,INF109KC1SK1,Yes
2245,ICICI Prudential Fixed Maturity Plan Series 85 - 1197 Days Plan A Quarterly IDCW,AMC 15,MF,MF,3276,INF109KC1SJ3,Yes
2246,ICICI Prudential Fixed Maturity Plan Series 86 - 1099 Days Plan A Cumulative,AMC 15,MF,MF,3375,INF109KC1A21,Yes
2247,ICICI Prudential Fixed Maturity Plan Series 86 - 1099 Days Plan A Half Yearly IDCW,AMC 15,MF,MF,3377,INF109KC1A47,Yes
2248,ICICI Prudential Fixed Maturity Plan Series 86 - 1099 Days Plan A Quarterly IDCW,AMC 15,MF,MF,3376,INF109KC1A39,Yes
2249,ICICI PRUDENTIAL FIXED MATURITY PLAN SERIES 86 - 1099 DAYS PLAN B CUMULATIVE,AMC 15,MF,MF,3378,INF109KC1A88,Yes
2250,ICICI PRUDENTIAL FIXED MATURITY PLAN SERIES 86 - 1099 DAYS PLAN B HALF YEARLY DIVIDEND PAYOUT,AMC 15,MF,MF,3380,INF109KC1B04,Yes
2251,ICICI PRUDENTIAL FIXED MATURITY PLAN SERIES 86 - 1099 DAYS PLAN B QUARTERLY DIVIDEND PAYOUT,AMC 15,MF,MF,3379,INF109KC1A96,Yes
2252,ICICI PRUDENTIAL FIXED MATURITY PLAN SERIES 86 - 1113 DAYS PLAN C CUMULATIVE,AMC 15,MF,MF,3381,INF109KC1B46,Yes
2253,ICICI PRUDENTIAL FIXED MATURITY PLAN SERIES 86 - 1113 DAYS PLAN C HALF YEARLY DIVIDEND PAYOUT,AMC 15,MF,MF,3383,INF109KC1B61,Yes
2254,ICICI PRUDENTIAL FIXED MATURITY PLAN SERIES 86 - 1113 DAYS PLAN C QUARTERLY DIVIDEND PAYOUT,AMC 15,MF,MF,3382,INF109KC1B53,Yes
2255,ICICI PRUDENTIAL FIXED MATURITY PLAN SERIES 86 - 1120 DAYS PLAN F CUMULATIVE,AMC 15,MF,MF,3389,INF109KC1D28,Yes
2256,ICICI PRUDENTIAL FIXED MATURITY PLAN SERIES 86 - 1120 DAYS PLAN F HALF YEARLY DIVIDEND PAYOUT,AMC 15,MF,MF,3391,INF109KC1C86,Yes
2257,ICICI PRUDENTIAL FIXED MATURITY PLAN SERIES 86 - 1120 DAYS PLAN F QUARTERLY DIVIDEND PAYOUT,AMC 15,MF,MF,3390,INF109KC1C78,Yes
2258,ICICI PRUDENTIAL FIXED MATURITY PLAN SERIES 86 - 95 DAYS PLAN E CUMULATIVE,AMC 15,MF,MF,3387,INF109KC1C60,Yes
2259,ICICI PRUDENTIAL FIXED MATURITY PLAN SERIES 86 - 95 DAYS PLAN E DIVIDEND PAYOUT,AMC 15,MF,MF,3388,INF109KC1D10,Yes
2260,ICICI Prudential Fixed Maturity Plan Series 88 - 1226 Days Plan F - Growth,AMC 15,MF,MF,3511,INF109KC14M3,Yes
2261,ICICI Prudential Fixed Maturity Plan Series 88 - 1226 Days Plan F - Half Yearly IDCW,AMC 15,MF,MF,3513,INF109KC16M8,Yes
2262,ICICI Prudential Fixed Maturity Plan Series 88 - 1226 Days Plan F - Quarterly IDCW,AMC 15,MF,MF,3512,INF109KC15M0,Yes
2263,ICICI Prudential Fixed Maturity Plan Series 88 - 1833 Days Plan C - Growth,AMC 15,MF,MF,3464,INF109KC1X24,Yes
2264,ICICI Prudential Fixed Maturity Plan Series 88 - 1833 Days Plan C - Half Yearly IDCW,AMC 15,MF,MF,3466,INF109KC1X40,Yes
2265,ICICI Prudential Fixed Maturity Plan Series 88 - 1833 Days Plan C - Quarterly IDCW,AMC 15,MF,MF,3465,INF109KC1X32,Yes
2266,ICICI Prudential Fixed Maturity Plan Series 88 - 91 Days Plan G - Growth,AMC 15,MF,MF,3514,INF109KC10N9,Yes
2267,ICICI Prudential Fixed Maturity Plan Series 88 - 91 Days Plan G - Quarterly IDCW,AMC 15,MF,MF,3515,INF109KC11N7,Yes
2268,ICICI PRUDENTIAL FIXED MATURITY PLAN SERIES 88 1192 DAYS PLAN R - GROWTH,AMC 15,MF,MF,3530,INF109KC16Q9,Yes
2269,ICICI PRUDENTIAL FIXED MATURITY PLAN SERIES 88 1192 DAYS PLAN R - HALF YEARLY IDCW  PAYOUT,AMC 15,MF,MF,3532,INF109KC18Q5,Yes
2270,ICICI PRUDENTIAL FIXED MATURITY PLAN SERIES 88 1192 DAYS PLAN R - QUARTERLY IDCW PAYOUT,AMC 15,MF,MF,3531,INF109KC17Q7,Yes
2271,ICICI Prudential Fixed Maturity Plan Series 88 Plan U -  IDCW,AMC 15,MF,MF,3538,INF109KC12S4,Yes
2272,ICICI Prudential Fixed Maturity Plan Series 88 Plan U - Growth,AMC 15,MF,MF,3537,INF109KC11S6,Yes
2273,ICICI PRUDENTIAL FIXED MATURITY PLAN-SERIES 88-1199 DAYS PLAN Q-GROWTH,AMC 15,MF,MF,3527,INF109KC10Q2,Yes
2274,ICICI PRUDENTIAL FIXED MATURITY PLAN-SERIES 88-1199 DAYS PLAN Q-HALF YEARLY IDCW PAYOUT,AMC 15,MF,MF,3529,INF109KC12Q8,Yes
2275,ICICI PRUDENTIAL FIXED MATURITY PLAN-SERIES 88-1199 DAYS PLAN Q-QUARTERLY IDCW PAYOUT,AMC 15,MF,MF,3528,INF109KC11Q0,Yes
2276,ICICI PRUDENTIAL FIXED MATURITY PLAN-SERIES 88-125 DAYS PLAN H-GROWTH,AMC 15,MF,MF,3516,INF109KC14N1,Yes
2277,ICICI PRUDENTIAL FIXED MATURITY PLAN-SERIES 88-125 DAYS PLAN H-QUARTERLY IDCW PAYOUT,AMC 15,MF,MF,3517,INF109KC15N8,Yes
2278,ICICI PRUDENTIAL FIXED MATURITY PLANSERIES 80 - 1247 DAYS PLAN K HALF YEARLY DIVIDEND PAYOUT,AMC 15,MF,MF,2913,INF109KB1S72,Yes
2279,ICICI Prudential Flexicap Fund Growth,AMC 15,MF,MF,3443,INF109KC1Q80,Yes
2280,ICICI PRUDENTIAL FLEXICAP FUND IDCW PAYOUT,AMC 15,MF,MF,3444,INF109KC1Q98,Yes
2281,ICICI PRUDENTIAL FLEXICAP FUND IDCW PAYOUT,AMC 15,MF,MF,3444P,INF109KC1R06,Yes
2282,ICICI Prudential Floating Interest Fund - Bonus,AMC 15,MF,MF,2451,INF109KA1I43,Yes
2283,ICICI PRUDENTIAL FLOATING INTEREST FUND - DAILY IDCW REINVESTMENT,AMC 15,MF,MF,1542,INF109K01AW3,Yes
2284,ICICI PRUDENTIAL FLOATING INTEREST FUND - FORTNIGHTLY IDCW PAYOUT,AMC 15,MF,MF,DEBT,INF109KB16L2,Yes
2285,ICICI Prudential Floating Interest Fund - Growth,AMC 15,MF,MF,1543,INF109K01AX1,Yes
2286,ICICI PRUDENTIAL FLOATING INTEREST FUND - OTHERS IDCW PAYOUT,AMC 15,MF,MF,1779,INF109K01WP1,Yes
2287,ICICI PRUDENTIAL FLOATING INTEREST FUND - OTHERS IDCW PAYOUT,AMC 15,MF,MF,1779P,INF109K01WQ9,Yes
2288,ICICI Prudential Floating Interest Fund - Weekly IDCW Payout,AMC 15,MF,MF,1544P,INF109K01EN4,Yes
2289,ICICI PRUDENTIAL FLOATING INTEREST FUND - WEEKLY IDCW PAYOUT,AMC 15,MF,MF,1544,INF109K01AY9,Yes
2290,ICICI PRUDENTIAL FLOATING INTEREST FUND A - DAILY IDCW REINVESTMENT,AMC 15,MF,MF,1531,INF109K01928,Yes
2291,ICICI PRUDENTIAL FLOATING INTEREST FUND A - FORTNIGHTLY IDCW REINVESTMENT,AMC 15,MF,MF,1530,INF109K01910,Yes
2292,ICICI Prudential Floating Interest Fund A - Growth,AMC 15,MF,MF,1532,INF109K01936,Yes
2293,ICICI PRUDENTIAL FLOATING INTEREST FUND A - WEEKLY IDCW PAYOUT,AMC 15,MF,MF,1533,INF109K01944,Yes
2294,ICICI PRUDENTIAL FLOATING INTEREST FUND A - WEEKLY IDCW PAYOUT,AMC 15,MF,MF,1533P,INF109K01EK0,Yes
2295,ICICI PRUDENTIAL FLOATING INTEREST FUND B - DAILY IDCW REINVESTMENT,AMC 15,MF,MF,1534,INF109K01951,Yes
2296,ICICI PRUDENTIAL FLOATING INTEREST FUND B - FORTNIGHTLY IDCW REINVESTMENT,AMC 15,MF,MF,1535,INF109K01969,Yes
2297,ICICI Prudential Floating Interest Fund B - Growth,AMC 15,MF,MF,1536,INF109K01977,Yes
2298,ICICI PRUDENTIAL FLOATING INTEREST FUND B - WEEKLY IDCW PAYOUT,AMC 15,MF,MF,1537,INF109K01985,Yes
2299,ICICI PRUDENTIAL FLOATING INTEREST FUND B - WEEKLY IDCW PAYOUT,AMC 15,MF,MF,1537P,INF109K01EL8,Yes
2300,ICICI PRUDENTIAL FLOATING INTEREST FUND C - DAILY IDCW REINVESTMENT,AMC 15,MF,MF,1539,INF109K01AA9,Yes
2301,ICICI PRUDENTIAL FLOATING INTEREST FUND C - FORTNIGHTLY IDCW REINVESTMENT,AMC 15,MF,MF,1538,INF123BSE047,Yes
2302,ICICI PRUDENTIAL FLOATING INTEREST FUND C - GROWTH,AMC 15,MF,MF,1540,INF109K01AB7,Yes
2303,ICICI PRUDENTIAL FLOATING INTEREST FUND C - WEEKLY IDCW PAYOUT,AMC 15,MF,MF,1541,INF109K01AC5,Yes
2304,ICICI PRUDENTIAL FLOATING INTEREST FUND C - WEEKLY IDCW PAYOUT,AMC 15,MF,MF,1541P,INF109K01EM6,Yes
2305,ICICI Prudential FMCG ETF,AMC 15,MF,MF,5014,INF109KC1R48,No
2306,ICICI Prudential FMCG Fund - Growth,AMC 15,MF,MF,41,INF109K01415,Yes
2307,ICICI Prudential FMCG Fund - IDCW Payout,AMC 15,MF,MF,42P,INF109K01EO2,Yes
2308,ICICI PRUDENTIAL FMCG FUND - IDCW PAYOUT,AMC 15,MF,MF,42,INF109K01423,Yes
2309,ICICI PRUDENTIAL FMP - SERIES 71 - 505 DAYS PLAN H REGULAR PLAN CUMULATIVE,AMC 15,MF,MF,2218,INF109KA1HV3,Yes
2310,ICICI PRUDENTIAL FMP CORPORATE BOND SERIES A - 750 DAYS CUMULATIVE,AMC 15,MF,MF,2351,INF109KA1SF3,Yes
2311,ICICI PRUDENTIAL FMP CORPORATE BOND SERIES A - 750 DAYS DIVIDEND PAYOUT,AMC 15,MF,MF,2352,INF109KA1SG1,Yes
2312,ICICI PRUDENTIAL FMP CORPORATE BOND SERIES B - 1100 DAYS CUMULATIVE,AMC 15,MF,MF,2443,INF109KA1ZU7,Yes
2313,ICICI PRUDENTIAL FMP CORPORATE BOND SERIES B - 1100 DAYS DIVIDEND PAYOUT,AMC 15,MF,MF,2444,INF109KA1ZV5,Yes
2314,ICICI PRUDENTIAL FMP SERIES 69 - 1092 DAYS PLAN L CUMULATIVE,AMC 15,MF,MF,2150,INF109KA1CZ5,Yes
2315,ICICI PRUDENTIAL FMP SERIES 69 - 1092 DAYS PLAN L DIVIDEND PAYOUT,AMC 15,MF,MF,2151,INF109KA1DA6,Yes
2316,ICICI PRUDENTIAL FMP SERIES 70 - 1095 DAYS PLAN H CUMULATIVE,AMC 15,MF,MF,2170,INF109KA1DX8,Yes
2317,ICICI PRUDENTIAL FMP SERIES 70 - 1095 DAYS PLAN H DIVIDEND PAYOUT,AMC 15,MF,MF,2171,INF109KA1DY6,Yes
2318,ICICI PRUDENTIAL FMP SERIES 70 - 1285 DAYS PLAN T CUMULATIVE,AMC 15,MF,MF,2195,INF109KA1GH4,Yes
2319,ICICI PRUDENTIAL FMP SERIES 70 - 1285 DAYS PLAN T DIVIDEND PAYOUT,AMC 15,MF,MF,2196,INF109KA1GI2,Yes
2320,ICICI PRUDENTIAL FMP SERIES 70 - 366 DAYS PLAN B DIVIDEND PAYOUT,AMC 15,MF,MF,2153,INF109KA1DE8,Yes
2321,ICICI PRUDENTIAL FMP SERIES 70 - 367 DAYS PLAN C DIVIDEND PAYOUT,AMC 15,MF,MF,2163,INF109KA1DM1,Yes
2322,ICICI PRUDENTIAL FMP SERIES 70 - 367 DAYS PLAN N DIVIDEND PAYOUT,AMC 15,MF,MF,2183,INF109KA1FM6,Yes
2323,ICICI PRUDENTIAL FMP SERIES 70 - 368 DAYS PLAN J DIVIDEND PAYOUT,AMC 15,MF,MF,2165,INF109KA1EC0,Yes
2324,ICICI PRUDENTIAL FMP SERIES 70 - 369 DAYS PLAN E DIVIDEND PAYOUT,AMC 15,MF,MF,2155,INF109KA1CW2,Yes
2325,ICICI PRUDENTIAL FMP SERIES 70 - 369 DAYS PLAN O CUMULATIVE,AMC 15,MF,MF,2184,INF109KA1FH6,Yes
2326,ICICI PRUDENTIAL FMP SERIES 70 - 369 DAYS PLAN O DIVIDEND PAYOUT,AMC 15,MF,MF,2185,INF109KA1FI4,Yes
2327,ICICI PRUDENTIAL FMP SERIES 70 - 540 DAYS PLAN S DIVIDEND PAYOUT,AMC 15,MF,MF,2189,INF109KA1FY1,Yes
2328,ICICI PRUDENTIAL FMP SERIES 71 - 1095 DAYS PLAN O CUMULATIVE,AMC 15,MF,MF,2224,INF109KA1IL2,Yes
2329,ICICI PRUDENTIAL FMP SERIES 71 - 1095 DAYS PLAN O DIVIDEND PAYOUT,AMC 15,MF,MF,2225,INF109KA1IM0,Yes
2330,ICICI PRUDENTIAL FMP SERIES 71 - 366 DAYS PLAN C REGULAR PLAN CUMULATIVE-DIVIDEND PAYOUT,AMC 15,MF,MF,2205,INF109KA1GX1,Yes
2331,ICICI PRUDENTIAL FMP SERIES 71 - 366 DAYS PLAN C REGULAR PLAN DIVIDEND PAYOUT,AMC 15,MF,MF,2206,INF109KA1GY9,Yes
2332,ICICI PRUDENTIAL FMP SERIES 71 - 367 DAYS PLAN G CUMULATIVE,AMC 15,MF,MF,2216,INF109KA1HZ4,Yes
2333,ICICI PRUDENTIAL FMP SERIES 71 - 367 DAYS PLAN G DIVIDEND PAYOUT,AMC 15,MF,MF,2217,INF109KA1IA5,Yes
2334,ICICI PRUDENTIAL FMP SERIES 71 - 367 DAYS PLAN J REGULAR PLAN CUMULATIVE,AMC 15,MF,MF,2226,INF109KA1IH0,Yes
2335,ICICI PRUDENTIAL FMP SERIES 71 - 367 DAYS PLAN J REGULAR PLAN DIVIDEND PAYOUT,AMC 15,MF,MF,2227,INF109KA1II8,Yes
2336,ICICI PRUDENTIAL FMP SERIES 71 - 367 DAYS PLAN N REGULAR PLAN CUMULATIVE,AMC 15,MF,MF,2238,INF109KA1JF2,Yes
2337,ICICI PRUDENTIAL FMP SERIES 71 - 367 DAYS PLAN N REGULAR PLAN DIVIDEND PAYOUT,AMC 15,MF,MF,2239,INF109KA1JG0,Yes
2338,ICICI PRUDENTIAL FMP SERIES 71 - 368 DAYS PLAN A CUMULATIVE,AMC 15,MF,MF,2197,INF109KA1GL6,Yes
2339,ICICI PRUDENTIAL FMP SERIES 71 - 368 DAYS PLAN A DIVIDEND PAYOUT,AMC 15,MF,MF,2198,INF109KA1GM4,Yes
2340,ICICI PRUDENTIAL FMP SERIES 71 - 368 DAYS PLAN I REGULAR PLAN CUMULATIVE,AMC 15,MF,MF,2220,INF109KA1ID9,Yes
2341,ICICI PRUDENTIAL FMP SERIES 71 - 368 DAYS PLAN I REGULAR PLAN DIVIDEND PAYOUT,AMC 15,MF,MF,2221,INF109KA1IE7,Yes
2342,ICICI PRUDENTIAL FMP SERIES 71 - 368 DAYS PLAN K CUMULATIVE,AMC 15,MF,MF,2228,INF109KA1IT5,Yes
2343,ICICI PRUDENTIAL FMP SERIES 71 - 368 DAYS PLAN K DIVIDEND PAYOUT,AMC 15,MF,MF,2229,INF109KA1IU3,Yes
2344,ICICI PRUDENTIAL FMP SERIES 71 - 369 DAYS PLAN E REGULAR PLAN CUMULATIVE,AMC 15,MF,MF,2210,INF109KA1HJ8,Yes
2345,ICICI PRUDENTIAL FMP SERIES 71 - 369 DAYS PLAN E REGULAR PLAN DIVIDEND PAYOUT,AMC 15,MF,MF,2211,INF109KA1HK6,Yes
2346,ICICI PRUDENTIAL FMP SERIES 71 - 369 DAYS PLAN F CUMULATIVE,AMC 15,MF,MF,2214,INF109KA1HN0,Yes
2347,ICICI PRUDENTIAL FMP SERIES 71 - 369 DAYS PLAN F DIVIDEND PAYOUT,AMC 15,MF,MF,2215,INF109KA1HO8,Yes
2348,ICICI PRUDENTIAL FMP SERIES 71 - 371 DAYS PLAN M CUMULATIVE,AMC 15,MF,MF,2232,INF109KA1IX7,Yes
2349,ICICI PRUDENTIAL FMP SERIES 71 - 371 DAYS PLAN M DIVIDEND PAYOUT,AMC 15,MF,MF,2233,INF109KA1IY5,Yes
2350,ICICI PRUDENTIAL FMP SERIES 71 - 480 DAYS PLAN L DIVIDEND PAYOUT,AMC 15,MF,MF,2231,INF109KA1JC9,Yes
2351,ICICI PRUDENTIAL FMP SERIES 71 - 480 DAYS PLAN L REGULAR PLAN CUMULATIVE,AMC 15,MF,MF,2230,INF109KA1JB1,Yes
2352,ICICI PRUDENTIAL FMP SERIES 71 - 505 DAYS PLAN H DIVIDEND PAYOUT,AMC 15,MF,MF,2219,INF109KA1HW1,Yes
2353,ICICI PRUDENTIAL FMP SERIES 71 - 525 DAYS PLAN D REGULAR PLAN CUMULATIVE,AMC 15,MF,MF,2208,INF109KA1HF6,Yes
2354,ICICI PRUDENTIAL FMP SERIES 71 - 525 DAYS PLAN D REGULAR PLAN DIVIDEND PAYOUT,AMC 15,MF,MF,2209,INF109KA1HG4,Yes
2355,ICICI PRUDENTIAL FMP SERIES 71 - 547 DAYS PLAN B DIVIDEND PAYOUT,AMC 15,MF,MF,2202,INF109KA1GU7,Yes
2356,ICICI PRUDENTIAL FMP SERIES 72 - 1075 DAYS PLAN Q CUMULATIVE,AMC 15,MF,MF,2288,INF109KA1NN8,Yes
2357,ICICI PRUDENTIAL FMP SERIES 72 - 1075 DAYS PLAN Q DIVIDEND PAYOUT,AMC 15,MF,MF,2289,INF109KA1NO6,Yes
2358,ICICI PRUDENTIAL FMP SERIES 72 - 1092 DAYS PLAN F CUMULATIVE,AMC 15,MF,MF,2256,INF109KA1LB7,Yes
2359,ICICI PRUDENTIAL FMP SERIES 72 - 1092 DAYS PLAN F DIVIDEND PAYOUT,AMC 15,MF,MF,2257,INF109KA1LC5,Yes
2360,ICICI PRUDENTIAL FMP SERIES 72 - 366 DAYS PLAN C REGULAR PLAN CUMULATIVE,AMC 15,MF,MF,2252,INF109KA1KP9,Yes
2361,ICICI PRUDENTIAL FMP SERIES 72 - 366 DAYS PLAN C REGULAR PLAN DIVIDEND PAYOUT,AMC 15,MF,MF,2253,INF109KA1KQ7,Yes
2362,ICICI PRUDENTIAL FMP SERIES 72 - 366 DAYS PLAN I CUMULATIVE,AMC 15,MF,MF,2264,INF109KA1LN2,Yes
2363,ICICI PRUDENTIAL FMP SERIES 72 - 366 DAYS PLAN I DIVIDEND PAYOUT,AMC 15,MF,MF,2265,INF109KA1LO0,Yes
2364,ICICI PRUDENTIAL FMP SERIES 72 - 366 DAYS PLAN K REGULAR PLAN CUMULATIVE,AMC 15,MF,MF,2268,INF109KA1LZ6,Yes
2365,ICICI PRUDENTIAL FMP SERIES 72 - 366 DAYS PLAN K REGULAR PLAN DIVIDEND PAYOUT,AMC 15,MF,MF,2269,INF109KA1MA7,Yes
2366,ICICI PRUDENTIAL FMP SERIES 72 - 366 DAYS PLAN M REGULAR PLAN CUMULATIVE,AMC 15,MF,MF,2274,INF109KA1MD1,Yes
2367,ICICI PRUDENTIAL FMP SERIES 72 - 366 DAYS PLAN M REGULAR PLAN DIVIDEND PAYOUT,AMC 15,MF,MF,2275,INF109KA1ME9,Yes
2368,ICICI PRUDENTIAL FMP SERIES 72 - 366 DAYS PLAN T REGULAR PLAN CUMULATIVE,AMC 15,MF,MF,2292,INF109KA1NR9,Yes
2369,ICICI PRUDENTIAL FMP SERIES 72 - 366 DAYS PLAN T REGULAR PLAN DIVIDEND PAYOUT,AMC 15,MF,MF,2293,INF109KA1NS7,Yes
2370,ICICI PRUDENTIAL FMP SERIES 72 - 367 DAYS PLAN R REGULAR PLAN CUMULATIVE,AMC 15,MF,MF,2284,INF109KA1MX9,Yes
2371,ICICI PRUDENTIAL FMP SERIES 72 - 367 DAYS PLAN R REGULAR PLAN DIVIDEND PAYOUT,AMC 15,MF,MF,2285,INF109KA1MY7,Yes
2372,ICICI PRUDENTIAL FMP SERIES 72 - 368 DAYS PLAN A REGULAR PLAN CUMULATIVE,AMC 15,MF,MF,2240,INF109KA1JR7,Yes
2373,ICICI PRUDENTIAL FMP SERIES 72 - 368 DAYS PLAN A REGULAR PLAN DIVIDEND PAYOUT,AMC 15,MF,MF,2241,INF109KA1JS5,Yes
2374,ICICI PRUDENTIAL FMP SERIES 72 - 368 DAYS PLAN D REGULAR PLAN CUMULATIVE,AMC 15,MF,MF,2250,INF109KA1KL8,Yes
2375,ICICI PRUDENTIAL FMP SERIES 72 - 368 DAYS PLAN D REGULAR PLAN DIVIDEND PAYOUT,AMC 15,MF,MF,2251,INF109KA1KM6,Yes
2376,ICICI PRUDENTIAL FMP SERIES 72 - 368 DAYS PLAN P REGULAR PLAN CUMULATIVE,AMC 15,MF,MF,2280,INF109KA1NF4,Yes
2377,ICICI PRUDENTIAL FMP SERIES 72 - 368 DAYS PLAN P REGULAR PLAN DIVIDEND PAYOUT,AMC 15,MF,MF,2281,INF109KA1NG2,Yes
2378,ICICI PRUDENTIAL FMP SERIES 72 - 409 DAYS PLAN S REGULAR PLAN CUMULATIVE,AMC 15,MF,MF,2290,INF109KA1NJ6,Yes
2379,ICICI PRUDENTIAL FMP SERIES 72 - 409 DAYS PLAN S REGULAR PLAN DIVIDEND PAYOUT,AMC 15,MF,MF,2291,INF109KA1NK4,Yes
2380,ICICI PRUDENTIAL FMP SERIES 72 - 425 DAYS PLAN N REGULAR PLAN CUMULATIVE,AMC 15,MF,MF,2282,INF109KA1MT7,Yes
2381,ICICI PRUDENTIAL FMP SERIES 72 - 425 DAYS PLAN N REGULAR PLAN DIVIDEND PAYOUT,AMC 15,MF,MF,2283,INF109KA1MU5,Yes
2382,ICICI PRUDENTIAL FMP SERIES 72 - 440 DAYS PLAN L DIVIDEND PAYOUT,AMC 15,MF,MF,2271,INF109KA1LW3,Yes
2383,ICICI PRUDENTIAL FMP SERIES 72 - 440 DAYS PLAN L REGULAR PLAN CUMULATIVE,AMC 15,MF,MF,2270,INF109KA1LV5,Yes
2384,ICICI PRUDENTIAL FMP SERIES 72 - 483 DAYS PLAN J REGULAR PLAN CUMULATIVE,AMC 15,MF,MF,2266,INF109KA1LR3,Yes
2385,ICICI PRUDENTIAL FMP SERIES 72 - 483 DAYS PLAN J REGULAR PLAN DIVIDEND PAYOUT,AMC 15,MF,MF,2267,INF109KA1LS1,Yes
2386,ICICI PRUDENTIAL FMP SERIES 72 - 500 DAYS PLAN E DIVIDEND PAYOUT,AMC 15,MF,MF,2249,INF109KA1KI4,Yes
2387,ICICI PRUDENTIAL FMP SERIES 72 - 500 DAYS PLAN E REGULAR PLAN CUMULATIVE,AMC 15,MF,MF,2248,INF109KA1KH6,Yes
2388,ICICI PRUDENTIAL FMP SERIES 72 - 525 DAYS PLAN B REGULAR PLAN CUMULATIVE,AMC 15,MF,MF,2242,INF109KA1JZ0,Yes
2389,ICICI PRUDENTIAL FMP SERIES 72 - 525 DAYS PLAN B REGULAR PLAN DIVIDEND PAYOUT,AMC 15,MF,MF,2243,INF109KA1KA1,Yes
2390,ICICI PRUDENTIAL FMP SERIES 72 - 785 DAYS PLAN O CUMULATIVE,AMC 15,MF,MF,2272,INF109KA1MH2,Yes
2391,ICICI PRUDENTIAL FMP SERIES 72 - 785 DAYS PLAN O DIVIDEND PAYOUT,AMC 15,MF,MF,2273,INF109KA1MI0,Yes
2392,ICICI PRUDENTIAL FMP SERIES 72 - 823 DAYS PLAN H CUMULATIVE,AMC 15,MF,MF,2254,INF109KA1KX3,Yes
2393,ICICI PRUDENTIAL FMP SERIES 72 - 823 DAYS PLAN H DIVIDEND PAYOUT,AMC 15,MF,MF,2255,INF109KA1KY1,Yes
2394,ICICI PRUDENTIAL FMP SERIES 73 - 1120 DAYS PLAN L CUMULATIVE,AMC 15,MF,MF,2327,INF109KA1QJ9,Yes
2395,ICICI PRUDENTIAL FMP SERIES 73 - 1120 DAYS PLAN L DIVIDEND PAYOUT,AMC 15,MF,MF,2328,INF109KA1QK7,Yes
2396,ICICI PRUDENTIAL FMP SERIES 73 - 1140 DAYS PLAN E CUMULATIVE,AMC 15,MF,MF,2305,INF109KA1OV9,Yes
2397,ICICI PRUDENTIAL FMP SERIES 73 - 1140 DAYS PLAN E DIVIDEND PAYOUT,AMC 15,MF,MF,2306,INF109KA1OW7,Yes
2398,ICICI PRUDENTIAL FMP SERIES 73 - 366 DAYS PLAN A REGULAR PLAN CUMULATIVE,AMC 15,MF,MF,2297,INF109KA1NZ2,Yes
2399,ICICI PRUDENTIAL FMP SERIES 73 - 366 DAYS PLAN A REGULAR PLAN DIVIDEND PAYOUT,AMC 15,MF,MF,2298,INF109KA1OA3,Yes
2400,ICICI PRUDENTIAL FMP SERIES 73 - 366 DAYS PLAN B REGULAR PLAN CUMULATIVE,AMC 15,MF,MF,2299,INF109KA1OF2,Yes
2401,ICICI PRUDENTIAL FMP SERIES 73 - 366 DAYS PLAN B REGULAR PLAN DIVIDEND PAYOUT,AMC 15,MF,MF,2300,INF109KA1OG0,Yes
2402,ICICI PRUDENTIAL FMP SERIES 73 - 368 DAYS PLAN D REGULAR PLAN CUMULATIVE,AMC 15,MF,MF,2303,INF109KA1OJ4,Yes
2403,ICICI PRUDENTIAL FMP SERIES 73 - 368 DAYS PLAN D REGULAR PLAN DIVIDEND PAYOUT,AMC 15,MF,MF,2304,INF109KA1OK2,Yes
2404,ICICI PRUDENTIAL FMP SERIES 73 - 368 DAYS PLAN M REGULAR PLAN CUMULATIVE,AMC 15,MF,MF,2331,INF109KA1QN1,Yes
2405,ICICI PRUDENTIAL FMP SERIES 73 - 368 DAYS PLAN M REGULAR PLAN DIVIDEND PAYOUT,AMC 15,MF,MF,2332,INF109KA1QO9,Yes
2406,ICICI PRUDENTIAL FMP SERIES 73 - 368 DAYS PLAN R REGULAR PLAN CUMULATIVE,AMC 15,MF,MF,2345,INF109KA1RP4,Yes
2407,ICICI PRUDENTIAL FMP SERIES 73 - 368 DAYS PLAN R REGULAR PLAN DIVIDEND PAYOUT,AMC 15,MF,MF,2346,INF109KA1RQ2,Yes
2408,ICICI PRUDENTIAL FMP SERIES 73 - 369 DAYS PLAN H REGULAR PLAN CUMULATIVE,AMC 15,MF,MF,2313,INF109KA1PH5,Yes
2409,ICICI PRUDENTIAL FMP SERIES 73 - 369 DAYS PLAN H REGULAR PLAN DIVIDEND PAYOUT,AMC 15,MF,MF,2314,INF109KA1PI3,Yes
2410,ICICI PRUDENTIAL FMP SERIES 73 - 369 DAYS PLAN P REGULAR PLAN CUMULATIVE,AMC 15,MF,MF,2337,INF109KA1QV4,Yes
2411,ICICI PRUDENTIAL FMP SERIES 73 - 369 DAYS PLAN P REGULAR PLAN DIVIDEND PAYOUT,AMC 15,MF,MF,2338,INF109KA1QW2,Yes
2412,ICICI PRUDENTIAL FMP SERIES 73 - 369 DAYS PLAN S REGULAR PLAN CUMULATIVE,AMC 15,MF,MF,2343,INF109KA1RT6,Yes
2413,ICICI PRUDENTIAL FMP SERIES 73 - 369 DAYS PLAN S REGULAR PLAN DIVIDEND PAYOUT,AMC 15,MF,MF,2344,INF109KA1RU4,Yes
2414,ICICI PRUDENTIAL FMP SERIES 73 - 369 DAYS PLAN T DIVIDEND PAYOUT,AMC 15,MF,MF,2348,INF109KA1RY6,Yes
2415,ICICI PRUDENTIAL FMP SERIES 73 - 369 DAYS PLAN T REGULAR PLAN CUMULATIVE,AMC 15,MF,MF,2347,INF109KA1RX8,Yes
2416,ICICI PRUDENTIAL FMP SERIES 73 - 376 DAYS PLAN Q REGULAR PLAN CUMULATIVE,AMC 15,MF,MF,2339,INF109KA1QZ5,Yes
2417,ICICI PRUDENTIAL FMP SERIES 73 - 376 DAYS PLAN Q REGULAR PLAN DIVIDEND PAYOUT,AMC 15,MF,MF,2340,INF109KA1RA6,Yes
2418,ICICI PRUDENTIAL FMP SERIES 73 - 378 DAYS PLAN N REGULAR PLAN CUMULATIVE,AMC 15,MF,MF,2329,INF109KA1QR2,Yes
2419,ICICI PRUDENTIAL FMP SERIES 73 - 378 DAYS PLAN N REGULAR PLAN DIVIDEND PAYOUT,AMC 15,MF,MF,2330,INF109KA1QS0,Yes
2420,ICICI PRUDENTIAL FMP SERIES 73 - 378 DAYS PLAN O REGULAR PLAN CUMULATIVE,AMC 15,MF,MF,2341,INF109KA1RL3,Yes
2421,ICICI PRUDENTIAL FMP SERIES 73 - 378 DAYS PLAN O REGULAR PLAN DIVIDEND PAYOUT,AMC 15,MF,MF,2342,INF109KA1RM1,Yes
2422,ICICI PRUDENTIAL FMP SERIES 73 - 383 DAYS PLAN K REGULAR PLAN CUMULATIVE,AMC 15,MF,MF,2319,INF109KA1QB6,Yes
2423,ICICI PRUDENTIAL FMP SERIES 73 - 383 DAYS PLAN K REGULAR PLAN DIVIDEND PAYOUT,AMC 15,MF,MF,2320,INF109KA1QC4,Yes
2424,ICICI PRUDENTIAL FMP SERIES 73 - 390 DAYS PLAN I REGULAR PLAN CUMULATIVE,AMC 15,MF,MF,2315,INF109KA1PL7,Yes
2425,ICICI PRUDENTIAL FMP SERIES 73 - 390 DAYS PLAN I REGULAR PLAN DIVIDEND PAYOUT,AMC 15,MF,MF,2316,INF109KA1PM5,Yes
2426,ICICI PRUDENTIAL FMP SERIES 73 - 391 DAYS PLAN G REGULAR PLAN CUMULATIVE,AMC 15,MF,MF,2307,INF109KA1OZ0,Yes
2427,ICICI PRUDENTIAL FMP SERIES 73 - 391 DAYS PLAN G REGULAR PLAN DIVIDEND PAYOUT,AMC 15,MF,MF,2308,INF109KA1PA0,Yes
2428,ICICI PRUDENTIAL FMP SERIES 73 - 392 DAYS PLAN F REGULAR PLAN CUMULATIVE,AMC 15,MF,MF,2309,INF109KA1OR7,Yes
2429,ICICI PRUDENTIAL FMP SERIES 73 - 392 DAYS PLAN F REGULAR PLAN DIVIDEND PAYOUT,AMC 15,MF,MF,2310,INF109KA1OS5,Yes
2430,ICICI PRUDENTIAL FMP SERIES 73 - 407 DAYS PLAN C REGULAR PLAN CUMULATIVE,AMC 15,MF,MF,2301,INF109KA1ON6,Yes
2431,ICICI PRUDENTIAL FMP SERIES 73 - 407 DAYS PLAN C REGULAR PLAN DIVIDEND PAYOUT,AMC 15,MF,MF,2302,INF109KA1OO4,Yes
2432,ICICI PRUDENTIAL FMP SERIES 73 - 830 DAYS PLAN J CUMULATIVE,AMC 15,MF,MF,2317,INF109KA1PX2,Yes
2433,ICICI PRUDENTIAL FMP SERIES 73 - 830 DAYS PLAN J DIVIDEND PAYOUT,AMC 15,MF,MF,2318,INF109KA1PY0,Yes
2434,ICICI PRUDENTIAL FMP SERIES 74 - 1092 DAYS PLAN G CUMULATIVE,AMC 15,MF,MF,2371,INF109KA1TH7,Yes
2435,ICICI PRUDENTIAL FMP SERIES 74 - 1092 DAYS PLAN G DIVIDEND PAYOUT,AMC 15,MF,MF,2372,INF109KA1TI5,Yes
2436,ICICI PRUDENTIAL FMP SERIES 74 - 1092 DAYS PLAN P CUMULATIVE,AMC 15,MF,MF,2389,INF109KA1VB6,Yes
2437,ICICI PRUDENTIAL FMP SERIES 74 - 1092 DAYS PLAN P DIVIDEND PAYOUT,AMC 15,MF,MF,2390,INF109KA1VC4,Yes
2438,ICICI PRUDENTIAL FMP SERIES 74 - 1092 DAYS PLAN W REGULAR PLAN CUMULATIVE,AMC 15,MF,MF,2418,INF109KA1XL1,Yes
2439,ICICI PRUDENTIAL FMP SERIES 74 - 1092 DAYS PLAN W REGULAR PLAN DIVIDEND PAYOUT,AMC 15,MF,MF,2419,INF109KA1XM9,Yes
2440,ICICI PRUDENTIAL FMP SERIES 74 - 367 DAYS PLAN C REGULAR PLAN CUMULATIVE,AMC 15,MF,MF,2359,INF109KA1SV0,Yes
2441,ICICI PRUDENTIAL FMP SERIES 74 - 367 DAYS PLAN C REGULAR PLAN DIVIDEND PAYOUT,AMC 15,MF,MF,2360,INF109KA1SW8,Yes
2442,ICICI PRUDENTIAL FMP SERIES 74 - 367 DAYS PLAN D REGULAR PLAN CUMULATIVE,AMC 15,MF,MF,2369,INF109KA1TL9,Yes
2443,ICICI PRUDENTIAL FMP SERIES 74 - 367 DAYS PLAN D REGULAR PLAN DIVIDEND PAYOUT,AMC 15,MF,MF,2370,INF109KA1TM7,Yes
2444,ICICI PRUDENTIAL FMP SERIES 74 - 367 DAYS PLAN N REGULAR PLAN CUMULATIVE,AMC 15,MF,MF,2393,INF109KA1VR2,Yes
2445,ICICI PRUDENTIAL FMP SERIES 74 - 367 DAYS PLAN N REGULAR PLAN DIVIDEND PAYOUT,AMC 15,MF,MF,2394,INF109KA1VS0,Yes
2446,ICICI PRUDENTIAL FMP SERIES 74 - 367 DAYS PLAN Z REGULAR PLAN CUMULATIVE,AMC 15,MF,MF,2426,INF109KA1YD6,Yes
2447,ICICI PRUDENTIAL FMP SERIES 74 - 367 DAYS PLAN Z REGULAR PLAN DIVIDEND PAYOUT,AMC 15,MF,MF,2427,INF109KA1YE4,Yes
2448,ICICI PRUDENTIAL FMP SERIES 74 - 368 DAYS PLAN H REGULAR PLAN CUMULATIVE,AMC 15,MF,MF,2375,INF109KA1UD4,Yes
2449,ICICI PRUDENTIAL FMP SERIES 74 - 368 DAYS PLAN H REGULAR PLAN DIVIDEND PAYOUT,AMC 15,MF,MF,2376,INF109KA1UE2,Yes
2450,ICICI PRUDENTIAL FMP SERIES 74 - 368 DAYS PLAN J REGULAR PLAN CUMULATIVE,AMC 15,MF,MF,2383,INF109KA1UL7,Yes
2451,ICICI PRUDENTIAL FMP SERIES 74 - 368 DAYS PLAN J REGULAR PLAN DIVIDEND PAYOUT,AMC 15,MF,MF,2384,INF109KA1UM5,Yes
2452,ICICI PRUDENTIAL FMP SERIES 74 - 368 DAYS PLAN R REGULAR PLAN CUMULATIVE,AMC 15,MF,MF,2402,INF109KA1WF5,Yes
2453,ICICI PRUDENTIAL FMP SERIES 74 - 368 DAYS PLAN R REGULAR PLAN DIVIDEND PAYOUT,AMC 15,MF,MF,2403,INF109KA1WG3,Yes
2454,ICICI PRUDENTIAL FMP SERIES 74 - 368 DAYS PLAN Y REGULAR PLAN CUMULATIVE,AMC 15,MF,MF,2422,INF109KA1XZ1,Yes
2455,ICICI PRUDENTIAL FMP SERIES 74 - 368 DAYS PLAN Y REGULAR PLAN DIVIDEND PAYOUT,AMC 15,MF,MF,2423,INF109KA1YA2,Yes
2456,ICICI PRUDENTIAL FMP SERIES 74 - 369 DAYS PLAN B REGULAR PLAN CUMULATIVE,AMC 15,MF,MF,2353,INF109KA1SR8,Yes
2457,ICICI PRUDENTIAL FMP SERIES 74 - 369 DAYS PLAN B REGULAR PLAN DIVIDEND PAYOUT,AMC 15,MF,MF,2354,INF109KA1SS6,Yes
2458,ICICI PRUDENTIAL FMP SERIES 74 - 369 DAYS PLAN F REGULAR PLAN CUMULATIVE,AMC 15,MF,MF,2361,INF109KA1SZ1,Yes
2459,ICICI PRUDENTIAL FMP SERIES 74 - 369 DAYS PLAN F REGULAR PLAN DIVIDEND PAYOUT,AMC 15,MF,MF,2362,INF109KA1TA2,Yes
2460,ICICI PRUDENTIAL FMP SERIES 74 - 369 DAYS PLAN I REGULAR PLAN CUMULATIVE,AMC 15,MF,MF,2377,INF109KA1UH5,Yes
2461,ICICI PRUDENTIAL FMP SERIES 74 - 369 DAYS PLAN I REGULAR PLAN DIVIDEND PAYOUT,AMC 15,MF,MF,2378,INF109KA1UI3,Yes
2462,ICICI PRUDENTIAL FMP SERIES 74 - 369 DAYS PLAN K REGULAR PLAN CUMULATIVE,AMC 15,MF,MF,2379,INF109KA1UP8,Yes
2463,ICICI PRUDENTIAL FMP SERIES 74 - 369 DAYS PLAN K REGULAR PLAN DIVIDEND PAYOUT,AMC 15,MF,MF,2380,INF109KA1UQ6,Yes
2464,ICICI PRUDENTIAL FMP SERIES 74 - 369 DAYS PLAN L REGULAR PLAN CUMULATIVE,AMC 15,MF,MF,2395,INF109KA1VN1,Yes
2465,ICICI PRUDENTIAL FMP SERIES 74 - 369 DAYS PLAN L REGULAR PLAN DIVIDEND PAYOUT,AMC 15,MF,MF,2396,INF109KA1VO9,Yes
2466,ICICI PRUDENTIAL FMP SERIES 74 - 369 DAYS PLAN M REGULAR PLAN CUMULATIVE,AMC 15,MF,MF,2381,INF109KA1UT0,Yes
2467,ICICI PRUDENTIAL FMP SERIES 74 - 369 DAYS PLAN M REGULAR PLAN DIVIDEND PAYOUT,AMC 15,MF,MF,2382,INF109KA1UU8,Yes
2468,ICICI PRUDENTIAL FMP SERIES 74 - 369 DAYS PLAN T REGULAR PLAN CUMULATIVE,AMC 15,MF,MF,2404,INF109KA1WJ7,Yes
2469,ICICI PRUDENTIAL FMP SERIES 74 - 369 DAYS PLAN T REGULAR PLAN DIVIDEND PAYOUT,AMC 15,MF,MF,2405,INF109KA1WK5,Yes
2470,ICICI PRUDENTIAL FMP SERIES 74 - 370 DAYS PLAN A REGULAR PLAN CUMULATIVE,AMC 15,MF,MF,2349,INF109KA1SB2,Yes
2471,ICICI PRUDENTIAL FMP SERIES 74 - 370 DAYS PLAN A REGULAR PLAN DIVIDEND PAYOUT,AMC 15,MF,MF,2350,INF109KA1SC0,Yes
2472,ICICI PRUDENTIAL FMP SERIES 74 - 370 DAYS PLAN O REGULAR PLAN CUMULATIVE,AMC 15,MF,MF,2387,INF109KA1VF7,Yes
2473,ICICI PRUDENTIAL FMP SERIES 74 - 370 DAYS PLAN O REGULAR PLAN DIVIDEND PAYOUT,AMC 15,MF,MF,2388,INF109KA1VG5,Yes
2474,ICICI PRUDENTIAL FMP SERIES 74 - 370 DAYS PLAN Q REGULAR PLAN CUMULATIVE,AMC 15,MF,MF,2399,INF109KA1VZ5,Yes
2475,ICICI PRUDENTIAL FMP SERIES 74 - 370 DAYS PLAN Q REGULAR PLAN DIVIDEND PAYOUT,AMC 15,MF,MF,2400,INF109KA1WA6,Yes
2476,ICICI PRUDENTIAL FMP SERIES 74 - 370 DAYS PLAN S REGULAR PLAN CUMULATIVE,AMC 15,MF,MF,2408,INF109KA1WR0,Yes
2477,ICICI PRUDENTIAL FMP SERIES 74 - 370 DAYS PLAN S REGULAR PLAN DIVIDEND PAYOUT,AMC 15,MF,MF,2409,INF109KA1WS8,Yes
2478,ICICI PRUDENTIAL FMP SERIES 74 - 370 DAYS PLAN V REGULAR PLAN CUMULATIVE,AMC 15,MF,MF,2412,INF109KA1WZ3,Yes
2479,ICICI PRUDENTIAL FMP SERIES 74 - 370 DAYS PLAN V REGULAR PLAN DIVIDEND PAYOUT,AMC 15,MF,MF,2413,INF109KA1XA4,Yes
2480,ICICI PRUDENTIAL FMP SERIES 74 - 370 DAYS PLAN X REGULAR PLAN CUMULATIVE,AMC 15,MF,MF,2420,INF109KA1XR8,Yes
2481,ICICI PRUDENTIAL FMP SERIES 74 - 370 DAYS PLAN X REGULAR PLAN DIVIDEND PAYOUT,AMC 15,MF,MF,2421,INF109KA1XS6,Yes
2482,ICICI PRUDENTIAL FMP SERIES 74 - 780 DAYS PLAN E CUMULATIVE,AMC 15,MF,MF,2363,INF109KA1TD6,Yes
2483,ICICI PRUDENTIAL FMP SERIES 74 - 780 DAYS PLAN E DIVIDEND PAYOUT,AMC 15,MF,MF,2364,INF109KA1TE4,Yes
2484,ICICI Prudential FMP Series 74 - 9 Years Plan U Cumulative,AMC 15,MF,MF,2406,INF109KA1WM1,Yes
2485,ICICI Prudential FMP Series 74 - 9 Years Plan U IDCW,AMC 15,MF,MF,2407,INF109KA1WN9,Yes
2486,ICICI PRUDENTIAL FMP SERIES 75 - 1100 DAYS PLAN F CUMULATIVE,AMC 15,MF,MF,2491,INF109KA1K23,Yes
2487,ICICI PRUDENTIAL FMP SERIES 75 - 1100 DAYS PLAN F DIVIDEND PAYOUT,AMC 15,MF,MF,2492,INF109KA1K31,Yes
2488,ICICI PRUDENTIAL FMP SERIES 75 - 1100 DAYS PLAN G CUMULATIVE,AMC 15,MF,MF,2496,INF109KA1K64,Yes
2489,ICICI PRUDENTIAL FMP SERIES 75 - 1100 DAYS PLAN G DIVIDEND PAYOUT,AMC 15,MF,MF,2497,INF109KA1K72,Yes
2490,ICICI PRUDENTIAL FMP SERIES 75 - 1100 DAYS PLAN H CUMULATIVE,AMC 15,MF,MF,2503,INF109KA1P69,Yes
2491,ICICI PRUDENTIAL FMP SERIES 75 - 1100 DAYS PLAN H DIVIDEND PAYOUT,AMC 15,MF,MF,2504,INF109KA1P77,Yes
2492,ICICI PRUDENTIAL FMP SERIES 75 - 1100 DAYS PLAN I CUMULATIVE,AMC 15,MF,MF,2507,INF109KA1R26,Yes
2493,ICICI PRUDENTIAL FMP SERIES 75 - 1100 DAYS PLAN I DIVIDEND PAYOUT,AMC 15,MF,MF,2508,INF109KA1R34,Yes
2494,ICICI PRUDENTIAL FMP SERIES 75 - 1100 DAYS PLAN J CUMULATIVE,AMC 15,MF,MF,2514,INF109KA1T40,Yes
2495,ICICI PRUDENTIAL FMP SERIES 75 - 1100 DAYS PLAN J DIVIDEND PAYOUT,AMC 15,MF,MF,2515,INF109KA1T57,Yes
2496,ICICI PRUDENTIAL FMP SERIES 75 - 1100 DAYS PLAN N CUMULATIVE,AMC 15,MF,MF,2537,INF109KA18A3,Yes
2497,ICICI PRUDENTIAL FMP SERIES 75 - 1100 DAYS PLAN N DIVIDEND PAYOUT,AMC 15,MF,MF,2538,INF109KA19A1,Yes
2498,ICICI PRUDENTIAL FMP SERIES 75 - 1100 DAYS PLAN Q CUMULATIVE,AMC 15,MF,MF,2545,INF109KA10E2,Yes
2499,ICICI PRUDENTIAL FMP SERIES 75 - 1100 DAYS PLAN Q DIVIDEND PAYOUT,AMC 15,MF,MF,2546,INF109KA11E0,Yes
2500,ICICI PRUDENTIAL FMP SERIES 75 - 1100 DAYS PLAN R CUMULATIVE,AMC 15,MF,MF,2549,INF109KA18E5,Yes
2501,ICICI PRUDENTIAL FMP SERIES 75 - 1100 DAYS PLAN R DIVIDEND PAYOUT,AMC 15,MF,MF,2550,INF109KA19E3,Yes
2502,ICICI PRUDENTIAL FMP SERIES 75 - 1100 DAYS PLAN S REGULAR PLAN CUMULATIVE,AMC 15,MF,MF,2563,INF109KA16H2,Yes
2503,ICICI PRUDENTIAL FMP SERIES 75 - 1100 DAYS PLAN S REGULAR PLAN DIVIDEND PAYOUT,AMC 15,MF,MF,2564,INF109KA17H0,Yes
2504,ICICI PRUDENTIAL FMP SERIES 75 - 1100 DAYS PLAN T CUMULATIVE,AMC 15,MF,MF,2554,INF109KA14F1,Yes
2505,ICICI PRUDENTIAL FMP SERIES 75 - 1100 DAYS PLAN T DIVIDEND PAYOUT,AMC 15,MF,MF,2555,INF109KA15F8,Yes
2506,ICICI PRUDENTIAL FMP SERIES 75 - 1100 DAYS PLAN V REGULAR PLAN CUMULATIVE,AMC 15,MF,MF,2567,INF109KA10I3,Yes
2507,ICICI PRUDENTIAL FMP SERIES 75 - 1100 DAYS PLAN V REGULAR PLAN DIVIDEND PAYOUT,AMC 15,MF,MF,2568,INF109KA11I1,Yes
2508,ICICI PRUDENTIAL FMP SERIES 75 - 1102 DAYS PLAN M REGULAR PLAN CUMULATIVE,AMC 15,MF,MF,2528,INF109KA1W60,Yes
2509,ICICI PRUDENTIAL FMP SERIES 75 - 1102 DAYS PLAN M REGULAR PLAN DIVIDEND PAYOUT,AMC 15,MF,MF,2529,INF109KA1W78,Yes
2510,ICICI PRUDENTIAL FMP SERIES 75 - 1103 DAYS PLAN K REGULAR PLAN CUMULATIVE,AMC 15,MF,MF,2520,INF109KA1V46,Yes
2511,ICICI PRUDENTIAL FMP SERIES 75 - 1103 DAYS PLAN K REGULAR PLAN DIVIDEND PAYOUT,AMC 15,MF,MF,2521,INF109KA1V53,Yes
2512,ICICI PRUDENTIAL FMP SERIES 75 - 1103 DAYS PLAN L CUMULATIVE,AMC 15,MF,MF,2522,INF109KA1V87,Yes
2513,ICICI PRUDENTIAL FMP SERIES 75 - 1103 DAYS PLAN L DIVIDEND PAYOUT,AMC 15,MF,MF,2523,INF109KA1V95,Yes
2514,ICICI PRUDENTIAL FMP SERIES 75 - 1103 DAYS PLAN P CUMULATIVE,AMC 15,MF,MF,2543,INF109KA16D1,Yes
2515,ICICI PRUDENTIAL FMP SERIES 75 - 1103 DAYS PLAN P DIVIDEND PAYOUT,AMC 15,MF,MF,2544,INF109KA17D9,Yes
2516,ICICI PRUDENTIAL FMP SERIES 75 - 1246 DAYS PLAN U CUMULATIVE,AMC 15,MF,MF,2565,INF109KA12H1,Yes
2517,ICICI PRUDENTIAL FMP SERIES 75 - 1246 DAYS PLAN U DIVIDEND PAYOUT,AMC 15,MF,MF,2566,INF109KA13H9,Yes
2518,ICICI PRUDENTIAL FMP SERIES 75 - 1352 DAYS PLAN E CUMULATIVE,AMC 15,MF,MF,2441,INF109KA1ZQ5,Yes
2519,ICICI PRUDENTIAL FMP SERIES 75 - 1352 DAYS PLAN E DIVIDEND PAYOUT,AMC 15,MF,MF,2442,INF109KA1ZR3,Yes
2520,ICICI PRUDENTIAL FMP SERIES 75 - 367 DAYS PLAN C REGULAR PLAN CUMULATIVE,AMC 15,MF,MF,2435,INF109KA1YV8,Yes
2521,ICICI PRUDENTIAL FMP SERIES 75 - 367 DAYS PLAN C REGULAR PLAN DIVIDEND PAYOUT,AMC 15,MF,MF,2436,INF109KA1YW6,Yes
2522,ICICI PRUDENTIAL FMP SERIES 75 - 368 DAYS PLAN A REGULAR PLAN CUMULATIVE,AMC 15,MF,MF,2429,INF109KA1YH7,Yes
2523,ICICI PRUDENTIAL FMP SERIES 75 - 368 DAYS PLAN A REGULAR PLAN DIVIDEND PAYOUT,AMC 15,MF,MF,2430,INF109KA1YI5,Yes
2524,ICICI PRUDENTIAL FMP SERIES 75 - 368 DAYS PLAN B REGULAR PLAN CUMULATIVE,AMC 15,MF,MF,2433,INF109KA1YR6,Yes
2525,ICICI PRUDENTIAL FMP SERIES 75 - 368 DAYS PLAN B REGULAR PLAN DIVIDEND PAYOUT,AMC 15,MF,MF,2434,INF109KA1YS4,Yes
2526,ICICI PRUDENTIAL FMP SERIES 75 - 370 DAYS PLAN D REGULAR PLAN CUMULATIVE,AMC 15,MF,MF,2439,INF109KA1ZD3,Yes
2527,ICICI PRUDENTIAL FMP SERIES 75 - 370 DAYS PLAN D REGULAR PLAN DIVIDEND PAYOUT,AMC 15,MF,MF,2440,INF109KA1ZE1,Yes
2528,ICICI PRUDENTIAL FMP SERIES 76 - 1100 DAYS PLAN A REGULAR PLAN CUMULATIVE,AMC 15,MF,MF,2572,INF109KA14K1,Yes
2529,ICICI PRUDENTIAL FMP SERIES 76 - 1100 DAYS PLAN A REGULAR PLAN DIVIDEND PAYOUT,AMC 15,MF,MF,2573,INF109KA15K8,Yes
2530,ICICI PRUDENTIAL FMP SERIES 76 - 1100 DAYS PLAN B REGULAR PLAN CUMULATIVE,AMC 15,MF,MF,2576,INF109KA10M5,Yes
2531,ICICI PRUDENTIAL FMP SERIES 76 - 1100 DAYS PLAN B REGULAR PLAN DIVIDEND PAYOUT,AMC 15,MF,MF,2577,INF109KA11M3,Yes
2532,ICICI PRUDENTIAL FMP SERIES 76 - 1100 DAYS PLAN C REGULAR PLAN CUMULATIVE,AMC 15,MF,MF,2578,INF109KA14M7,Yes
2533,ICICI PRUDENTIAL FMP SERIES 76 - 1100 DAYS PLAN C REGULAR PLAN DIVIDEND PAYOUT,AMC 15,MF,MF,2579,INF109KA15M4,Yes
2534,ICICI PRUDENTIAL FMP SERIES 76 - 1100 DAYS PLAN D CUMULATIVE,AMC 15,MF,MF,2582,INF109KA12N9,Yes
2535,ICICI PRUDENTIAL FMP SERIES 76 - 1100 DAYS PLAN D DIVIDEND PAYOUT,AMC 15,MF,MF,2583,INF109KA13N7,Yes
2536,ICICI PRUDENTIAL FMP SERIES 76 - 1100 DAYS PLAN E REGULAR PLAN CUMULATIVE,AMC 15,MF,MF,2584,INF109KA16O8,Yes
2537,ICICI PRUDENTIAL FMP SERIES 76 - 1100 DAYS PLAN E REGULAR PLAN DIVIDEND PAYOUT,AMC 15,MF,MF,2585,INF109KA17O6,Yes
2538,ICICI PRUDENTIAL FMP SERIES 76 - 1100 DAYS PLAN G CUMULATIVE,AMC 15,MF,MF,2596,INF109KA16R1,Yes
2539,ICICI PRUDENTIAL FMP SERIES 76 - 1100 DAYS PLAN G DIVIDEND PAYOUT,AMC 15,MF,MF,2597,INF109KA17R9,Yes
2540,ICICI PRUDENTIAL FMP SERIES 76 - 1100 DAYS PLAN J REGULAR PLAN CUMULATIVE,AMC 15,MF,MF,2607,INF109KA10V6,Yes
2541,ICICI PRUDENTIAL FMP SERIES 76 - 1100 DAYS PLAN R REGULAR PLAN CUMULATIVE,AMC 15,MF,MF,2631,INF109KB1474,Yes
2542,ICICI PRUDENTIAL FMP SERIES 76 - 1100 DAYS PLAN R REGULAR PLAN DIVIDEND PAYOUT,AMC 15,MF,MF,2632,INF109KB1482,Yes
2543,ICICI PRUDENTIAL FMP SERIES 76 - 1100 DAYS PLAN T CUMULATIVE,AMC 15,MF,MF,2635,INF109KB1359,Yes
2544,ICICI PRUDENTIAL FMP SERIES 76 - 1100 DAYS PLAN T DIVIDEND PAYOUT,AMC 15,MF,MF,2636,INF109KB1367,Yes
2545,ICICI PRUDENTIAL FMP SERIES 76 - 1103 DAYS PLAN F CUMULATIVE,AMC 15,MF,MF,2592,INF109KA14Q8,Yes
2546,ICICI PRUDENTIAL FMP SERIES 76 - 1103 DAYS PLAN F DIVIDEND PAYOUT,AMC 15,MF,MF,2593,INF109KA15Q5,Yes
2547,ICICI PRUDENTIAL FMP SERIES 76 - 1103 DAYS PLAN L REGULAR PLAN CUMULATIVE,AMC 15,MF,MF,2611,INF109KA10X2,Yes
2548,ICICI PRUDENTIAL FMP SERIES 76 - 1103 DAYS PLAN L REGULAR PLAN HALF YEARLY DIVIDEND PAYOUT,AMC 15,MF,MF,2612,INF109KA11X0,Yes
2549,ICICI PRUDENTIAL FMP SERIES 76 - 1108 DAYS PLAN V CUMULATIVE,AMC 15,MF,MF,2641,INF109KB1672,Yes
2550,ICICI PRUDENTIAL FMP SERIES 76 - 1108 DAYS PLAN V DIVIDEND PAYOUT,AMC 15,MF,MF,2642,INF109KB1680,Yes
2551,ICICI PRUDENTIAL FMP SERIES 76 - 1120 DAYS PLAN S REGULAR PLAN CUMULATIVE,AMC 15,MF,MF,2637,INF109KB1318,Yes
2552,ICICI PRUDENTIAL FMP SERIES 76 - 1120 DAYS PLAN S REGULAR PLAN DIVIDEND PAYOUT,AMC 15,MF,MF,2638,INF109KB1326,Yes
2553,ICICI PRUDENTIAL FMP SERIES 76 - 1120 DAYS PLAN U CUMULATIVE,AMC 15,MF,MF,2633,INF109KB1391,Yes
2554,ICICI PRUDENTIAL FMP SERIES 76 - 1120 DAYS PLAN U DIVIDEND PAYOUT,AMC 15,MF,MF,2634,INF109KB1409,Yes
2555,ICICI PRUDENTIAL FMP SERIES 76 - 1127 DAYS PLAN W CUMULATIVE,AMC 15,MF,MF,2646,INF109KB1953,Yes
2556,ICICI PRUDENTIAL FMP SERIES 76 - 1127 DAYS PLAN W DIVIDEND PAYOUT,AMC 15,MF,MF,2647,INF109KB1961,Yes
2557,ICICI PRUDENTIAL FMP SERIES 76 - 1132 DAYS PLAN P CUMULATIVE,AMC 15,MF,MF,2624,INF109KB1219,Yes
2558,ICICI PRUDENTIAL FMP SERIES 76 - 1132 DAYS PLAN P DIVIDEND PAYOUT,AMC 15,MF,MF,2625,INF109KB1227,Yes
2559,ICICI PRUDENTIAL FMP SERIES 76 - 1134 DAYS PLAN X REGULAR PLAN CUMULATIVE,AMC 15,MF,MF,2648,INF109KB1995,Yes
2560,ICICI PRUDENTIAL FMP SERIES 76 - 1134 DAYS PLAN X REGULAR PLAN DIVIDEND PAYOUT,AMC 15,MF,MF,2649,INF109KB1AA1,Yes
2561,ICICI PRUDENTIAL FMP SERIES 76 - 1134 DAYS PLAN Y CUMULATIVE,AMC 15,MF,MF,2652,INF109KB1BF8,Yes
2562,ICICI PRUDENTIAL FMP SERIES 76 - 1134 DAYS PLAN Y DIVIDEND PAYOUT,AMC 15,MF,MF,2653,INF109KB1BG6,Yes
2563,ICICI PRUDENTIAL FMP SERIES 76 - 1135 DAYS PLAN O REGULAR PLAN CUMULATIVE,AMC 15,MF,MF,2620,INF109KB1136,Yes
2564,ICICI PRUDENTIAL FMP SERIES 76 - 1135 DAYS PLAN O REGULAR PLAN DIVIDEND PAYOUT,AMC 15,MF,MF,2621,INF109KB1144,Yes
2565,ICICI PRUDENTIAL FMP SERIES 76 - 1135 DAYS PLAN Z CUMULATIVE,AMC 15,MF,MF,2654,INF109KB1BB7,Yes
2566,ICICI PRUDENTIAL FMP SERIES 76 - 1135 DAYS PLAN Z DIVIDEND PAYOUT,AMC 15,MF,MF,2655,INF109KB1BC5,Yes
2567,ICICI PRUDENTIAL FMP SERIES 76 - 1140 DAYS PLAN N REGULAR PLAN CUMULATIVE,AMC 15,MF,MF,2617,INF109KA10Z7,Yes
2568,ICICI PRUDENTIAL FMP SERIES 76 - 1140 DAYS PLAN N REGULAR PLAN HALF YEARLY DIVIDEND PAYOUT,AMC 15,MF,MF,2618,INF109KA11Z5,Yes
2569,ICICI PRUDENTIAL FMP SERIES 76 - 1142 DAYS PLAN M CUMULATIVE,AMC 15,MF,MF,2615,INF109KA16Y7,Yes
2570,ICICI PRUDENTIAL FMP SERIES 76 - 1142 DAYS PLAN M DIVIDEND PAYOUT,AMC 15,MF,MF,2616,INF109KA17Y5,Yes
2571,ICICI PRUDENTIAL FMP SERIES 76 - 1155 DAYS PLAN K CUMULATIVE,AMC 15,MF,MF,2609,INF109KA14V8,Yes
2572,ICICI PRUDENTIAL FMP SERIES 76 - 1155 DAYS PLAN K DIVIDEND PAYOUT,AMC 15,MF,MF,2610,INF109KA15V5,Yes
2573,ICICI PRUDENTIAL FMP SERIES 76 - 1170 DAYS PLAN I REGULAR PLAN CUMULATIVE,AMC 15,MF,MF,2601,INF109KA14T2,Yes
2574,ICICI PRUDENTIAL FMP SERIES 76 - 1170 DAYS PLAN I REGULAR PLAN HALF YEARLY DIVIDEND PAYOUT,AMC 15,MF,MF,2602,INF109KA15T9,Yes
2575,ICICI PRUDENTIAL FMP SERIES 76 - 1185 DAYS PLAN H CUMULATIVE,AMC 15,MF,MF,2599,INF109KA16S9,Yes
2576,ICICI PRUDENTIAL FMP SERIES 76 - 1185 DAYS PLAN H DIVIDEND PAYOUT,AMC 15,MF,MF,2600,INF109KA17S7,Yes
2577,ICICI PRUDENTIAL FMP SERIES 76-1100 DAYS PLAN J REGULAR PLAN HALF YEARLY DIVIDEND PAYOUT,AMC 15,MF,MF,2608,INF109KA11V4,Yes
2578,ICICI PRUDENTIAL FMP SERIES 77 - 1100 DAYS PLAN L CUMULATIVE,AMC 15,MF,MF,2689,INF109KB1IT4,Yes
2579,ICICI PRUDENTIAL FMP SERIES 77 - 1100 DAYS PLAN L DIVIDEND PAYOUT,AMC 15,MF,MF,2690,INF109KB1IU2,Yes
2580,ICICI PRUDENTIAL FMP SERIES 77 - 1100 DAYS PLAN M CUMULATIVE,AMC 15,MF,MF,2687,INF109KB1IP2,Yes
2581,ICICI PRUDENTIAL FMP SERIES 77 - 1100 DAYS PLAN M DIVIDEND PAYOUT,AMC 15,MF,MF,2688,INF109KB1IQ0,Yes
2582,ICICI PRUDENTIAL FMP SERIES 77 - 1101 DAYS PLAN P REGULAR PLAN CUMULATIVE,AMC 15,MF,MF,2700,INF109KB1KR4,Yes
2583,ICICI PRUDENTIAL FMP SERIES 77 - 1101 DAYS PLAN P REGULAR PLAN DIVIDEND PAYOUT,AMC 15,MF,MF,2701,INF109KB1KS2,Yes
2584,ICICI PRUDENTIAL FMP SERIES 77 - 1104 DAYS PLAN O REGULAR PLAN CUMULATIVE - GROWTH,AMC 15,MF,MF,2696,INF109KB1KJ1,Yes
2585,ICICI PRUDENTIAL FMP SERIES 77 - 1104 DAYS PLAN O REGULAR PLAN DIVIDEND - PAYOUT,AMC 15,MF,MF,2697,INF109KB1KK9,Yes
2586,ICICI PRUDENTIAL FMP SERIES 77 - 1105 DAYS PLAN N CUMULATIVE,AMC 15,MF,MF,2694,INF109KB1JV8,Yes
2587,ICICI PRUDENTIAL FMP SERIES 77 - 1105 DAYS PLAN N DIVIDEND PAYOUT,AMC 15,MF,MF,2695,INF109KB1JW6,No
2588,ICICI PRUDENTIAL FMP SERIES 77 - 1106 DAYS PLAN K REGULAR PLAN CUMULATIVE - GROWTH,AMC 15,MF,MF,2685,INF109KB1ID8,Yes
2589,ICICI PRUDENTIAL FMP SERIES 77 - 1106 DAYS PLAN K REGULAR PLAN DIVIDEND - PAYOUT,AMC 15,MF,MF,2686,INF109KB1IE6,Yes
2590,ICICI PRUDENTIAL FMP SERIES 77 - 1116 DAYS PLAN X REGULAR PLAN CUMULATIVE,AMC 15,MF,MF,2727,INF109KB1MZ3,Yes
2591,ICICI PRUDENTIAL FMP SERIES 77 - 1116 DAYS PLAN X REGULAR PLAN DIVIDEND PAYOUT,AMC 15,MF,MF,2728,INF109KB1NA4,Yes
2592,ICICI PRUDENTIAL FMP SERIES 77 - 1118 DAYS PLAN J REGULAR PLAN CUMULATIVE - GROWTH,AMC 15,MF,MF,2681,INF109KB1HR0,Yes
2593,ICICI PRUDENTIAL FMP SERIES 77 - 1118 DAYS PLAN J REGULAR PLAN DIVIDEND - PAYOUT,AMC 15,MF,MF,2682,INF109KB1HS8,Yes
2594,ICICI PRUDENTIAL FMP SERIES 77 - 1123 DAYS PLAN V REGULAR PLAN CUMULATIVE,AMC 15,MF,MF,2723,INF109KB1MP4,Yes
2595,ICICI PRUDENTIAL FMP SERIES 77 - 1123 DAYS PLAN V REGULAR PLAN DIVIDEND PAYOUT,AMC 15,MF,MF,2724,INF109KB1MQ2,Yes
2596,ICICI PRUDENTIAL FMP SERIES 77 - 1125 DAYS PLAN I REGULAR PLAN CUMULATIVE,AMC 15,MF,MF,2679,INF109KB1HN9,Yes
2597,ICICI PRUDENTIAL FMP SERIES 77 - 1125 DAYS PLAN I REGULAR PLAN DIVIDEND PAYOUT,AMC 15,MF,MF,2680,INF109KB1HO7,Yes
2598,ICICI PRUDENTIAL FMP SERIES 77 - 1127 DAYS PLAN E REGULAR PLAN CUMULATIVE,AMC 15,MF,MF,2668,INF109KB1EP1,Yes
2599,ICICI PRUDENTIAL FMP SERIES 77 - 1127 DAYS PLAN E REGULAR PLAN DIVIDEND PAYOUT,AMC 15,MF,MF,2669,INF109KB1EQ9,Yes
2600,ICICI PRUDENTIAL FMP SERIES 77 - 1128 DAYS PLAN F REGULAR PLAN CUMULATIVE,AMC 15,MF,MF,2671,INF109KB1FY0,Yes
2601,ICICI PRUDENTIAL FMP SERIES 77 - 1128 DAYS PLAN F REGULAR PLAN DIVIDEND PAYOUT,AMC 15,MF,MF,2672,INF109KB1FX2,Yes
2602,ICICI PRUDENTIAL FMP SERIES 77 - 1129 DAYS PLAN W CUMULATIVE,AMC 15,MF,MF,2725,INF109KB1MT6,Yes
2603,ICICI PRUDENTIAL FMP SERIES 77 - 1129 DAYS PLAN W DIVIDEND PAYOUT,AMC 15,MF,MF,2726,INF109KB1MU4,Yes
2604,ICICI PRUDENTIAL FMP SERIES 77 - 1130 DAYS PLAN D CUMULATIVE,AMC 15,MF,MF,2666,INF109KB1EL0,Yes
2605,ICICI PRUDENTIAL FMP SERIES 77 - 1130 DAYS PLAN D DIVIDEND PAYOUT,AMC 15,MF,MF,2667,INF109KB1EM8,Yes
2606,ICICI PRUDENTIAL FMP SERIES 77 - 1132 DAYS PLAN A CUMULATIVE,AMC 15,MF,MF,2656,INF109KB1DF4,Yes
2607,ICICI PRUDENTIAL FMP SERIES 77 - 1132 DAYS PLAN A DIVIDEND PAYOUT,AMC 15,MF,MF,2657,INF109KB1DG2,Yes
2608,ICICI PRUDENTIAL FMP SERIES 77 - 1134 DAYS PLAN U REGULAR PLAN CUMULATIVE,AMC 15,MF,MF,2719,INF109KB1MJ7,Yes
2609,ICICI PRUDENTIAL FMP SERIES 77 - 1134 DAYS PLAN U REGULAR PLAN DIVIDEND PAYOUT,AMC 15,MF,MF,2720,INF109KB1MK5,Yes
2610,ICICI PRUDENTIAL FMP SERIES 77 - 1139 DAYS PLAN G REGULAR PLAN CUMULATIVE,AMC 15,MF,MF,2675,INF109KB1GF7,Yes
2611,ICICI PRUDENTIAL FMP SERIES 77 - 1139 DAYS PLAN G REGULAR PLAN DIVIDEND PAYOUT,AMC 15,MF,MF,2676,INF109KB1GG5,Yes
2612,ICICI PRUDENTIAL FMP SERIES 77 - 1144 DAYS PLAN T CUMULATIVE,AMC 15,MF,MF,2716,INF109KB1MF5,Yes
2613,ICICI PRUDENTIAL FMP SERIES 77 - 1144 DAYS PLAN T DIVIDEND PAYOUT,AMC 15,MF,MF,2717,INF109KB1MG3,Yes
2614,ICICI PRUDENTIAL FMP SERIES 77 - 1151 DAYS PLAN S CUMULATIVE,AMC 15,MF,MF,2713,INF109KB1LZ5,Yes
2615,ICICI PRUDENTIAL FMP SERIES 77 - 1151 DAYS PLAN S DIVIDEND PAYOUT,AMC 15,MF,MF,2714,INF109KB1MA6,Yes
2616,ICICI PRUDENTIAL FMP SERIES 77 - 1162 DAYS PLAN R REGULAR PLAN CUMULATIVE,AMC 15,MF,MF,2711,INF109KB1LV4,Yes
2617,ICICI PRUDENTIAL FMP SERIES 77 - 1162 DAYS PLAN R REGULAR PLAN DIVIDEND PAYOUT,AMC 15,MF,MF,2712,INF109KB1LW2,Yes
2618,ICICI PRUDENTIAL FMP SERIES 77 - 1170 DAYS PLAN Q REGULAR PLAN CUMULATIVE,AMC 15,MF,MF,2704,INF109KB1KV6,Yes
2619,ICICI PRUDENTIAL FMP SERIES 77 - 1170 DAYS PLAN Q REGULAR PLAN DIVIDEND PAYOUT,AMC 15,MF,MF,2705,INF109KB1KW4,Yes
2620,ICICI PRUDENTIAL FMP SERIES 77 - 1415 DAYS PLAN Y REGULAR PLAN CUMULATIVE,AMC 15,MF,MF,2729,INF109KB1ND8,Yes
2621,ICICI PRUDENTIAL FMP SERIES 77 - 1415 DAYS PLAN Y REGULAR PLAN DIVIDEND PAYOUT,AMC 15,MF,MF,2730,INF109KB1NE6,Yes
2622,ICICI PRUDENTIAL FMP SERIES 77 - 1473 DAYS PLAN C CUMULATIVE,AMC 15,MF,MF,2662,INF109KB1DN8,Yes
2623,ICICI PRUDENTIAL FMP SERIES 77 - 1473 DAYS PLAN C DIVIDEND PAYOUT,AMC 15,MF,MF,2663,INF109KB1DO6,Yes
2624,ICICI PRUDENTIAL FMP SERIES 77 - 1480 DAYS PLAN B REGULAR PLAN CUMULATIVE,AMC 15,MF,MF,2658,INF109KB1DJ6,Yes
2625,ICICI PRUDENTIAL FMP SERIES 77 - 1480 DAYS PLAN B REGULAR PLAN DIVIDEND PAYOUT,AMC 15,MF,MF,2659,INF109KB1DK4,Yes
2626,ICICI PRUDENTIAL FMP SERIES 78 - 1102 DAYS PLAN Z CUMULATIVE,AMC 15,MF,MF,2810,INF109KB1UN2,Yes
2627,ICICI PRUDENTIAL FMP SERIES 78 - 1102 DAYS PLAN Z DIVIDEND PAYOUT,AMC 15,MF,MF,2811,INF109KB1UO0,Yes
2628,ICICI PRUDENTIAL FMP SERIES 78 - 1106 DAYS PLAN Y CUMULATIVE,AMC 15,MF,MF,2808,INF109KB1UJ0,Yes
2629,ICICI PRUDENTIAL FMP SERIES 78 - 1106 DAYS PLAN Y DIVIDEND PAYOUT,AMC 15,MF,MF,2809,INF109KB1UK8,Yes
2630,ICICI PRUDENTIAL FMP SERIES 78 - 1115 DAYS PLAN X CUMULATIVE,AMC 15,MF,MF,2806,INF109KB1TX3,Yes
2631,ICICI PRUDENTIAL FMP SERIES 78 - 1115 DAYS PLAN X DIVIDEND PAYOUT,AMC 15,MF,MF,2807,INF109KB1TY1,Yes
2632,ICICI PRUDENTIAL FMP SERIES 78 - 1127 DAYS PLAN R CUMULATIVE GROWTH,AMC 15,MF,MF,2790,INF109KB1SZ0,Yes
2633,ICICI PRUDENTIAL FMP SERIES 78 - 1127 DAYS PLAN R DIVIDEND PAYOUT,AMC 15,MF,MF,2791,INF109KB1TA1,Yes
2634,ICICI PRUDENTIAL FMP SERIES 78 - 1130 DAYS PLAN T CUMULATIVE,AMC 15,MF,MF,2796,INF109KB1TD5,Yes
2635,ICICI PRUDENTIAL FMP SERIES 78 - 1130 DAYS PLAN T DIVIDEND PAYOUT,AMC 15,MF,MF,2797,INF109KB1TE3,Yes
2636,ICICI PRUDENTIAL FMP SERIES 78 - 1135 DAYS PLAN W CUMULATIVE GROWTH,AMC 15,MF,MF,2800,INF109KB1TP9,Yes
2637,ICICI PRUDENTIAL FMP SERIES 78 - 1135 DAYS PLAN W DIVIDEND PAYOUT,AMC 15,MF,MF,2801,INF109KB1TQ7,Yes
2638,ICICI PRUDENTIAL FMP SERIES 78 - 1145 DAYS PLAN O CUMULATIVE GROWTH,AMC 15,MF,MF,2782,INF109KB1SF2,Yes
2639,ICICI PRUDENTIAL FMP SERIES 78 - 1145 DAYS PLAN O DIVIDEND PAYOUT,AMC 15,MF,MF,2783,INF109KB1SG0,Yes
2640,ICICI PRUDENTIAL FMP SERIES 78 - 1147 DAYS PLAN P CUMULATIVE,AMC 15,MF,MF,2784,INF109KB1SJ4,Yes
2641,ICICI PRUDENTIAL FMP SERIES 78 - 1147 DAYS PLAN P DIVIDEND PAYOUT,AMC 15,MF,MF,2785,INF109KB1SK2,Yes
2642,ICICI PRUDENTIAL FMP SERIES 78 - 1150 DAYS PLAN N CUMULATIVE,AMC 15,MF,MF,2780,INF109KB1SB1,Yes
2643,ICICI PRUDENTIAL FMP SERIES 78 - 1150 DAYS PLAN N DIVIDEND PAYOUT,AMC 15,MF,MF,2781,INF109KB1SC9,Yes
2644,ICICI PRUDENTIAL FMP SERIES 78 - 1156 DAYS PLAN U CUMULATIVE GROWTH,AMC 15,MF,MF,2798,INF109KB1TL8,Yes
2645,ICICI PRUDENTIAL FMP SERIES 78 - 1156 DAYS PLAN U DIVIDEND PAYOUT,AMC 15,MF,MF,2799,INF109KB1TM6,Yes
2646,ICICI PRUDENTIAL FMP SERIES 78 - 1168 DAYS PLAN J CUMULATIVE GROWTH,AMC 15,MF,MF,2774,INF109KB1RP3,Yes
2647,ICICI PRUDENTIAL FMP SERIES 78 - 1168 DAYS PLAN J DIVIDEND PAYOUT,AMC 15,MF,MF,2775,INF109KB1RQ1,Yes
2648,ICICI PRUDENTIAL FMP SERIES 78 - 1170 DAYS PLAN I CUMULATIVE GROWTH,AMC 15,MF,MF,2772,INF109KB1RD9,Yes
2649,ICICI PRUDENTIAL FMP SERIES 78 - 1170 DAYS PLAN I DIVIDEND PAYOUT,AMC 15,MF,MF,2773,INF109KB1RE7,Yes
2650,ICICI PRUDENTIAL FMP SERIES 78 - 1174 DAYS PLAN H - CUMULATIVE GROWTH,AMC 15,MF,MF,2768,INF109KB1QZ4,Yes
2651,ICICI PRUDENTIAL FMP SERIES 78 - 1174 DAYS PLAN H - DIVIDEND PAYOUT,AMC 15,MF,MF,2769,INF109KB1RA5,Yes
2652,ICICI PRUDENTIAL FMP SERIES 78 - 1185 DAYS PLAN F CUMULATIVE,AMC 15,MF,MF,2757,INF109KB1QB5,Yes
2653,ICICI PRUDENTIAL FMP SERIES 78 - 1185 DAYS PLAN F DIVIDEND PAYOUT,AMC 15,MF,MF,2758,INF109KB1QC3,Yes
2654,ICICI PRUDENTIAL FMP SERIES 78 - 1190 DAYS PLAN C CUMULATIVE,AMC 15,MF,MF,2747,INF109KB1PH4,Yes
2655,ICICI PRUDENTIAL FMP SERIES 78 - 1190 DAYS PLAN C DIVIDEND PAYOUT,AMC 15,MF,MF,2748,INF109KB1PI2,Yes
2656,ICICI PRUDENTIAL FMP SERIES 78 - 1190 DAYS PLAN E CUMULATIVE,AMC 15,MF,MF,2753,INF109KB1PT9,Yes
2657,ICICI PRUDENTIAL FMP SERIES 78 - 1190 DAYS PLAN E DIVIDEND PAYOUT,AMC 15,MF,MF,2754,INF109KB1PU7,Yes
2658,ICICI PRUDENTIAL FMP SERIES 78 - 1197 DAYS PLAN D REGULAR PLAN CUMULATIVE,AMC 15,MF,MF,2749,INF109KB1PL6,Yes
2659,ICICI PRUDENTIAL FMP SERIES 78 - 1197 DAYS PLAN D REGULAR PLAN DIVIDEND PAYOUT,AMC 15,MF,MF,2750,INF109KB1PM4,Yes
2660,ICICI PRUDENTIAL FMP SERIES 78 - 1198 DAYS PLAN B REGULAR PLAN CUMULATIVE,AMC 15,MF,MF,2743,INF109KB1OZ9,Yes
2661,ICICI PRUDENTIAL FMP SERIES 78 - 1198 DAYS PLAN B REGULAR PLAN DIVIDEND PAYOUT,AMC 15,MF,MF,2744,INF109KB1PA9,Yes
2662,ICICI PRUDENTIAL FMP SERIES 78 - 1212 DAYS PLAN A CUMULATIVE,AMC 15,MF,MF,2739,INF109KB1OR6,Yes
2663,ICICI PRUDENTIAL FMP SERIES 78 - 1212 DAYS PLAN A DIVIDEND PAYOUT,AMC 15,MF,MF,2740,INF109KB1OS4,Yes
2664,ICICI PRUDENTIAL FMP SERIES 78 - 1281 DAYS PLAN V CUMULATIVE,AMC 15,MF,MF,2802,INF109KB1TT1,Yes
2665,ICICI PRUDENTIAL FMP SERIES 78 - 1281 DAYS PLAN V DIVIDEND PAYOUT,AMC 15,MF,MF,2803,INF109KB1TU9,Yes
2666,ICICI PRUDENTIAL FMP SERIES 78 - 188 DAYS PLAN L CUMULATIVE GROWTH,AMC 15,MF,MF,2776,INF109KB1RT5,Yes
2667,ICICI PRUDENTIAL FMP SERIES 78 - 188 DAYS PLAN L DIVIDEND PAYOUT,AMC 15,MF,MF,2777,INF109KB1RU3,Yes
2668,ICICI PRUDENTIAL FMP SERIES 78 - 91 DAYS PLAN S CUMULATIVE GROWTH,AMC 15,MF,MF,2792,INF109KB1SV9,Yes
2669,ICICI PRUDENTIAL FMP SERIES 78 - 91 DAYS PLAN S DIVIDEND PAYOUT,AMC 15,MF,MF,2793,INF109KB1SW7,Yes
2670,ICICI PRUDENTIAL FMP SERIES 78 - 95 DAYS PLAN K CUMULATIVE GROWTH,AMC 15,MF,MF,2770,INF109KB1RH0,Yes
2671,ICICI PRUDENTIAL FMP SERIES 78 - 95 DAYS PLAN K DIVIDEND PAYOUT,AMC 15,MF,MF,2771,INF109KB1RI8,Yes
2672,ICICI PRUDENTIAL FMP SERIES 78 - 95 DAYS PLAN M CUMULATIVE,AMC 15,MF,MF,2778,INF109KB1RX7,Yes
2673,ICICI PRUDENTIAL FMP SERIES 78 - 95 DAYS PLAN M DIVIDEND PAYOUT,AMC 15,MF,MF,2779,INF109KB1RY5,Yes
2674,ICICI PRUDENTIAL FMP SERIES 78 - 97 DAYS PLAN Q CUMULATIVE,AMC 15,MF,MF,2788,INF109KB1SR7,Yes
2675,ICICI PRUDENTIAL FMP SERIES 78 - 97 DAYS PLAN Q DIVIDEND PAYOUT,AMC 15,MF,MF,2789,INF109KB1SS5,Yes
2676,ICICI PRUDENTIAL FMP SERIES 79 - 1105 DAYS PLAN B CUMULATIVE,AMC 15,MF,MF,2816,INF109KB1VL4,Yes
2677,ICICI PRUDENTIAL FMP SERIES 79 - 1105 DAYS PLAN B DIVIDEND PAYOUT,AMC 15,MF,MF,2817,INF109KB1VM2,Yes
2678,ICICI PRUDENTIAL FMP SERIES 79 - 1113 DAYS PLAN G CUMULATIVE,AMC 15,MF,MF,2832,INF109KB1XY3,Yes
2679,ICICI PRUDENTIAL FMP SERIES 79 - 1113 DAYS PLAN G DIVIDEND PAYOUT,AMC 15,MF,MF,2833,INF109KB1XZ0,Yes
2680,ICICI PRUDENTIAL FMP SERIES 79 - 1118 DAYS PLAN K CUMULATIVE,AMC 15,MF,MF,2842,INF109KB1YS3,Yes
2681,ICICI PRUDENTIAL FMP SERIES 79 - 1118 DAYS PLAN K DIVIDEND PAYOUT,AMC 15,MF,MF,2843,INF109KB1YT1,Yes
2682,ICICI PRUDENTIAL FMP SERIES 79 - 1118 DAYS PLAN L CUMULATIVE,AMC 15,MF,MF,2844,INF109KB1YW5,Yes
2683,ICICI PRUDENTIAL FMP SERIES 79 - 1118 DAYS PLAN L DIVIDEND PAYOUT,AMC 15,MF,MF,2845,INF109KB1YX3,Yes
2684,ICICI PRUDENTIAL FMP SERIES 79 - 1120 DAYS PLAN F CUMULATIVE,AMC 15,MF,MF,2830,INF109KB1XU1,Yes
2685,ICICI PRUDENTIAL FMP SERIES 79 - 1120 DAYS PLAN F DIVIDEND PAYOUT,AMC 15,MF,MF,2831,INF109KB1XV9,Yes
2686,ICICI PRUDENTIAL FMP SERIES 79 - 1120 DAYS PLAN I CUMULATIVE,AMC 15,MF,MF,2838,INF109KB1YK0,Yes
2687,ICICI PRUDENTIAL FMP SERIES 79 - 1120 DAYS PLAN I DIVIDEND PAYOUT,AMC 15,MF,MF,2839,INF109KB1YL8,Yes
2688,ICICI PRUDENTIAL FMP SERIES 79 - 1120 DAYS PLAN J CUMULATIVE,AMC 15,MF,MF,2840,INF109KB1YO2,Yes
2689,ICICI PRUDENTIAL FMP SERIES 79 - 1120 DAYS PLAN J DIVIDEND PAYOUT,AMC 15,MF,MF,2841,INF109KB1YP9,Yes
2690,ICICI PRUDENTIAL FMP SERIES 79 - 1125 DAYS PLAN H CUMULATIVE,AMC 15,MF,MF,2836,INF109KB1YG8,Yes
2691,ICICI PRUDENTIAL FMP SERIES 79 - 1125 DAYS PLAN H DIVIDEND PAYOUT,AMC 15,MF,MF,2837,INF109KB1YH6,Yes
2692,ICICI PRUDENTIAL FMP SERIES 79 - 1126 DAYS PLAN C CUMULATIVE,AMC 15,MF,MF,2822,INF109KB1WU3,Yes
2693,ICICI PRUDENTIAL FMP SERIES 79 - 1126 DAYS PLAN C DIVIDEND PAYOUT,AMC 15,MF,MF,2823,INF109KB1WV1,Yes
2694,ICICI PRUDENTIAL FMP SERIES 79 - 1130 DAYS PLAN E CUMULATIVE,AMC 15,MF,MF,2828,INF109KB1XH8,Yes
2695,ICICI PRUDENTIAL FMP SERIES 79 - 1130 DAYS PLAN E DIVIDEND PAYOUT,AMC 15,MF,MF,2829,INF109KB1XI6,Yes
2696,ICICI PRUDENTIAL FMP SERIES 79 - 1140 DAYS PLAN D CUMULATIVE,AMC 15,MF,MF,2824,INF109KB1XD7,Yes
2697,ICICI PRUDENTIAL FMP SERIES 79 - 1140 DAYS PLAN D DIVIDEND PAYOUT,AMC 15,MF,MF,2825,INF109KB1XE5,Yes
2698,ICICI PRUDENTIAL FMP SERIES 79 - 1218 DAYS PLAN A CUMULATIVE,AMC 15,MF,MF,2814,INF109KB1UZ6,Yes
2699,ICICI PRUDENTIAL FMP SERIES 79 - 1218 DAYS PLAN A DIVIDEND PAYOUT,AMC 15,MF,MF,2815,INF109KB1VA7,Yes
2700,ICICI PRUDENTIAL FMP SERIES 80 - 1127 DAYS PLAN C CUMULATIVE,AMC 15,MF,MF,2884,INF109KB1J65,Yes
2701,ICICI PRUDENTIAL FMP SERIES 80 - 1127 DAYS PLAN C DIVIDEND PAYOUT,AMC 15,MF,MF,2885,INF109KB1J73,Yes
2702,ICICI PRUDENTIAL FMP SERIES 80 - 1187 DAYS PLAN G CUMULATIVE,AMC 15,MF,MF,2900,INF109KB1O27,Yes
2703,ICICI PRUDENTIAL FMP SERIES 80 - 1187 DAYS PLAN G DIVIDEND PAYOUT,AMC 15,MF,MF,2901,INF109KB1O50,Yes
2704,ICICI PRUDENTIAL FMP SERIES 80 - 1227 DAYS PLAN Q CUMULATIVE,AMC 15,MF,MF,2928,INF109KB1W68,Yes
2705,ICICI PRUDENTIAL FMP SERIES 80 - 1227 DAYS PLAN Q DIVIDEND PAYOUT,AMC 15,MF,MF,2929,INF109KB1W76,Yes
2706,ICICI PRUDENTIAL FMP SERIES 80 - 1248 DAYS PLAN D CUMULATIVE,AMC 15,MF,MF,2886,INF109KB1K05,Yes
2707,ICICI PRUDENTIAL FMP SERIES 80 - 1248 DAYS PLAN D DIVIDEND PAYOUT,AMC 15,MF,MF,2887,INF109KB1K13,Yes
2708,ICICI Prudential Focused Equity Fund - Growth,AMC 15,MF,MF,1451,INF109K01BZ4,Yes
2709,ICICI Prudential Focused Equity Fund - IDCW Payout,AMC 15,MF,MF,1452P,INF109K01FM3,Yes
2710,ICICI PRUDENTIAL FOCUSED EQUITY FUND - IDCW PAYOUT,AMC 15,MF,MF,1452,INF109K01CA5,Yes
2711,ICICI PRUDENTIAL FOCUSED EQUITY FUND - INSTITUTIONAL OPTION - I,AMC 15,MF,MF,1453,INF109K01WM8,Yes
2712,ICICI PRUDENTIAL GILT FUND - BONUS,AMC 15,MF,MF,2454,INF109KA1H10,Yes
2713,ICICI Prudential Gilt Fund - Growth,AMC 15,MF,MF,53,INF109K01JR4,Yes
2714,ICICI Prudential Gilt Fund - IDCW Payout,AMC 15,MF,MF,54P,INF109K01JQ6,Yes
2715,ICICI PRUDENTIAL GILT FUND - IDCW PAYOUT,AMC 15,MF,MF,54,INF109K01JP8,Yes
2716,ICICI Prudential Gilt Fund Investment Plan PF Option - Growth,AMC 15,MF,MF,53PF,INF109K01JS2,No
2717,ICICI Prudential Gilt Fund Investment Plan PF Option - Half Yearly Dividend,AMC 15,MF,MF,1970,INF109K01I15,No
2718,ICICI Prudential Gilt Fund Treasury Plan PF Option - Growth,AMC 15,MF,MF,51PF,INF109K01KA8,No
2719,ICICI Prudential Gilt Fund Treasury Plan PF Option - Half Yearly Dividend,AMC 15,MF,MF,1972,INF109K01I56,No
2720,ICICI Prudential Gilt Fund Treasury Plan PF Option - Quarterly Dividend,AMC 15,MF,MF,1971,INF109K01I49,No
2721,ICICI Prudential Gilt Investment PF Option - Bonus,AMC 15,MF,MF,2452,INF109KA1C31,No
2722,ICICI Prudential Gilt Treasury PF Option - Bonus,AMC 15,MF,MF,2455,INF109KA1C56,No
2723,ICICI Prudential Global Advantage Fund (FOF) Growth,AMC 15,MF,MF,3396,INF109KC1F00,Yes
2724,ICICI Prudential Global Advantage Fund (FOF) IDCW Payout,AMC 15,MF,MF,3397P,INF109KC1F26,Yes
2725,ICICI PRUDENTIAL GLOBAL ADVANTAGE FUND (FOF) IDCW PAYOUT,AMC 15,MF,MF,3397,INF109KC1F18,Yes
2726,ICICI Prudential Global Stable Equity Fund (FOF) Growth,AMC 15,MF,MF,2144,INF109KA1CB6,Yes
2727,ICICI Prudential Global Stable Equity Fund (FOF) IDCW Payout,AMC 15,MF,MF,2145P,INF109KA1CD2,Yes
2728,ICICI PRUDENTIAL GLOBAL STABLE EQUITY FUND (FOF) IDCW PAYOUT,AMC 15,MF,MF,2145,INF109KA1CC4,Yes
2729,ICICI Prudential Gold ETF,AMC 15,MF,MF,1620A,INF109KC1NT3,No
2730,ICICI PRUDENTIAL GOLD EXCHANGE TRADED FUND-DIVIDEND PAYOUT,AMC 15,MF,MF,1620,INF109K01FV4,No
2731,ICICI Prudential Growth Fund Series 1 IDCW Payout,AMC 15,MF,MF,2401,INF109KB13R6,Yes
2732,ICICI Prudential Growth Fund Series 2 IDCW Payout,AMC 15,MF,MF,2428,INF109KA1YL9,Yes
2733,ICICI Prudential Growth Fund Series 3 IDCW Payout,AMC 15,MF,MF,2511,INF109KA1S09,Yes
2734,ICICI PRUDENTIAL GROWTH FUND SERIES 4 DIVIDEND PAYOUT,AMC 15,MF,MF,2530,INF109KA1Y68,Yes
2735,ICICI PRUDENTIAL GROWTH FUND SERIES 5 DIVIDEND PAYOUT,AMC 15,MF,MF,2571,INF109KA12K5,Yes
2736,ICICI PRUDENTIAL GROWTH FUND SERIES 6 DIVIDEND PAYOUT,AMC 15,MF,MF,2586,INF109KA14O3,Yes
2737,ICICI PRUDENTIAL GROWTH FUND SERIES 7 DIVIDEND PAYOUT,AMC 15,MF,MF,2591,INF109KA18P1,Yes
2738,ICICI PRUDENTIAL GROWTH FUND SERIES 8 DIVIDEND PAYOUT,AMC 15,MF,MF,2598,INF109KA19R5,Yes
2739,ICICI PRUDENTIAL HEALTHCARE ETF,AMC 15,MF,MF,5013,INF109KC1Q72,No
2740,ICICI Prudential Housing Opportunities Fund - Growth,AMC 15,MF,MF,3480,INF109KC17B9,Yes
2741,ICICI PRUDENTIAL HOUSING OPPORTUNITIES FUND - IDCW PAYOUT,AMC 15,MF,MF,3481P,INF109KC18B7,Yes
2742,ICICI PRUDENTIAL HOUSING OPPORTUNITIES FUND - IDCW PAYOUT,AMC 15,MF,MF,3481,INF109KC19B5,Yes
2743,ICICI Prudential Income Optimizer Fund (FOF) - Growth,AMC 15,MF,MF,ACP,INF109K01811,Yes
2744,ICICI Prudential Income Optimizer Fund (FOF) - IDCW Payout,AMC 15,MF,MF,ACPDP,INF109K01EB9,Yes
2745,ICICI PRUDENTIAL INCOME OPTIMIZER FUND (FOF) - IDCW PAYOUT,AMC 15,MF,MF,ACPD,INF109K01829,Yes
2746,ICICI PRUDENTIAL INDEX INSTITUTIONAL OPTION I GROWTH,AMC 15,MF,MF,1406,INF109K01RR7,Yes
2747,ICICI Prudential India Equity FOF Growth,AMC 15,MF,MF,3409,INF109KC1I15,Yes
2748,ICICI Prudential India Equity FOF IDCW Payout,AMC 15,MF,MF,3410P,INF109KC1I31,Yes
2749,ICICI PRUDENTIAL INDIA EQUITY FOF IDCW PAYOUT,AMC 15,MF,MF,3410,INF109KC1I23,Yes
2750,ICICI Prudential India Opportunities Fund Growth,AMC 15,MF,MF,3251,INF109KC1RE6,Yes
2751,ICICI Prudential India Opportunities Fund IDCW Payout,AMC 15,MF,MF,3252P,INF109KC1RG1,Yes
2752,ICICI PRUDENTIAL INDIA OPPORTUNITIES FUND IDCW PAYOUT,AMC 15,MF,MF,3252,INF109KC1RF3,Yes
2753,ICICI PRUDENTIAL INDIA RECOVERY FUND SERIES 1 DIVIDEND PAYOUT,AMC 15,MF,MF,2619,INF109KB1110,Yes
2754,ICICI PRUDENTIAL INDIA RECOVERY FUND SERIES 2 DIVIDEND PAYOUT,AMC 15,MF,MF,2626,INF109KB1292,Yes
2755,ICICI PRUDENTIAL INDIA RECOVERY FUND SERIES 3 DIVIDEND PAYOUT,AMC 15,MF,MF,2708,INF109KB1LP6,Yes
2756,ICICI PRUDENTIAL INDIA RECOVERY FUND SERIES 4 CUMULATIVE,AMC 15,MF,MF,2766,INF109KB1QX9,Yes
2757,ICICI PRUDENTIAL INDIA RECOVERY FUND SERIES 4 DIVIDEND PAYOUT,AMC 15,MF,MF,2767,INF109KB1QV3,Yes
2758,ICICI PRUDENTIAL INDIA RECOVERY FUND SERIES 5 CUMULATIVE,AMC 15,MF,MF,2812,INF109KB1UT9,Yes
2759,ICICI PRUDENTIAL INDIA RECOVERY FUND SERIES 5 DIVIDEND PAYOUT,AMC 15,MF,MF,2813,INF109KB1UR3,Yes
2760,ICICI PRUDENTIAL INDIA RECOVERY FUND SERIES 6 DIVIDEND PAYOUT,AMC 15,MF,MF,2820,INF109KB1WG2,Yes
2761,ICICI PRUDENTIAL INDIA RECOVERY FUND SERIES 7 DIVIDEND PAYOUT,AMC 15,MF,MF,2821,INF109KB1WI8,Yes
2762,ICICI Prudential Infrastructure Fund - Growth,AMC 15,MF,MF,IFG,INF109K01AV5,Yes
2763,ICICI Prudential Infrastructure Fund - IDCW Payout,AMC 15,MF,MF,IFDP,INF109K01FB6,Yes
2764,ICICI PRUDENTIAL INFRASTRUCTURE FUND - IDCW PAYOUT,AMC 15,MF,MF,IFD,INF109K01AT9,Yes
2765,ICICI PRUDENTIAL INNOVATION FUND REGULAR PLAN GROWTH,AMC 15,MF,MF,3539,INF109KC19S9,Yes
2766,ICICI PRUDENTIAL INNOVATION FUND REGULAR PLAN IDCW PAYOUT,AMC 15,MF,MF,3540P,INF109KC10T6,Yes
2767,ICICI PRUDENTIAL INNOVATION FUND REGULAR PLAN IDCW PAYOUT,AMC 15,MF,MF,3540,INF109KC11T4,Yes
2768,ICICI PRUDENTIAL INTERVAL FUND ANNUAL INTERVAL PLAN - I RETAIL CUMULATIVE,AMC 15,MF,MF,1019,INF109K01KL5,Yes
2769,ICICI PRUDENTIAL INTERVAL FUND ANNUAL INTERVAL PLAN - I RETAIL DIVIDEND PAYOUT,AMC 15,MF,MF,1020,INF123BSE025,Yes
2770,ICICI PRUDENTIAL INTERVAL FUND ANNUAL INTERVAL PLAN - II RETAIL DIVIDEND PAYOUT,AMC 15,MF,MF,1036,INF123BSE026,Yes
2771,ICICI PRUDENTIAL INTERVAL FUND ANNUAL INTERVAL PLAN - II RETAIL GROWTH,AMC 15,MF,MF,1035,INF109K01KP6,Yes
2772,ICICI PRUDENTIAL INTERVAL FUND ANNUAL INTERVAL PLAN - III RETAIL DIVIDEND PAYOUT,AMC 15,MF,MF,1042,INF123BSE027,Yes
2773,ICICI PRUDENTIAL INTERVAL FUND ANNUAL INTERVAL PLAN - III RETAIL GROWTH,AMC 15,MF,MF,1041,INF109K01KT8,Yes
2774,ICICI PRUDENTIAL INTERVAL FUND ANNUAL INTERVAL PLAN - IV RETAIL DIVIDEND PAYOUT,AMC 15,MF,MF,1046,INF123BSE028,Yes
2775,ICICI PRUDENTIAL INTERVAL FUND ANNUAL INTERVAL PLAN - IV RETAIL GROWTH,AMC 15,MF,MF,1045,INF109K01KH3,Yes
2776,ICICI PRUDENTIAL INTERVAL FUND HALF YEARLY INTERVAL PLAN- II RETAIL CUMULATIVE,AMC 15,MF,MF,1057,INF109K01LL3,Yes
2777,ICICI PRUDENTIAL INTERVAL FUND HALF YEARLY INTERVAL PLAN- II RETAIL DIVIDEND PAYOUT,AMC 15,MF,MF,1058,INF109K01LM1,Yes
2778,ICICI PRUDENTIAL INTERVAL FUND II QUARTERLY INTERVAL PLAN - PLAN D - RETAIL DIVIDEND PAYOUT,AMC 15,MF,MF,1100,INF123BSE029,Yes
2779,ICICI PRUDENTIAL INTERVAL FUND II QUARTERLY INTERVAL PLAN - PLAN D - RETAIL GROWTH,AMC 15,MF,MF,1099,INF109K01NP0,Yes
2780,ICICI PRUDENTIAL INTERVAL FUND II QUATERLY INTERVAL PLAN A-RETAIL GROWTH,AMC 15,MF,MF,1063,INF109K01MN7,Yes
2781,ICICI PRUDENTIAL INTERVAL FUND III - MONTHLY INTERVAL PLAN - RETAIL CUMULATIVE,AMC 15,MF,MF,1254,INF123BSE001,Yes
2782,ICICI PRUDENTIAL INTERVAL FUND III - MONTHLY INTERVAL PLAN - RETAIL DIVIDEND PAYOUT,AMC 15,MF,MF,1255,INF123BSE002,Yes
2783,ICICI PRUDENTIAL INTERVAL FUND IV - QUARTERLY INTERVAL PLAN B - DIVIDEND PAYOUT,AMC 15,MF,MF,1349,INF123BSE033,Yes
2784,ICICI PRUDENTIAL INTERVAL FUND IV - QUARTERLY INTERVAL PLAN B - GROWTH,AMC 15,MF,MF,1348,INF109K01OF9,Yes
2785,ICICI PRUDENTIAL INTERVAL FUND QUARTERLY INTERVAL PLAN - 1 RETAIL DIVIDEND PAYOUT,AMC 15,MF,MF,IPQRD,INF123BSE043,Yes
2786,ICICI PRUDENTIAL INTERVAL FUND QUARTERLY INTERVAL PLAN - 1 RETAIL GROWTH,AMC 15,MF,MF,IPQRG,INF109K01LT6,Yes
2787,ICICI PRUDENTIAL INTERVAL FUND QUARTERLY INTERVAL PLAN - II RETAIL DIVIDEND PAYOUT,AMC 15,MF,MF,1004,INF123BSE024,Yes
2788,ICICI PRUDENTIAL INTERVAL FUND QUARTERLY INTERVAL PLAN - II RETAIL GROWTH,AMC 15,MF,MF,1003,INF109K01MB2,Yes
2789,ICICI PRUDENTIAL INTERVAL FUND QUARTERLY INTERVAL PLAN - III RETAIL GROWTH,AMC 15,MF,MF,1009,INF109K01MJ5,Yes
2790,ICICI PRUDENTIAL INTERVAL FUND SERIES IX 181 DAYS PLAN D CUMULATIVE,AMC 15,MF,MF,3313,INF109KC1VA6,Yes
2791,ICICI PRUDENTIAL INTERVAL FUND SERIES IX 181 DAYS PLAN D DIVIDEND PAYOUT,AMC 15,MF,MF,3314,INF109KC1VB4,Yes
2792,ICICI PRUDENTIAL INTERVAL FUND SERIES IX 185 DAYS PLAN F CUMULATIVE,AMC 15,MF,MF,3329,INF109KC1XE4,Yes
2793,ICICI PRUDENTIAL INTERVAL FUND SERIES IX 185 DAYS PLAN F DIVIDEND PAYOUT,AMC 15,MF,MF,3330,INF109KC1XF1,Yes
2794,ICICI PRUDENTIAL INTERVAL FUND SERIES IX 203 DAYS PLAN B CUMULATIVE,AMC 15,MF,MF,3303,INF109KC1UG5,Yes
2795,ICICI PRUDENTIAL INTERVAL FUND SERIES IX 203 DAYS PLAN B DIVIDEND PAYOUT,AMC 15,MF,MF,3304,INF109KC1UH3,Yes
2796,ICICI PRUDENTIAL INTERVAL FUND SERIES IX 370 DAYS PLAN A CUMULATIVE,AMC 15,MF,MF,3295,INF109KC1TG7,Yes
2797,ICICI PRUDENTIAL INTERVAL FUND SERIES IX 370 DAYS PLAN A DIVIDEND PAYOUT,AMC 15,MF,MF,3296,INF109KC1TH5,Yes
2798,ICICI PRUDENTIAL INTERVAL FUND SERIES IX 92 DAYS PLAN C CUMULATIVE,AMC 15,MF,MF,3308,INF109KC1UW2,Yes
2799,ICICI PRUDENTIAL INTERVAL FUND SERIES IX 92 DAYS PLAN C DIVIDEND PAYOUT,AMC 15,MF,MF,3309,INF109KC1UX0,Yes
2800,ICICI PRUDENTIAL INTERVAL FUND SERIES IX 93 DAYS PLAN E CUMULATIVE,AMC 15,MF,MF,3324,INF109KC1VW0,Yes
2801,ICICI PRUDENTIAL INTERVAL FUND SERIES IX 93 DAYS PLAN E DIVIDEND PAYOUT,AMC 15,MF,MF,3325,INF109KC1VX8,Yes
2802,ICICI PRUDENTIAL INTERVAL FUND SERIES VI ANNUAL INTERVAL PLAN A - CUMULATIVE,AMC 15,MF,MF,2006,INF109K015G2,Yes
2803,ICICI PRUDENTIAL INTERVAL FUND SERIES VI ANNUAL INTERVAL PLAN A - DIVIDEND PAYOUT,AMC 15,MF,MF,2007,INF109K016G0,Yes
2804,ICICI PRUDENTIAL INTERVAL FUND SERIES VII ANNUAL INTERVAL PLAN A - REGULAR PLAN - CUMULATIVE,AMC 15,MF,MF,2244,INF109KA1JV9,Yes
2805,ICICI PRUDENTIAL INTERVAL FUND SERIES VII ANNUAL INTERVAL PLAN A - REGULAR PLAN - DIVIDEND PAYOUT,AMC 15,MF,MF,2245,INF109KA1JW7,Yes
2806,ICICI PRUDENTIAL INTERVAL FUND SERIES VII ANNUAL INTERVAL PLAN B - REGULAR PLAN - CUMULATIVE,AMC 15,MF,MF,2278,INF109KA1MR1,Yes
2807,ICICI PRUDENTIAL INTERVAL FUND SERIES VII ANNUAL INTERVAL PLAN B - REGULAR PLAN - DIVIDEND PAYOUT,AMC 15,MF,MF,2279,INF109KA1MS9,Yes
2808,ICICI PRUDENTIAL INTERVAL FUND SERIES VII ANNUAL INTERVAL PLAN C - CUMULATIVE,AMC 15,MF,MF,2294,INF109KA1NV1,Yes
2809,ICICI PRUDENTIAL INTERVAL FUND SERIES VII ANNUAL INTERVAL PLAN C - DIVIDEND PAYOUT,AMC 15,MF,MF,2295,INF109KA1NW9,Yes
2810,ICICI PRUDENTIAL INTERVAL FUND SERIES VII ANNUAL INTERVAL PLAN D - REGULAR PLAN - CUMULATIVE,AMC 15,MF,MF,2311,INF109KA1PD4,Yes
2811,ICICI PRUDENTIAL INTERVAL FUND SERIES VII ANNUAL INTERVAL PLAN D - REGULAR PLAN - DIVIDEND PAYOUT,AMC 15,MF,MF,2312,INF109KA1PE2,Yes
2812,ICICI PRUDENTIAL INTERVAL FUND SERIES VII ANNUAL INTERVAL PLAN E - REGULAR PLAN - CUMULATIVE,AMC 15,MF,MF,2323,INF109KA1PT0,Yes
2813,ICICI PRUDENTIAL INTERVAL FUND SERIES VII ANNUAL INTERVAL PLAN E - REGULAR PLAN - DIVIDEND PAYOUT,AMC 15,MF,MF,2324,INF109KA1PU8,Yes
2814,ICICI PRUDENTIAL INTERVAL FUND SERIES VIII ANNUAL INTERVAL PLAN A - REGULAR PLAN - CUMULATIVE,AMC 15,MF,MF,2541,INF109KA1L22,Yes
2815,ICICI PRUDENTIAL INTERVAL FUND SERIES VIII ANNUAL INTERVAL PLAN A - REGULAR PLAN - DIVIDEND PAYOUT,AMC 15,MF,MF,2542,INF109KA1L30,Yes
2816,ICICI PRUDENTIAL INTERVAL FUND V - MONTHLY INTERVAL PLAN - A RETAIL DIVIDEND PAYOUT,AMC 15,MF,MF,1325,INF123BSE032,Yes
2817,ICICI PRUDENTIAL INTERVAL FUND V - MONTHLY INTERVAL PLAN - A RETAIL GROWTH,AMC 15,MF,MF,1324,INF109K01OS2,Yes
2818,ICICI PRUDENTIAL LARGE AND MID CAP FUND - GROWTH,AMC 15,MF,MF,11,INF109K01431,Yes
2819,ICICI PRUDENTIAL LARGE AND MID CAP FUND - IDCW PAYOUT,AMC 15,MF,MF,12,INF109K01449,Yes
2820,ICICI PRUDENTIAL LARGE AND MID CAP FUND - IDCW PAYOUT,AMC 15,MF,MF,12P,INF109K01EQ7,Yes
2821,ICICI Prudential Liquid - Half Yearly Dividend,AMC 15,MF,MF,1551,INF109K01UW1,Yes
2822,ICICI Prudential Liquid - Half Yearly Dividend,AMC 15,MF,MF,1551P,INF109K01UX9,No
2823,ICICI Prudential Liquid -Annual Dividend,AMC 15,MF,MF,1552P,INF109K01VD9,No
2824,ICICI Prudential Liquid -Annual Dividend,AMC 15,MF,MF,1552,INF109K01VC1,Yes
2825,ICICI Prudential Liquid -Quarterly Dividend,AMC 15,MF,MF,1563,INF109K01UT7,Yes
2826,ICICI Prudential Liquid -Quarterly Dividend,AMC 15,MF,MF,1563P,INF109K01UU5,No
2827,ICICI PRUDENTIAL LIQUID FUND - BONUS,AMC 15,MF,MF,2477,INF109KA1G94,Yes
2828,ICICI PRUDENTIAL LIQUID FUND - DAILY IDCW REINVESTMENT,AMC 15,MF,MF,1564,INF109K01VP3,Yes
2829,ICICI Prudential Liquid Fund - Growth,AMC 15,MF,MF,1565,INF109K01VQ1,Yes
2830,ICICI Prudential Liquid Fund - IDCW Payout,AMC 15,MF,MF,1780P,INF109K01VU3,Yes
2831,ICICI PRUDENTIAL LIQUID FUND - IDCW PAYOUT,AMC 15,MF,MF,1780,INF109K01VT5,Yes
2832,ICICI Prudential Liquid Fund - Institutional - Daily - IDCW,AMC 15,MF,MF,1553,INF109K01VE7,Yes
2833,ICICI PRUDENTIAL LIQUID FUND - INSTITUTIONAL - MONTHLY - DIV PAYOUT,AMC 15,MF,MF,1555,INF109K01VG2,Yes
2834,ICICI Prudential Liquid Fund - Institutional Option - I,AMC 15,MF,MF,1556,INF109K01VH0,Yes
2835,ICICI Prudential Liquid Fund - Institutional Plan - Growth,AMC 15,MF,MF,1554,INF109K01VF4,Yes
2836,ICICI PRUDENTIAL LIQUID FUND - INSTITUTIONAL PLAN - HALF YEARLY DIVIDEND OPTION REINVESTMENT,AMC 15,MF,MF,1546,INF109K01UY7,Yes
2837,ICICI PRUDENTIAL LIQUID FUND - INSTITUTIONAL PLAN - HALF YEARLY DIVIDEND PAYOUT OPTION,AMC 15,MF,MF,1546P,INF109K01UZ4,Yes
2838,ICICI PRUDENTIAL LIQUID FUND - INSTITUTIONAL PLAN -QUARTERLY - DIVIDEND PAYOUT,AMC 15,MF,MF,1547,INF109K01VA5,Yes
2839,ICICI PRUDENTIAL LIQUID FUND - INSTITUTIONAL PLAN QUARTERLY - DIVIDEND PAYOUT,AMC 15,MF,MF,1547P,INF109K01VB3,No
2840,ICICI PRUDENTIAL LIQUID FUND - INSTITUTIONAL PLUS HALF YEARLY DIVIDEND REINVESTMENT,AMC 15,MF,MF,1828,INF109K01VO6,Yes
2841,ICICI PRUDENTIAL LIQUID FUND - INSTITUTIONAL PLUS PLAN - DIV - MONTHLY PAYOUT,AMC 15,MF,MF,1559,INF109K01VL2,Yes
2842,ICICI PRUDENTIAL LIQUID FUND - INSTITUTIONAL PLUS PLAN - DIV - WEEKLY REINVESTMENT,AMC 15,MF,MF,1560,INF109K01VM0,Yes
2843,ICICI PRUDENTIAL LIQUID FUND - INSTITUTIONAL PLUS PLAN - GROWTH,AMC 15,MF,MF,1558,INF109K01VK4,Yes
2844,ICICI Prudential Liquid Fund - Institutional Plus Plan - IDCW - Daily,AMC 15,MF,MF,1557,INF109K01VJ6,Yes
2845,ICICI PRUDENTIAL LIQUID FUND - INSTITUTIONAL PLUS QUARTERLY DIVIDEND REINVESTMENT,AMC 15,MF,MF,1829,INF109K01VN8,Yes
2846,ICICI Prudential Liquid Fund - Monthly Dividend Payout,AMC 15,MF,MF,1566P,INF109KB10M3,Yes
2847,ICICI Prudential Liquid Fund - Retail Daily IDCW,AMC 15,MF,MF,1549,INF109K01UR1,Yes
2848,ICICI Prudential Liquid Fund - Retail Growth,AMC 15,MF,MF,1550,INF109K01UQ3,Yes
2849,ICICI Prudential Liquid Fund - Retail Weekly IDCW,AMC 15,MF,MF,1568,INF109K01UV3,Yes
2850,ICICI Prudential Liquid Fund - Weekly IDCW Payout,AMC 15,MF,MF,1567P,INF109KB18L8,Yes
2851,ICICI PRUDENTIAL LIQUID FUND - WEEKLY IDCW PAYOUT,AMC 15,MF,MF,1567,INF109K01VS7,Yes
2852,ICICI Prudential Liquid Plan - Unclaimed Dividend,AMC 15,MF,MF,UDTS,INF109KB1WR9,No
2853,ICICI Prudential Liquid Plan - Unclaimed Redemption,AMC 15,MF,MF,URTS,INF109KB1WQ1,Yes
2854,ICICI Prudential Liquid Plan -Monthly Dividend,AMC 15,MF,MF,1566,INF109K01VR9,Yes
2855,ICICI Prudential Liquid Plan Retail Monthly Dividend,AMC 15,MF,MF,1562,INF109K01US9,Yes
2856,ICICI Prudential Long Term Bond Fund - Bonus,AMC 15,MF,MF,22B,INF109KA1335,Yes
2857,ICICI Prudential Long Term Bond Fund - Growth,AMC 15,MF,MF,22,INF109K01365,Yes
2858,ICICI Prudential Long Term Bond Fund - Institutional Growth,AMC 15,MF,MF,22IN,INF109K01407,Yes
2859,ICICI PRUDENTIAL LONG TERM BOND FUND - INSTITUTIONAL HALF YEARLY IDCW PAYOUT,AMC 15,MF,MF,21INP,INF109K01EW5,Yes
2860,ICICI PRUDENTIAL LONG TERM BOND FUND - INSTITUTIONAL QUARTERLY IDCW REINVESTMENT,AMC 15,MF,MF,21INQ,INF123BSE040,Yes
2861,ICICI Prudential Long Term Bond Fund - Quarterly IDCW Payout,AMC 15,MF,MF,21QP,INF109K01EZ8,Yes
2862,ICICI PRUDENTIAL LONG TERM BOND FUND - QUARTERLY IDCW PAYOUT,AMC 15,MF,MF,21Q,INF109K01399,Yes
2863,ICICI Prudential Long Term Equity Fund (Tax Saving) - Growth,AMC 15,MF,MF,01,INF109K01464,Yes
2864,ICICI PRUDENTIAL LONG TERM EQUITY FUND (TAX SAVING) - IDCW PAYOUT,AMC 15,MF,MF,2,INF109K01FN1,Yes
2865,ICICI PRUDENTIAL LONG TERM EQUITY FUND (TAX SAVING) - IDCW PAYOUT,AMC 15,MF,MF,02,INF109K01472,Yes
2866,ICICI Prudential Long Term Wealth Enhancement Fund Growth,AMC 15,MF,MF,3023,INF109KC1077,Yes
2867,ICICI PRUDENTIAL LONG TERM WEALTH ENHANCEMENT FUND IDCW PAYOUT,AMC 15,MF,MF,3024,INF109KC1085,Yes
2868,ICICI PRUDENTIAL MANUFACTURING FUND REGULAR PLAN GROWTH,AMC 15,MF,MF,3190,INF109KC1LG4,Yes
2869,ICICI PRUDENTIAL MANUFACTURING FUND REGULAR PLAN IDCW PAYOUT,AMC 15,MF,MF,3191,INF109KC1LH2,Yes
2870,ICICI PRUDENTIAL MANUFACTURING FUND REGULAR PLAN IDCW PAYOUT,AMC 15,MF,MF,3191P,INF109KC1LI0,Yes
2871,ICICI Prudential Medium Term Bond Fund - Bonus,AMC 15,MF,MF,2478,INF109KA1B99,Yes
2872,ICICI Prudential Medium Term Bond Fund - Growth,AMC 15,MF,MF,LFRAG,INF109K01AH4,Yes
2873,ICICI Prudential Medium Term Bond Fund - Quarterly IDCW Payout,AMC 15,MF,MF,1729,INF109K01UF6,Yes
2874,ICICI PRUDENTIAL MEDIUM TERM BOND FUND - QUARTERLY IDCW PAYOUT,AMC 15,MF,MF,LFRAQ,INF109K01IO3,Yes
2875,ICICI Prudential Medium Term Bond Fund B - Growth,AMC 15,MF,MF,LFRBG,INF109K01AJ0,Yes
2876,ICICI PRUDENTIAL MEDIUM TERM BOND FUND B - HALF YEARLY IDCW REINVESTMENT,AMC 15,MF,MF,LFRBH,INF109K01B87,Yes
2877,ICICI PRUDENTIAL MEDIUM TERM BOND FUND B - QUARTERLY IDCW PAYOUT,AMC 15,MF,MF,LFRBQ,INF109K01IQ8,Yes
2878,ICICI PRUDENTIAL MEDIUM TERM BOND FUND B - QUARTERLY IDCW PAYOUT,AMC 15,MF,MF,1731,INF109K01UI0,Yes
2879,ICICI PRUDENTIAL MEDIUM TERM BOND FUND C - GROWTH,AMC 15,MF,MF,LFRCG,INF109K01AK8,Yes
2880,ICICI PRUDENTIAL MEDIUM TERM BOND FUND C - QUARTERLY IDCW PAYOUT,AMC 15,MF,MF,LFRCQ,INF109K01UN0,Yes
2881,ICICI PRUDENTIAL MEDIUM TERM BOND FUND C - QUARTERLY IDCW PAYOUT,AMC 15,MF,MF,1824,INF109K01UO8,Yes
2882,ICICI PRUDENTIAL MEDIUM TERM BOND FUND INSTITUTIONAL OPTION - I,AMC 15,MF,MF,LFRFI,INF109K01UP5,Yes
2883,ICICI PRUDENTIAL MIDCAP 150 ETF,AMC 15,MF,MF,5010,INF109KC1G82,No
2884,ICICI Prudential MidCap Fund - Growth,AMC 15,MF,MF,ESG,INF109K01AN2,Yes
2885,ICICI Prudential MidCap Fund - IDCW Payout,AMC 15,MF,MF,ESDP,INF109K01EH6,Yes
2886,ICICI PRUDENTIAL MIDCAP FUND - IDCW PAYOUT,AMC 15,MF,MF,ESD,INF109K01AL6,Yes
2887,ICICI PRUDENTIAL MIP - BONUS,AMC 15,MF,MF,2480,INF109KA1H51,Yes
2888,ICICI Prudential MIP - Dividend Half Yearly,AMC 15,MF,MF,83,INF109K01FG5,Yes
2889,ICICI Prudential MIP - Dividend Monthly,AMC 15,MF,MF,81,INF109K01FH3,No
2890,ICICI Prudential MIP - Dividend Quarterly,AMC 15,MF,MF,82,INF109K01FI1,No
2891,ICICI Prudential MIP - Growth,AMC 15,MF,MF,84,INF109K01555,No
2892,ICICI PRUDENTIAL MIP - GROWTH AEP HALF YEARLY,AMC 15,MF,MF,87,INF109K01589,Yes
2893,ICICI PRUDENTIAL MIP - GROWTH AEP MONTHLY,AMC 15,MF,MF,85,INF109K01563,Yes
2894,ICICI PRUDENTIAL MIP - GROWTH AEP QUARTERLY,AMC 15,MF,MF,86,INF109K01571,Yes
2895,ICICI Prudential MNC Fund Growth,AMC 15,MF,MF,3392,INF109KC1D69,Yes
2896,ICICI Prudential MNC Fund IDCW Payout,AMC 15,MF,MF,3133P,INF109KC1D85,Yes
2897,ICICI PRUDENTIAL MNC FUND IDCW PAYOUT,AMC 15,MF,MF,3133,INF109KC1D77,Yes
2898,ICICI PRUDENTIAL MONEY MARKET FUND - BONUS,AMC 15,MF,MF,2483,INF109KA1H93,Yes
2899,ICICI PRUDENTIAL MONEY MARKET FUND - DAILY IDCW REINVESTMENT,AMC 15,MF,MF,1569,INF109K01TY9,Yes
2900,ICICI PRUDENTIAL MONEY MARKET FUND - FORTNIGHTLY IDCW PAYOUT,AMC 15,MF,MF,1570P,INF109KB16M0,No
2901,ICICI Prudential Money Market Fund - Growth,AMC 15,MF,MF,1571,INF109K01TX1,Yes
2902,ICICI PRUDENTIAL MONEY MARKET FUND - IDCW PAYOUT OTHERS,AMC 15,MF,MF,1973,INF109K01I64,Yes
2903,ICICI PRUDENTIAL MONEY MARKET FUND - IDCW PAYOUT OTHERS,AMC 15,MF,MF,1973P,INF109K01I72,Yes
2904,ICICI Prudential Money Market Fund - Weekly IDCW Payout,AMC 15,MF,MF,1573P,INF109KB14M5,Yes
2905,ICICI PRUDENTIAL MONEY MARKET FUND - WEEKLY IDCW REINVESTMENT,AMC 15,MF,MF,1573,INF109K01TZ6,Yes
2906,ICICI PRUDENTIAL MONEY MARKET FUND GROWTH,AMC 15,MF,MF,1575,INF109K01TW3,Yes
2907,ICICI Prudential Money Market Fund Option - Monthly Dividend,AMC 15,MF,MF,1572,INF109K01UB5,Yes
2908,ICICI Prudential Money Market Fund Option - Monthly Dividend,AMC 15,MF,MF,1572P,INF109K01UC3,No
2909,ICICI Prudential Money Market Fund Option -Fortnightly Dividend,AMC 15,MF,MF,1570,INF109K01UA7,Yes
2910,ICICI Prudential Multi-Asset Fund - Growth,AMC 15,MF,MF,15,INF109K01761,Yes
2911,ICICI Prudential Multi-Asset Fund - IDCW Payout,AMC 15,MF,MF,16P,INF109K01ED5,Yes
2912,ICICI PRUDENTIAL MULTI-ASSET FUND - IDCW PAYOUT,AMC 15,MF,MF,16,INF109K01779,Yes
2913,ICICI Prudential Multi-Asset Fund - Institutional Growth,AMC 15,MF,MF,15I,INF109K01TN2,Yes
2914,ICICI PRUDENTIAL MULTI-ASSET FUND - INSTITUTIONAL IDCW REINVESTMENT,AMC 15,MF,MF,16I,INF109K01TO0,Yes
2915,ICICI Prudential Multicap Fund - Growth,AMC 15,MF,MF,121,INF109K01613,Yes
2916,ICICI Prudential Multicap Fund - IDCW Payout,AMC 15,MF,MF,122P,INF109K01FK7,Yes
2917,ICICI PRUDENTIAL MULTICAP FUND - IDCW PAYOUT,AMC 15,MF,MF,122,INF109K01621,Yes
2918,ICICI PRUDENTIAL MULTIPLE YIELD FUND - SERIES 11 - 1387 DAYS PALN C - CUMULATIVE,AMC 15,MF,MF,2874,INF109KB1G50,Yes
2919,ICICI PRUDENTIAL MULTIPLE YIELD FUND - SERIES 11 - 1387 DAYS PALN C- DIVIDEND PAYOUT,AMC 15,MF,MF,2875,INF109KB1G43,Yes
2920,ICICI PRUDENTIAL MULTIPLE YIELD FUND - SERIES 11 - PLAN A 1427 DAYS - CUMULATIVE,AMC 15,MF,MF,2834,INF109KB1YE3,Yes
2921,ICICI PRUDENTIAL MULTIPLE YIELD FUND - SERIES 11 - PLAN A 1427 DAYS - DIVIDEND PAYOUT,AMC 15,MF,MF,2835,INF109KB1YF0,Yes
2922,ICICI PRUDENTIAL MULTIPLE YIELD FUND - SERIES 11 - PLAN B 1394 DAYS - CUMULATIVE,AMC 15,MF,MF,2852,INF109KB1ZW2,Yes
2923,ICICI PRUDENTIAL MULTIPLE YIELD FUND - SERIES 11 - PLAN B 1394 DAYS - DIVIDEND PAYOUT,AMC 15,MF,MF,2853,INF109KB1ZX0,Yes
2924,ICICI Prudential Multiple Yield Fund - Series 11 - Plan D 1361 Days - Cumulative,AMC 15,MF,MF,2882,INF109KB1J24,Yes
2925,ICICI Prudential Multiple Yield Fund - Series 11 - Plan D 1361 Days - Dividend,AMC 15,MF,MF,2883,INF109KB1J32,Yes
2926,ICICI PRUDENTIAL MULTIPLE YIELD FUND SERIES 10 - 1103 DAYS PLAN D CUMULATIVE,AMC 15,MF,MF,2762,INF109KB1QR1,Yes
2927,ICICI PRUDENTIAL MULTIPLE YIELD FUND SERIES 10 - 1103 DAYS PLAN D DIVIDEND PAYOUT,AMC 15,MF,MF,2763,INF109KB1QS9,Yes
2928,ICICI PRUDENTIAL MULTIPLE YIELD FUND SERIES 10 - 1185 DAYS PLAN C CUMULATIVE,AMC 15,MF,MF,2760,INF109KB1QF6,Yes
2929,ICICI PRUDENTIAL MULTIPLE YIELD FUND SERIES 10 - 1185 DAYS PLAN C DIVIDEND PAYOUT,AMC 15,MF,MF,2761,INF109KB1QG4,Yes
2930,ICICI PRUDENTIAL MULTIPLE YIELD FUND SERIES 10 - 1775 DAYS PLAN A CUMULATIVE,AMC 15,MF,MF,2737,INF109KB1ON5,Yes
2931,ICICI PRUDENTIAL MULTIPLE YIELD FUND SERIES 10 - 1775 DAYS PLAN A DIVIDEND PAYOUT,AMC 15,MF,MF,2738,INF109KB1OO3,Yes
2932,ICICI Prudential Multiple Yield Fund Series 10 - 1825 Days Plan B Cumulative,AMC 15,MF,MF,2745,INF109KB1PD3,Yes
2933,ICICI Prudential Multiple Yield Fund Series 10 - 1825 Days Plan B IDCW,AMC 15,MF,MF,2746,INF109KB1PG6,Yes
2934,ICICI PRUDENTIAL MULTIPLE YIELD FUND SERIES 10 - 1825 DAYS PLAN E CUMULATIVE,AMC 15,MF,MF,2804,INF109KB1UB7,Yes
2935,ICICI PRUDENTIAL MULTIPLE YIELD FUND SERIES 10 - 1825 DAYS PLAN E DIVIDEND PAYOUT,AMC 15,MF,MF,2805,INF109KB1UC5,Yes
2936,ICICI PRUDENTIAL MULTIPLE YIELD FUND SERIES 13 PLAN A 1277 DAYS-CUMULATIVE,AMC 15,MF,MF,2983,INF109KB14R4,Yes
2937,ICICI PRUDENTIAL MULTIPLE YIELD FUND SERIES 13 PLAN A 1277 DAYS-DIVIDEND PAYOUT,AMC 15,MF,MF,2984,INF109KB15R1,Yes
2938,ICICI Prudential Multiple Yield Fund Series 14 Plan A 1228 Days-Cumulative,AMC 15,MF,MF,3045,INF109KC1630,Yes
2939,ICICI Prudential Multiple Yield Fund Series 14 Plan A 1228 Days-IDCW,AMC 15,MF,MF,3046,INF109KC1648,Yes
2940,ICICI PRUDENTIAL MULTIPLE YIELD FUND SERIES 4 - 1100 DAYS PLAN C CUMULATIVE,AMC 15,MF,MF,2089,INF109KA1442,Yes
2941,ICICI PRUDENTIAL MULTIPLE YIELD FUND SERIES 4 - 1100 DAYS PLAN C DIVIDEND PAYOUT,AMC 15,MF,MF,2090,INF109KA1459,Yes
2942,ICICI PRUDENTIAL MULTIPLE YIELD FUND SERIES 4 - 1825 DAYS PLAN B CUMULATIVE,AMC 15,MF,MF,2091,INF109KA1483,Yes
2943,ICICI PRUDENTIAL MULTIPLE YIELD FUND SERIES 4 - 1825 DAYS PLAN B DIVIDEND PAYOUT,AMC 15,MF,MF,2092,INF109KA1491,Yes
2944,ICICI PRUDENTIAL MULTIPLE YIELD FUND SERIES 4 - 1825 DAYS PLAN D CUMULATIVE,AMC 15,MF,MF,2095,INF109KA1566,Yes
2945,ICICI PRUDENTIAL MULTIPLE YIELD FUND SERIES 4 - 1825 DAYS PLAN D DIVIDEND PAYOUT,AMC 15,MF,MF,2096,INF109KA1574,Yes
2946,ICICI PRUDENTIAL MULTIPLE YIELD FUND SERIES 5 - 1100 DAYS PLAN A CUMULATIVE,AMC 15,MF,MF,2156,INF109KA1DH1,Yes
2947,ICICI PRUDENTIAL MULTIPLE YIELD FUND SERIES 5 - 1100 DAYS PLAN A DIVIDEND PAYOUT,AMC 15,MF,MF,2157,INF109KA1DI9,Yes
2948,ICICI PRUDENTIAL MULTIPLE YIELD FUND SERIES 5 - 1100 DAYS PLAN B CUMULATIVE,AMC 15,MF,MF,2203,INF109KA1HD1,Yes
2949,ICICI PRUDENTIAL MULTIPLE YIELD FUND SERIES 5 - 1100 DAYS PLAN B DIVIDEND PAYOUT,AMC 15,MF,MF,2204,INF109KA1HE9,Yes
2950,ICICI PRUDENTIAL MULTIPLE YIELD FUND SERIES 5 - 1100 DAYS PLAN D CUMULATIVE,AMC 15,MF,MF,2234,INF109KA1JN6,Yes
2951,ICICI PRUDENTIAL MULTIPLE YIELD FUND SERIES 5 - 1100 DAYS PLAN D DIVIDEND PAYOUT,AMC 15,MF,MF,2235,INF109KA1JO4,Yes
2952,ICICI PRUDENTIAL MULTIPLE YIELD FUND SERIES 5 - 1825 DAYS PLAN C CUMULATIVE,AMC 15,MF,MF,2236,INF109KA1JJ4,Yes
2953,ICICI PRUDENTIAL MULTIPLE YIELD FUND SERIES 5 - 1825 DAYS PLAN C DIVIDEND PAYOUT,AMC 15,MF,MF,2237,INF109KA1JK2,Yes
2954,ICICI PRUDENTIAL MULTIPLE YIELD FUND SERIES 6 - 1100 DAYS PLAN A CUMULATIVE,AMC 15,MF,MF,2286,INF109KA1NB3,Yes
2955,ICICI PRUDENTIAL MULTIPLE YIELD FUND SERIES 6 - 1100 DAYS PLAN A DIVIDEND PAYOUT,AMC 15,MF,MF,2287,INF109KA1NC1,Yes
2956,ICICI PRUDENTIAL MULTIPLE YIELD FUND SERIES 6 - 1100 DAYS PLAN E CUMULATIVE,AMC 15,MF,MF,2357,INF109KA1SN7,Yes
2957,ICICI PRUDENTIAL MULTIPLE YIELD FUND SERIES 6 - 1100 DAYS PLAN E DIVIDEND PAYOUT,AMC 15,MF,MF,2358,INF109KA1SO5,Yes
2958,ICICI PRUDENTIAL MULTIPLE YIELD FUND SERIES 6 - 1100 DAYS PLAN F CUMULATIVE,AMC 15,MF,MF,2385,INF109KA1UX2,Yes
2959,ICICI PRUDENTIAL MULTIPLE YIELD FUND SERIES 6 - 1100 DAYS PLAN F DIVIDEND PAYOUT,AMC 15,MF,MF,2386,INF109KA1UY0,Yes
2960,ICICI PRUDENTIAL MULTIPLE YIELD FUND SERIES 6 - 1125 DAYS PLAN B CUMULATIVE,AMC 15,MF,MF,2321,INF109KA1PP8,Yes
2961,ICICI PRUDENTIAL MULTIPLE YIELD FUND SERIES 6 - 1125 DAYS PLAN B DIVIDEND PAYOUT,AMC 15,MF,MF,2322,INF109KA1PQ6,Yes
2962,ICICI PRUDENTIAL MULTIPLE YIELD FUND SERIES 6 - 1825 DAYS PLAN C CUMULATIVE,AMC 15,MF,MF,2333,INF109KA1RD0,Yes
2963,ICICI PRUDENTIAL MULTIPLE YIELD FUND SERIES 6 - 1825 DAYS PLAN C DIVIDEND PAYOUT,AMC 15,MF,MF,2334,INF109KA1RE8,Yes
2964,ICICI PRUDENTIAL MULTIPLE YIELD FUND SERIES 6 - 1825 DAYS PLAN D CUMULATIVE,AMC 15,MF,MF,2367,INF109KA1TT2,Yes
2965,ICICI PRUDENTIAL MULTIPLE YIELD FUND SERIES 6 - 1825 DAYS PLAN D DIVIDEND PAYOUT,AMC 15,MF,MF,2368,INF109KA1TU0,Yes
2966,ICICI PRUDENTIAL MULTIPLE YIELD FUND SERIES 7 - 1100 DAYS PLAN A CUMULATIVE,AMC 15,MF,MF,2410,INF109KA1WV2,Yes
2967,ICICI PRUDENTIAL MULTIPLE YIELD FUND SERIES 7 - 1100 DAYS PLAN A DIVIDEND PAYOUT,AMC 15,MF,MF,2411,INF109KA1WW0,Yes
2968,ICICI PRUDENTIAL MULTIPLE YIELD FUND SERIES 7 - 1100 DAYS PLAN F CUMULATIVE,AMC 15,MF,MF,2516,INF109KA1T81,Yes
2969,ICICI PRUDENTIAL MULTIPLE YIELD FUND SERIES 7 - 1100 DAYS PLAN F DIVIDEND PAYOUT,AMC 15,MF,MF,2517,INF109KA1T99,Yes
2970,ICICI PRUDENTIAL MULTIPLE YIELD FUND SERIES 7 - 1338 DAYS PLAN D CUMULATIVE,AMC 15,MF,MF,2509,INF109KA1R67,Yes
2971,ICICI PRUDENTIAL MULTIPLE YIELD FUND SERIES 7 - 1338 DAYS PLAN D DIVIDEND PAYOUT,AMC 15,MF,MF,2510,INF109KA1R75,Yes
2972,ICICI PRUDENTIAL MULTIPLE YIELD FUND SERIES 7 - 1825 DAYS PLAN B CUMULATIVE,AMC 15,MF,MF,2431,INF109KA1YP0,Yes
2973,ICICI PRUDENTIAL MULTIPLE YIELD FUND SERIES 7 - 1825 DAYS PLAN B DIVIDEND PAYOUT,AMC 15,MF,MF,2432,INF109KA1YQ8,Yes
2974,ICICI PRUDENTIAL MULTIPLE YIELD FUND SERIES 7 - 1825 DAYS PLAN C CUMULATIVE,AMC 15,MF,MF,2489,INF109KA1J83,Yes
2975,ICICI PRUDENTIAL MULTIPLE YIELD FUND SERIES 7 - 1825 DAYS PLAN C DIVIDEND PAYOUT,AMC 15,MF,MF,2490,INF109KA1J91,Yes
2976,ICICI PRUDENTIAL MULTIPLE YIELD FUND SERIES 7 - 1825 DAYS PLAN E CUMULATIVE,AMC 15,MF,MF,2512,INF109KA1S25,Yes
2977,ICICI PRUDENTIAL MULTIPLE YIELD FUND SERIES 7 - 1825 DAYS PLAN E DIVIDEND PAYOUT,AMC 15,MF,MF,2513,INF109KA1S33,Yes
2978,ICICI PRUDENTIAL MULTIPLE YIELD FUND SERIES 8 - 1101 DAYS PLAN E CUMULATIVE,AMC 15,MF,MF,2574,INF109KA16L4,Yes
2979,ICICI PRUDENTIAL MULTIPLE YIELD FUND SERIES 8 - 1101 DAYS PLAN E DIVIDEND PAYOUT,AMC 15,MF,MF,2575,INF109KA17L2,Yes
2980,ICICI PRUDENTIAL MULTIPLE YIELD FUND SERIES 8 - 1103 DAYS PLAN C CUMULATIVE,AMC 15,MF,MF,2552,INF109KA16F6,Yes
2981,ICICI PRUDENTIAL MULTIPLE YIELD FUND SERIES 8 - 1103 DAYS PLAN C DIVIDEND PAYOUT,AMC 15,MF,MF,2553,INF109KA17F4,Yes
2982,ICICI PRUDENTIAL MULTIPLE YIELD FUND SERIES 8 - 1103 DAYS PLAN F CUMULATIVE,AMC 15,MF,MF,2603,INF109KA10T0,Yes
2983,ICICI PRUDENTIAL MULTIPLE YIELD FUND SERIES 8 - 1103 DAYS PLAN F DIVIDEND PAYOUT,AMC 15,MF,MF,2604,INF109KA11T8,Yes
2984,ICICI PRUDENTIAL MULTIPLE YIELD FUND SERIES 8 - 1284 DAYS PLAN G REGULAR PLAN CUMULATIVE,AMC 15,MF,MF,2622,INF109KB1177,Yes
2985,ICICI PRUDENTIAL MULTIPLE YIELD FUND SERIES 8 - 1284 DAYS PLAN G REGULAR PLAN DIVIDEND PAYOUT,AMC 15,MF,MF,2623,INF109KB1185,Yes
2986,ICICI PRUDENTIAL MULTIPLE YIELD FUND SERIES 8 - 1338 DAYS PLAN B REGULAR PLAN CUMULATIVE,AMC 15,MF,MF,2531,INF109KA14A2,Yes
2987,ICICI PRUDENTIAL MULTIPLE YIELD FUND SERIES 8 - 1338 DAYS PLAN B REGULAR PLAN DIVIDEND PAYOUT,AMC 15,MF,MF,2532,INF109KA15A9,Yes
2988,ICICI PRUDENTIAL MULTIPLE YIELD FUND SERIES 8 - 1822 DAYS PLAN D CUMULATIVE,AMC 15,MF,MF,2569,INF109KA18J4,Yes
2989,ICICI PRUDENTIAL MULTIPLE YIELD FUND SERIES 8 - 1822 DAYS PLAN D DIVIDEND PAYOUT,AMC 15,MF,MF,2570,INF109KA19J2,Yes
2990,ICICI PRUDENTIAL MULTIPLE YIELD FUND SERIES 8 - 1824 DAYS PLAN A CUMULATIVE,AMC 15,MF,MF,2535,INF109KA16B5,Yes
2991,ICICI PRUDENTIAL MULTIPLE YIELD FUND SERIES 8 - 1824 DAYS PLAN A DIVIDEND PAYOUT,AMC 15,MF,MF,2536,INF109KA17B3,Yes
2992,ICICI PRUDENTIAL MULTIPLE YIELD FUND SERIES 9 - 1141 DAYS PLAN B REGULAR PLAN CUMULATIVE,AMC 15,MF,MF,2664,INF109KB1DR9,Yes
2993,ICICI PRUDENTIAL MULTIPLE YIELD FUND SERIES 9 - 1141 DAYS PLAN B REGULAR PLAN DIVIDEND PAYOUT,AMC 15,MF,MF,2665,INF109KB1DS7,Yes
2994,ICICI PRUDENTIAL MULTIPLE YIELD PLAN C CUMULATIVE,AMC 15,MF,MF,1789,INF109K01RD7,Yes
2995,ICICI PRUDENTIAL MULTIPLE YIELD PLAN C DIVIDEND PAYOUT,AMC 15,MF,MF,1790,INF109K01RE5,Yes
2996,ICICI Prudential NASDAQ 100 Index Fund - Growth,AMC 15,MF,MF,3454,INF109KC1U27,Yes
2997,ICICI PRUDENTIAL NASDAQ 100 INDEX FUND - IDCW PAYOUT,AMC 15,MF,MF,3455P,INF109KC1U35,Yes
2998,ICICI PRUDENTIAL NASDAQ 100 INDEX FUND - IDCW PAYOUT,AMC 15,MF,MF,3455,INF109KC1U43,Yes
2999,ICICI Prudential Nifty 100 Low Volatility 30 ETF FOF Growth,AMC 15,MF,MF,3441,INF109KC1P57,Yes
3000,ICICI Prudential Nifty 100 Low Volatility 30 ETF FOF IDCW,AMC 15,MF,MF,3442,INF109KC1P65,Yes
3001,ICICI Prudential Nifty 100 Low Volatility 30 ETF FOF IDCW Payout,AMC 15,MF,MF,3442P,INF109KC1P73,Yes
3002,ICICI PRUDENTIAL NIFTY 200 MOMENTUM 30 ETF,AMC 15,MF,MF,5020,INF109KC17C7,No
3003,ICICI Prudential Nifty 200 Momentum 30 Index Fund - Growth,AMC 15,MF,MF,3482,INF109KC18C5,Yes
3004,ICICI PRUDENTIAL NIFTY 200 MOMENTUM 30 INDEX FUND - IDCW PAYOUT,AMC 15,MF,MF,3483,INF109KC10D0,Yes
3005,ICICI PRUDENTIAL NIFTY 200 MOMENTUM 30 INDEX FUND - IDCW PAYOUT,AMC 15,MF,MF,3483P,INF109KC19C3,Yes
3006,ICICI PRUDENTIAL NIFTY 200 QUALITY 30 ETF - REGULAR PLAN,AMC 15,MF,MF,5027,INF109KC15T5,No
3007,ICICI Prudential Nifty 50 Index Fund - Growth,AMC 15,MF,MF,INXNB,INF109K01PI0,Yes
3008,ICICI Prudential Nifty 50 Index Fund - IDCW,AMC 15,MF,MF,2718,INF109KB1NO5,Yes
3009,ICICI Prudential Nifty 50 Index Fund - IDCW Payout,AMC 15,MF,MF,2718P,INF109KB1NN7,Yes
3010,ICICI PRUDENTIAL NIFTY ALPHA LOW VOLATILITY 30 ETF FOF GROWTH,AMC 15,MF,MF,3445,INF109KC1R55,Yes
3011,ICICI PRUDENTIAL NIFTY ALPHA LOW VOLATILITY 30 ETF FOF IDCW,AMC 15,MF,MF,3446,INF109KC1R63,Yes
3012,ICICI PRUDENTIAL NIFTY ALPHA LOW VOLATILITY 30 ETF FOF IDCW PAYOUT,AMC 15,MF,MF,3446P,INF109KC1R71,Yes
3013,ICICI PRUDENTIAL NIFTY AUTO ETF,AMC 15,MF,MF,5016,INF109KC1Y49,No
3014,ICICI Prudential Nifty Auto Index Fund - Growth,AMC 15,MF,MF,3501,INF109KC13J1,Yes
3015,ICICI PRUDENTIAL NIFTY AUTO INDEX FUND - IDCW PAYOUT,AMC 15,MF,MF,3502P,INF109KC14J9,Yes
3016,ICICI PRUDENTIAL NIFTY AUTO INDEX FUND - IDCW PAYOUT,AMC 15,MF,MF,3502,INF109KC15J6,Yes
3017,ICICI Prudential Nifty Bank ETF,AMC 15,MF,MF,5008,INF109KC1E27,No
3018,ICICI Prudential Nifty Bank Index Fund - Growth,AMC 15,MF,MF,3473,INF109KC1Z89,Yes
3019,ICICI PRUDENTIAL NIFTY BANK INDEX FUND - IDCW PAYOUT,AMC 15,MF,MF,3474,INF109KC10A6,Yes
3020,ICICI PRUDENTIAL NIFTY BANK INDEX FUND - IDCW PAYOUT,AMC 15,MF,MF,3474P,INF109KC1Z97,Yes
3021,ICICI PRUDENTIAL NIFTY FINANCIAL SERVICES EX-BANK ETF,AMC 15,MF,MF,5022,INF109KC17L8,No
3022,ICICI PRUDENTIAL NIFTY G-SEC DEC 2030 INDEX FUND - ANNUAL IDCW PAYOUT,AMC 15,MF,MF,3506,INF109KC17K0,Yes
3023,ICICI PRUDENTIAL NIFTY G-SEC DEC 2030 INDEX FUND - ANNUAL IDCW PAYOUT,AMC 15,MF,MF,3506P,INF109KC16K2,Yes
3024,ICICI Prudential Nifty G-Sec Dec 2030 Index Fund - Growth,AMC 15,MF,MF,3505,INF109KC15K4,Yes
3025,ICICI Prudential Nifty IT Index Fund - Growth,AMC 15,MF,MF,3487,INF109KC10E8,Yes
3026,ICICI PRUDENTIAL NIFTY IT INDEX FUND - IDCW PAYOUT,AMC 15,MF,MF,3488,INF109KC12E4,Yes
3027,ICICI PRUDENTIAL NIFTY IT INDEX FUND - IDCW PAYOUT,AMC 15,MF,MF,3488P,INF109KC11E6,Yes
3028,ICICI Prudential Nifty Midcap 150 Index Fund - Growth,AMC 15,MF,MF,3460,INF109KC1W25,Yes
3029,ICICI Prudential Nifty Midcap 150 Index Fund - IDCW,AMC 15,MF,MF,3461,INF109KC1W41,Yes
3030,ICICI PRUDENTIAL NIFTY MIDCAP 150 INDEX FUND - IDCW PAYOUT,AMC 15,MF,MF,3461P,INF109KC1W33,Yes
3031,ICICI Prudential Nifty Next 50 ETF,AMC 15,MF,MF,5006F,INF109KC1NS5,No
3032,ICICI PRUDENTIAL NIFTY NEXT 50 ETF,AMC 15,MF,MF,5006,INF109KC1JI4,Yes
3033,ICICI Prudential Nifty Next 50 Index Fund - Growth,AMC 15,MF,MF,1615,INF109K01IF1,Yes
3034,ICICI Prudential Nifty Next 50 Index Fund - IDCW Payout,AMC 15,MF,MF,1616P,INF109K01PR1,Yes
3035,ICICI PRUDENTIAL NIFTY NEXT 50 INDEX FUND - IDCW PAYOUT,AMC 15,MF,MF,1616,INF109K01IE4,Yes
3036,ICICI PRUDENTIAL NIFTY PHARMA INDEX FUND-GROWTH,AMC 15,MF,MF,3509,INF109KC18L6,Yes
3037,ICICI PRUDENTIAL NIFTY PHARMA INDEX FUND-IDCW PAYOUT,AMC 15,MF,MF,3510,INF109KC10M1,Yes
3038,ICICI PRUDENTIAL NIFTY PHARMA INDEX FUND-IDCW PAYOUT,AMC 15,MF,MF,3510P,INF109KC19L4,Yes
3039,ICICI Prudential Nifty PSU Bond Plus SDL Sep 2027 40:60 Index Fund Annual IDCW,AMC 15,MF,MF,3450,INF109KC1S70,Yes
3040,ICICI PRUDENTIAL NIFTY PSU BOND PLUS SDL SEP 2027 40:60 INDEX FUND ANNUAL IDCW PAYOUT,AMC 15,MF,MF,3450P,INF109KC1S62,Yes
3041,ICICI Prudential Nifty PSU Bond Plus SDL Sep 2027 40:60 Index Fund Growth,AMC 15,MF,MF,3447,INF109KC1S13,Yes
3042,ICICI PRUDENTIAL NIFTY SDL DEC 2028 INDEX FUND - ANNUAL IDCW PAYOUT,AMC 15,MF,MF,3508P,INF109KC12L9,Yes
3043,ICICI PRUDENTIAL NIFTY SDL DEC 2028 INDEX FUND - ANNUAL IDCW PAYOUT,AMC 15,MF,MF,3508,INF109KC13L7,Yes
3044,ICICI Prudential Nifty SDL Dec 2028 Index Fund - Growth,AMC 15,MF,MF,3507,INF109KC11L1,Yes
3045,ICICI PRUDENTIAL NIFTY SDL SEP 2026 INDEX FUND - ANNUAL IDCW PAYOUT,AMC 15,MF,MF,3524,INF109KC12P0,Yes
3046,ICICI PRUDENTIAL NIFTY SDL SEP 2026 INDEX FUND - ANNUAL IDCW PAYOUT,AMC 15,MF,MF,3524P,INF109KC11P2,Yes
3047,ICICI Prudential Nifty SDL Sep 2026 Index Fund - Growth,AMC 15,MF,MF,3523,INF109KC10P4,Yes
3048,ICICI PRUDENTIAL NIFTY SDL SEP 2027 INDEX FUND - ANNUAL IDCW PAYOUT,AMC 15,MF,MF,3479P,INF109KC12B0,Yes
3049,ICICI PRUDENTIAL NIFTY SDL SEP 2027 INDEX FUND - ANNUAL IDCW PAYOUT,AMC 15,MF,MF,3479,INF109KC13B8,Yes
3050,ICICI Prudential Nifty SDL Sep 2027 Index Fund - Growth,AMC 15,MF,MF,3478,INF109KC11B2,Yes
3051,ICICI Prudential Nifty Smallcap 250 Index Fund - Growth,AMC 15,MF,MF,3456,INF109KC1U84,Yes
3052,ICICI Prudential Nifty Smallcap 250 Index Fund - IDCW,AMC 15,MF,MF,3457,INF109KC1V00,Yes
3053,ICICI PRUDENTIAL NIFTY SMALLCAP 250 INDEX FUND - IDCW PAYOUT,AMC 15,MF,MF,3457P,INF109KC1U92,Yes
3054,ICICI Prudential Nifty50 Equal Weight Index Fund - Growth,AMC 15,MF,MF,3499,INF109KC17I4,Yes
3055,ICICI PRUDENTIAL NIFTY50 EQUAL WEIGHT INDEX FUND - IDCW PAYOUT,AMC 15,MF,MF,3500P,INF109KC18I2,Yes
3056,ICICI PRUDENTIAL NIFTY50 EQUAL WEIGHT INDEX FUND - IDCW PAYOUT,AMC 15,MF,MF,3500,INF109KC19I0,Yes
3057,ICICI PRUDENTIAL NIFTY50 VALUE 20 INDEX FUND-REGULAR PLAN-GROWTH,AMC 15,MF,MF,3543,INF109KC19T7,Yes
3058,ICICI PRUDENTIAL NIFTY50 VALUE 20 INDEX FUND-REGULAR PLAN-IDCW REINVESTMENT,AMC 15,MF,MF,3544,INF109KC11U2,Yes
3059,ICICI Prudential Overnight Fund - Daily Dividend,AMC 15,MF,MF,3224,INF109KC1OB9,Yes
3060,ICICI PRUDENTIAL OVERNIGHT FUND ANNUAL DIVIDEND PAYOUT,AMC 15,MF,MF,3230P,INF109KC1OM6,Yes
3061,ICICI PRUDENTIAL OVERNIGHT FUND ANNUAL DIVIDEND REINVESTMENT,AMC 15,MF,MF,3230,INF109KC1ON4,Yes
3062,ICICI PRUDENTIAL OVERNIGHT FUND ANNUAL IDCW REINVESTMENT,AMC 15,MF,MF,3498,INF109KC10G3,Yes
3063,ICICI PRUDENTIAL OVERNIGHT FUND DAILY IDCW REINVESTMENT,AMC 15,MF,MF,3492,INF109KC18E1,Yes
3064,ICICI PRUDENTIAL OVERNIGHT FUND FORTNIGHTLY DIVIDEND PAYOUT,AMC 15,MF,MF,3226,INF109KC1OH6,Yes
3065,ICICI PRUDENTIAL OVERNIGHT FUND FORTNIGHTLY IDCW REINVESTMENT,AMC 15,MF,MF,3494,INF109KC13F9,Yes
3066,ICICI Prudential Overnight Fund Growth,AMC 15,MF,MF,3491,INF109KC17E3,Yes
3067,ICICI Prudential Overnight Fund Growth,AMC 15,MF,MF,00349,INF109KC1OA1,No
3068,ICICI PRUDENTIAL OVERNIGHT FUND HALF YEARLY DIVIDEND PAYOUT,AMC 15,MF,MF,3229P,INF109KC1OK0,Yes
3069,ICICI PRUDENTIAL OVERNIGHT FUND HALF YEARLY DIVIDEND REINVESTMENT,AMC 15,MF,MF,3229,INF109KC1OL8,Yes
3070,ICICI PRUDENTIAL OVERNIGHT FUND HALF YEARLY IDCW REINVESTMENT,AMC 15,MF,MF,3497,INF109KC18F8,Yes
3071,ICICI PRUDENTIAL OVERNIGHT FUND MONTHLY DIVIDEND PAYOUT,AMC 15,MF,MF,3227,INF109KC1OD5,Yes
3072,ICICI PRUDENTIAL OVERNIGHT FUND MONTHLY IDCW PAYOUT,AMC 15,MF,MF,3227P,INF109KC1OC7,Yes
3073,ICICI PRUDENTIAL OVERNIGHT FUND MONTHLY IDCW REINVESTMENT,AMC 15,MF,MF,3495,INF109KC10F5,Yes
3074,ICICI PRUDENTIAL OVERNIGHT FUND QUARTERLY DIVIDEND PAYOUT,AMC 15,MF,MF,3228P,INF109KC1OI4,Yes
3075,ICICI PRUDENTIAL OVERNIGHT FUND QUARTERLY DIVIDEND REINVESTMENT,AMC 15,MF,MF,3228,INF109KC1OJ2,Yes
3076,ICICI PRUDENTIAL OVERNIGHT FUND QUARTERLY IDCW REINVESTMENT,AMC 15,MF,MF,3496,INF109KC16F2,Yes
3077,ICICI PRUDENTIAL OVERNIGHT FUND WEEKLY DIVIDEND PAYOUT,AMC 15,MF,MF,3225,INF109KC1OE3,Yes
3078,ICICI PRUDENTIAL OVERNIGHT FUND WEEKLY IDCW PAYOUT,AMC 15,MF,MF,3493P,INF109KC12F1,Yes
3079,ICICI PRUDENTIAL OVERNIGHT FUND WEEKLY IDCW PAYOUT,AMC 15,MF,MF,3493,INF109KC11F3,Yes
3080,ICICI PRUDENTIAL OVERNIGHT FUND WEEKLY IDCW PAYOUT,AMC 15,MF,MF,3225P,INF109KC1OF0,Yes
3081,ICICI PRUDENTIAL PASSIVE MULTI-ASSET FOF GROWTH,AMC 15,MF,MF,3467,INF109KC1X81,Yes
3082,ICICI PRUDENTIAL PASSIVE MULTI-ASSET FOF IDCW PAYOUT,AMC 15,MF,MF,3468P,INF109KC1X99,Yes
3083,ICICI PRUDENTIAL PASSIVE MULTI-ASSET FOF IDCW PAYOUT,AMC 15,MF,MF,3468,INF109KC1Y07,Yes
3084,ICICI Prudential Passive Strategy Fund (FOF) - Growth,AMC 15,MF,MF,AAP,INF109K01795,Yes
3085,ICICI Prudential Passive Strategy Fund (FOF) - IDCW Payout,AMC 15,MF,MF,AAPDP,INF109K01DW7,Yes
3086,ICICI PRUDENTIAL PASSIVE STRATEGY FUND (FOF) - IDCW PAYOUT,AMC 15,MF,MF,AAPD,INF109K01803,Yes
3087,ICICI Prudential Pharma Healthcare and Diagnostics (P.H.D) Fund Growth,AMC 15,MF,MF,3131,INF109KC1GE9,Yes
3088,ICICI Prudential Pharma Healthcare and Diagnostics (P.H.D) Fund IDCW Payout,AMC 15,MF,MF,3132P,INF109KC1GF6,Yes
3089,ICICI PRUDENTIAL PHARMA HEALTHCARE AND DIAGNOSTICS (P.H.D) FUND IDCW PAYOUT,AMC 15,MF,MF,3132,INF109KC1GG4,Yes
3090,ICICI Prudential Private Banks ETF,AMC 15,MF,MF,5009,INF109KC1E35,No
3091,ICICI PRUDENTIAL PSU BOND PLUS SDL 40:60 INDEX FUND - SEP 2027 QUATERLY IDCW REINVESTMENT,AMC 15,MF,MF,3449,INF109KC1S54,Yes
3092,ICICI PRUDENTIAL PSU BOND PLUS SDL 40:60 INDEX FUND - SEP 2027 WEEKLY IDCW REINVESTMENT,AMC 15,MF,MF,3448,INF109KC1S21,Yes
3093,ICICI Prudential PSU Equity Fund - Growth,AMC 15,MF,MF,3489,INF109KC19H2,Yes
3094,ICICI PRUDENTIAL PSU EQUITY FUND - IDCW PAYOUT,AMC 15,MF,MF,3490P,INF109KC10I9,Yes
3095,ICICI PRUDENTIAL PSU EQUITY FUND - IDCW PAYOUT,AMC 15,MF,MF,3490,INF109KC11I7,Yes
3096,ICICI PRUDENTIAL QUANT FUND - REGULAR PLAN -  GROWTH,AMC 15,MF,MF,3437,INF109KC1O33,Yes
3097,ICICI PRUDENTIAL QUANT FUND - REGULAR PLAN -  IDCW PAYOUT,AMC 15,MF,MF,3438,INF109KC1O41,Yes
3098,ICICI PRUDENTIAL QUANT FUND - REGULAR PLAN -  IDCW PAYOUT,AMC 15,MF,MF,3438P,INF109KC1O58,Yes
3099,ICICI PRUDENTIAL R.I.G.H.T FUND GROWTH,AMC 15,MF,MF,1454,INF109KA1XP2,Yes
3100,ICICI PRUDENTIAL R.I.G.H.T FUND IDCW PAYOUT,AMC 15,MF,MF,1455,INF109KA1XQ0,Yes
3101,ICICI Prudential Regular Gold Savings Fund (FOF) - Growth,AMC 15,MF,MF,1815,INF109K01TK8,Yes
3102,ICICI Prudential Regular Gold Savings Fund (FOF) - IDCW Payout,AMC 15,MF,MF,1816P,INF109K01TM4,Yes
3103,ICICI PRUDENTIAL REGULAR GOLD SAVINGS FUND (FOF) - IDCW PAYOUT,AMC 15,MF,MF,1816,INF109K01TL6,Yes
3104,ICICI Prudential Regular Savings Fund - Bonus,AMC 15,MF,MF,IMPB,INF109KA1319,Yes
3105,ICICI Prudential Regular Savings Fund - Growth,AMC 15,MF,MF,IMPG,INF109K01902,Yes
3106,ICICI Prudential Regular Savings Fund - Half Yearly IDCW Payout,AMC 15,MF,MF,1732,INF109K01IW6,Yes
3107,ICICI PRUDENTIAL REGULAR SAVINGS FUND - HALF YEARLY IDCW PAYOUT,AMC 15,MF,MF,IMPDH,INF109K01WX5,Yes
3108,ICICI Prudential Regular Savings Fund - Monthly IDCW Payout,AMC 15,MF,MF,IMPDP,INF109K01ER5,Yes
3109,ICICI PRUDENTIAL REGULAR SAVINGS FUND - MONTHLY IDCW PAYOUT,AMC 15,MF,MF,IMPD,INF109K01894,Yes
3110,ICICI Prudential Regular Savings Fund - Quarterly IDCW Payout,AMC 15,MF,MF,1733,INF109K01IX4,Yes
3111,ICICI PRUDENTIAL REGULAR SAVINGS FUND - QUARTERLY IDCW PAYOUT,AMC 15,MF,MF,IMPDQ,INF109K01WY3,Yes
3112,ICICI Prudential Retirement Fund Hybrid Aggressive Plan Growth,AMC 15,MF,MF,3289,INF109KC1TU8,Yes
3113,ICICI Prudential Retirement Fund Hybrid Aggressive Plan IDCW Payout,AMC 15,MF,MF,3290,INF109KC1TV6,Yes
3114,ICICI Prudential Retirement Fund Hybrid Conservative Plan Growth,AMC 15,MF,MF,3291,INF109KC1TY0,Yes
3115,ICICI Prudential Retirement Fund Hybrid Conservative Plan IDCW Payout,AMC 15,MF,MF,3292,INF109KC1TZ7,Yes
3116,ICICI Prudential Retirement Fund Pure Debt Plan Growth,AMC 15,MF,MF,3293,INF109KC1UC4,Yes
3117,ICICI Prudential Retirement Fund Pure Debt Plan IDCW Payout,AMC 15,MF,MF,3294,INF109KC1UD2,Yes
3118,ICICI Prudential Retirement Fund Pure Equity Plan Growth,AMC 15,MF,MF,3287,INF109KC1TQ6,Yes
3119,ICICI Prudential Retirement Fund Pure Equity Plan IDCW Payout,AMC 15,MF,MF,3288,INF109KC1TR4,Yes
3120,ICICI PRUDENTIAL S&P BSE 500 ETF,AMC 15,MF,MF,5003,INF109KC1CZ3,Yes
3121,ICICI Prudential S&P BSE 500 ETF FOF Growth,AMC 15,MF,MF,3458,INF109KC1V67,Yes
3122,ICICI PRUDENTIAL S&P BSE 500 ETF FOF IDCW PAYOUT,AMC 15,MF,MF,3459P,INF109KC1V75,Yes
3123,ICICI PRUDENTIAL S&P BSE 500 ETF FOF IDCW PAYOUT,AMC 15,MF,MF,3459,INF109KC1V83,Yes
3124,ICICI Prudential S&P BSE Liquid Rate ETF,AMC 15,MF,MF,5007,INF109KC1KT9,No
3125,ICICI Prudential S&P BSE Sensex Index Fund Growth,AMC 15,MF,MF,3007,INF109KB17W7,Yes
3126,ICICI Prudential S&P BSE Sensex Index Fund IDCW,AMC 15,MF,MF,3008,INF109KB19W3,Yes
3127,ICICI Prudential S&P BSE Sensex Index Fund IDCW Payout,AMC 15,MF,MF,3008P,INF109KB18W5,Yes
3128,ICICI Prudential Savings Fund - Bonus,AMC 15,MF,MF,2450,INF109KA1I92,Yes
3129,ICICI PRUDENTIAL SAVINGS FUND - DAILY IDCW REINVESTMENT,AMC 15,MF,MF,1524,INF109K01738,Yes
3130,ICICI Prudential Savings Fund - Fortnightly IDCW Payout,AMC 15,MF,MF,2070P,INF109K012Z9,Yes
3131,ICICI PRUDENTIAL SAVINGS FUND - FORTNIGHTLY IDCW PAYOUT,AMC 15,MF,MF,2070,INF109K011Z1,Yes
3132,ICICI Prudential Savings Fund - Growth,AMC 15,MF,MF,1525,INF109K01746,Yes
3133,ICICI PRUDENTIAL SAVINGS FUND - IDCW PAYOUT,AMC 15,MF,MF,1778,INF109K01WN6,Yes
3134,ICICI PRUDENTIAL SAVINGS FUND - IDCW PAYOUT,AMC 15,MF,MF,1778P,INF109K01WO4,Yes
3135,ICICI PRUDENTIAL SAVINGS FUND - INSTITUTIONAL OPTION - I,AMC 15,MF,MF,1522,INF109K01JN3,Yes
3136,ICICI Prudential Savings Fund - Monthly IDCW Payout,AMC 15,MF,MF,2071P,INF109K014Z5,Yes
3137,ICICI PRUDENTIAL SAVINGS FUND - MONTHLY IDCW PAYOUT,AMC 15,MF,MF,2071,INF109K013Z7,Yes
3138,ICICI Prudential Savings Fund - Quarterly IDCW Payout,AMC 15,MF,MF,2072P,INF109K016Z0,Yes
3139,ICICI PRUDENTIAL SAVINGS FUND - QUARTERLY IDCW PAYOUT,AMC 15,MF,MF,2072,INF109K015Z2,Yes
3140,ICICI PRUDENTIAL SAVINGS FUND - RETAIL DAILY IDCW REINVESTMENT,AMC 15,MF,MF,1527,INF109K01EI4,Yes
3141,ICICI Prudential Savings Fund - Retail Growth,AMC 15,MF,MF,1528,INF109K01BX9,Yes
3142,ICICI Prudential Savings Fund - Retail Weekly IDCW Payout,AMC 15,MF,MF,1529P,INF109K01EJ2,Yes
3143,ICICI PRUDENTIAL SAVINGS FUND - RETAIL WEEKLY IDCW PAYOUT,AMC 15,MF,MF,1529,INF109K01BY7,Yes
3144,ICICI Prudential Savings Fund - Weekly IDCW Payout,AMC 15,MF,MF,1710P,INF109K01JO1,Yes
3145,ICICI PRUDENTIAL SAVINGS FUND - WEEKLY IDCW PAYOUT,AMC 15,MF,MF,1526,INF109K01753,Yes
3146,ICICI Prudential Short Term - Half Yearly Dividend,AMC 15,MF,MF,2526,INF109KA1X02,Yes
3147,ICICI Prudential Short Term - Half Yearly Dividend,AMC 15,MF,MF,2526P,INF109KA1X10,No
3148,ICICI Prudential Short Term -Dividend Reinvestment Fortnightly,AMC 15,MF,MF,23F,INF109K01662,Yes
3149,ICICI Prudential Short Term Fund - Bonus,AMC 15,MF,MF,24B,INF109KA1376,Yes
3150,ICICI Prudential Short Term Fund - Growth Option,AMC 15,MF,MF,24,INF109K01654,Yes
3151,ICICI Prudential Short Term Fund - Institutional Cumulative Option,AMC 15,MF,MF,24IN,INF109K01696,Yes
3152,ICICI PRUDENTIAL SHORT TERM FUND - INSTITUTIONAL FORTNIGHTLY IDCW REINVESTMENT,AMC 15,MF,MF,23INF,INF123BSE042,Yes
3153,ICICI PRUDENTIAL SHORT TERM FUND - INSTITUTIONAL MONTHLY IDCW PAYOUT,AMC 15,MF,MF,23INP,INF109K01WK2,Yes
3154,ICICI PRUDENTIAL SHORT TERM FUND - INSTITUTIONAL MONTHLY IDCW REINVESTMENT,AMC 15,MF,MF,23IN,INF109K01670,Yes
3155,ICICI Prudential Short Term Fund - Monthly IDCW Payout,AMC 15,MF,MF,23P,INF109K01WL0,Yes
3156,ICICI PRUDENTIAL SHORT TERM FUND - MONTHLY IDCW PAYOUT,AMC 15,MF,MF,23,INF109K01647,Yes
3157,ICICI PRUDENTIAL SHORT TERM GILT FUND - BONUS,AMC 15,MF,MF,2453,INF109KA1I68,Yes
3158,ICICI Prudential Short Term Gilt Fund - Dividend,AMC 15,MF,MF,52,INF109K01JW4,No
3159,ICICI Prudential Short Term Gilt Fund - Growth,AMC 15,MF,MF,51,INF109K01JX2,No
3160,ICICI Prudential Short Term Gilt Fund - Half Yearly Dividend,AMC 15,MF,MF,52H,INF109K01JZ7,No
3161,ICICI PRUDENTIAL SILVER ETF,AMC 15,MF,MF,5017,INF109KC1Y56,No
3162,ICICI Prudential Silver ETF Fund of Fund Growth,AMC 15,MF,MF,3471,INF109KC1Y64,Yes
3163,ICICI PRUDENTIAL SILVER ETF FUND OF FUND IDCW PAYOUT,AMC 15,MF,MF,3472P,INF109KC1Y72,Yes
3164,ICICI PRUDENTIAL SILVER ETF FUND OF FUND IDCW PAYOUT,AMC 15,MF,MF,3472,INF109KC1Y80,Yes
3165,ICICI Prudential Smallcap Fund - Growth,AMC 15,MF,MF,1023,INF109K01BI0,Yes
3166,ICICI Prudential Smallcap Fund - IDCW Payout,AMC 15,MF,MF,1024P,INF109K01FA8,Yes
3167,ICICI PRUDENTIAL SMALLCAP FUND - IDCW PAYOUT,AMC 15,MF,MF,1024,INF109K01BJ8,Yes
3168,ICICI Prudential Smallcap Fund - Institutional Growth,AMC 15,MF,MF,1025,INF109K01BK6,Yes
3169,ICICI PRUDENTIAL STRATEGIC METAL AND ENERGY EQUITY FUND OF FUND - REGULAR PLAN - GROWTH,AMC 15,MF,MF,3469,INF109KC1Z22,Yes
3170,ICICI PRUDENTIAL STRATEGIC METAL AND ENERGY EQUITY FUND OF FUND - REGULAR PLAN - IDCW PAYOUT,AMC 15,MF,MF,3470,INF109KC1Z48,Yes
3171,ICICI PRUDENTIAL STRATEGIC METAL AND ENERGY EQUITY FUND OF FUND - REGULAR PLAN - IDCW PAYOUT,AMC 15,MF,MF,3470P,INF109KC1Z30,Yes
3172,ICICI Prudential Technology Fund - Growth,AMC 15,MF,MF,71,INF109K01506,Yes
3173,ICICI Prudential Technology Fund - IDCW Payout,AMC 15,MF,MF,72P,INF109K01FO9,Yes
3174,ICICI PRUDENTIAL TECHNOLOGY FUND - IDCW PAYOUT,AMC 15,MF,MF,72,INF109K01514,Yes
3175,ICICI Prudential Thematic Advantage Fund (FOF) - Growth,AMC 15,MF,MF,AVAP,INF109K01852,Yes
3176,ICICI Prudential Thematic Advantage Fund (FOF) - IDCW Payout,AMC 15,MF,MF,VAPDP,INF109K01FR2,Yes
3177,ICICI PRUDENTIAL THEMATIC ADVANTAGE FUND (FOF) - IDCW PAYOUT,AMC 15,MF,MF,AVAPD,INF109K01860,Yes
3178,ICICI Prudential Transportation and Logistics Fund - Growth,AMC 15,MF,MF,3503,INF109KC19J8,Yes
3179,ICICI PRUDENTIAL TRANSPORTATION AND LOGISTICS FUND - IDCW PAYOUT,AMC 15,MF,MF,3504P,INF109KC10K5,Yes
3180,ICICI PRUDENTIAL TRANSPORTATION AND LOGISTICS FUND - IDCW PAYOUT,AMC 15,MF,MF,3504,INF109KC11K3,Yes
3181,ICICI PRUDENTIAL ULTRA SHORT TERM FUND - BONUS,AMC 15,MF,MF,2481,INF109KA1H77,Yes
3182,ICICI PRUDENTIAL ULTRA SHORT TERM FUND - DAILY IDCW REINVESTMENT,AMC 15,MF,MF,3215,INF109KC1ND7,Yes
3183,ICICI PRUDENTIAL ULTRA SHORT TERM FUND - FORTNIGHTLY DIVIDEND PAYOUT,AMC 15,MF,MF,3217,INF109KC1NH8,Yes
3184,ICICI Prudential Ultra Short Term Fund - Growth,AMC 15,MF,MF,1746,INF109K01TP7,Yes
3185,ICICI Prudential Ultra Short Term Fund - Monthly IDCW Payout,AMC 15,MF,MF,1747P,INF109K01TR3,Yes
3186,ICICI PRUDENTIAL ULTRA SHORT TERM FUND - MONTHLY IDCW PAYOUT,AMC 15,MF,MF,1747,INF109K01TQ5,Yes
3187,ICICI Prudential Ultra Short Term Fund - Quarterly IDCW Payout,AMC 15,MF,MF,1748P,INF109K01TT9,Yes
3188,ICICI PRUDENTIAL ULTRA SHORT TERM FUND - QUARTERLY IDCW PAYOUT,AMC 15,MF,MF,1748,INF109K01TS1,Yes
3189,ICICI Prudential Ultra Short Term Fund - Weekly IDCW Payout,AMC 15,MF,MF,3216,INF109KC1NF2,Yes
3190,ICICI Prudential US Bluechip Equity Fund - Growth,AMC 15,MF,MF,1950,INF109K01E35,Yes
3191,ICICI Prudential US Bluechip Equity Fund - IDCW Payout,AMC 15,MF,MF,1951P,INF109K01E43,Yes
3192,ICICI PRUDENTIAL US BLUECHIP EQUITY FUND - IDCW PAYOUT,AMC 15,MF,MF,1951,INF109K01E50,Yes
3193,ICICI Prudential Value Discovery Fund - Growth,AMC 15,MF,MF,DFG,INF109K01AF8,Yes
3194,ICICI Prudential Value Discovery Fund - IDCW Payout,AMC 15,MF,MF,DFDP,INF109K01EC7,Yes
3195,ICICI PRUDENTIAL VALUE DISCOVERY FUND - IDCW PAYOUT,AMC 15,MF,MF,DFD,INF109K01AD3,Yes
3196,ICICI Prudential Value Fund - Series 8 Dividend Option,AMC 15,MF,MF,2693,INF109KB1JZ9,No
3197,ICICI PRUDENTIAL VALUE FUND SERIES 1 DIVIDEND PAYOUT,AMC 15,MF,MF,2192,INF109KA1GA9,Yes
3198,ICICI PRUDENTIAL VALUE FUND SERIES 10 CUMULATIVE,AMC 15,MF,MF,2894,INF109KB1L87,Yes
3199,ICICI PRUDENTIAL VALUE FUND SERIES 10 DIVIDEND PAYOUT,AMC 15,MF,MF,2895,INF109KB1L95,Yes
3200,ICICI PRUDENTIAL VALUE FUND SERIES 11 CUMULATIVE,AMC 15,MF,MF,2896,INF109KB1M60,Yes
3201,ICICI PRUDENTIAL VALUE FUND SERIES 11 DIVIDEND PAYOUT,AMC 15,MF,MF,2897,INF109KB1M78,Yes
3202,ICICI Prudential Value Fund Series 12 IDCW Payout,AMC 15,MF,MF,2933,INF109KB1X75,Yes
3203,ICICI Prudential Value Fund Series 13 IDCW,AMC 15,MF,MF,2955,INF109KB11C2,Yes
3204,ICICI Prudential Value Fund Series 14 Cumulative,AMC 15,MF,MF,2969,INF109KB16J6,Yes
3205,ICICI Prudential Value Fund Series 14 IDCW,AMC 15,MF,MF,2970,INF109KB17J4,Yes
3206,ICICI Prudential Value Fund Series 15 Cumulative,AMC 15,MF,MF,2987,INF109KB16S7,Yes
3207,ICICI Prudential Value Fund Series 15 IDCW,AMC 15,MF,MF,2988,INF109KB17S5,Yes
3208,ICICI Prudential Value Fund Series 16 Cumulative,AMC 15,MF,MF,2991,INF109KB15T7,Yes
3209,ICICI Prudential Value Fund Series 16 IDCW,AMC 15,MF,MF,2992,INF109KB16T5,Yes
3210,ICICI Prudential Value Fund Series 17 Cumulative,AMC 15,MF,MF,3003,INF109KB11W0,Yes
3211,ICICI Prudential Value Fund Series 17 IDCW,AMC 15,MF,MF,3004,INF109KB12W8,Yes
3212,ICICI Prudential Value Fund Series 18 Cumulative,AMC 15,MF,MF,3013,INF109KB11Y6,Yes
3213,ICICI Prudential Value Fund Series 18 IDCW,AMC 15,MF,MF,3014,INF109KB12Y4,Yes
3214,ICICI Prudential Value Fund Series 19 Cumulative,AMC 15,MF,MF,3018,INF109KB16Z2,Yes
3215,ICICI Prudential Value Fund Series 19 IDCW,AMC 15,MF,MF,3019,INF109KB17Z0,Yes
3216,ICICI PRUDENTIAL VALUE FUND SERIES 2 DIVIDEND PAYOUT,AMC 15,MF,MF,2207,INF109KA1GZ6,Yes
3217,ICICI Prudential Value Fund Series 20 Cumulative,AMC 15,MF,MF,3034,INF109KC1333,Yes
3218,ICICI Prudential Value Fund Series 20 IDCW,AMC 15,MF,MF,3035,INF109KC1341,Yes
3219,ICICI PRUDENTIAL VALUE FUND SERIES 3 DIVIDEND PAYOUT,AMC 15,MF,MF,2296,INF109KA1OD7,Yes
3220,ICICI PRUDENTIAL VALUE FUND SERIES 4 CUMULATIVE,AMC 15,MF,MF,2365,INF109KA1TP0,Yes
3221,ICICI PRUDENTIAL VALUE FUND SERIES 4 DIVIDEND PAYOUT,AMC 15,MF,MF,2366,INF109KA1TQ8,Yes
3222,ICICI PRUDENTIAL VALUE FUND SERIES 5 CUMULATIVE,AMC 15,MF,MF,2487,INF109KA1J00,Yes
3223,ICICI PRUDENTIAL VALUE FUND SERIES 5 DIVIDEND PAYOUT,AMC 15,MF,MF,2488,INF109KA1J18,Yes
3224,ICICI PRUDENTIAL VALUE FUND SERIES 6 CUMULATIVE,AMC 15,MF,MF,2639,INF109KB1557,Yes
3225,ICICI PRUDENTIAL VALUE FUND SERIES 6 DIVIDEND PAYOUT,AMC 15,MF,MF,2640,INF109KB1565,Yes
3226,ICICI PRUDENTIAL VALUE FUND SERIES 7 DIVIDEND PAYOUT,AMC 15,MF,MF,2670,INF109KB1EU1,Yes
3227,ICICI PRUDENTIAL VALUE FUND SERIES 9 CUMULATIVE,AMC 15,MF,MF,2880,INF109KB1I25,Yes
3228,ICICI PRUDENTIAL VALUE FUND SERIES 9 DIVIDEND PAYOUT,AMC 15,MF,MF,2881,INF109KB1I33,Yes
3229,LONG TERM FRPA - MONTHLY DIVIDEND REINVESTMENT,AMC 15,MF,MF,LFRAD,INF109K01AG6,Yes
3230,LONG TERM FRPA - WEEKLY DIVIDEND REINVESTMENT,AMC 15,MF,MF,LFRAW,INF109K01IP0,Yes
3231,LONG TERM FRPB - MONTHLY DIVIDEND REINVESTMENT,AMC 15,MF,MF,LFRBD,INF109K01AI2,Yes
3232,LONG TERM FRPB - WEEKLY DIVIDEND REINVESTMENT,AMC 15,MF,MF,LFRBW,INF109K01IR6,Yes
3233,MULTIPLE YIELD PLAN -SERIES II PLAN B-HALF YEARLY-DIVIDEND PAYOUT,AMC 15,MF,MF,1850,INF109K01XM6,Yes
3234,MULTIPLE YIELD PLAN -SERIES II PLAN C - HALF YEARLY DIVIDEND PAYOUT,AMC 15,MF,MF,1856,INF109K01XS3,Yes
3235,MULTIPLE YIELD PLAN -SERIES II PLAN D DIVIDEND PAYOUT,AMC 15,MF,MF,1872,INF109K01YO0,Yes
3236,MULTIPLE YIELD PLAN -SERIES II PLAN E DIVIDEND PAYOUT,AMC 15,MF,MF,1910,INF109K01A47,Yes
3237,MULTIPLE YIELD PLAN -SERIES II PLAN F -HALF YEARLY DP-DIVIDEND PAYOUT,AMC 15,MF,MF,1922,INF109K01B20,Yes
3238,MULTIPLE YIELD PLAN B CUMULATIVE,AMC 15,MF,MF,1770,INF109K01QN8,Yes
3239,MULTIPLE YIELD PLAN B DIVIDEND PAYOUT,AMC 15,MF,MF,1771,INF109K01QO6,Yes
3240,MULTIPLE YIELD PLAN D CUMULATIVE,AMC 15,MF,MF,1801,INF109K01RP1,Yes
3241,MULTIPLE YIELD PLAN D DIVIDEND PAYOUT,AMC 15,MF,MF,1802,INF109K01RQ9,Yes
3242,MULTIPLE YIELD PLAN E CUMULATIVE,AMC 15,MF,MF,1844,INF109K01WZ0,Yes
3243,MULTIPLE YIELD PLAN E DIVIDEND PAYOUT,AMC 15,MF,MF,1845,INF109K01XA1,Yes
3244,MULTIPLE YIELD PLAN-SERIES II PLAN B CUMULATIVE,AMC 15,MF,MF,1849,INF109K01XL8,Yes
3245,MULTIPLE YIELD PLAN-SERIES II PLAN C CUMULATIVE - GROWTH,AMC 15,MF,MF,1855,INF109K01XR5,Yes
3246,MULTIPLE YIELD PLAN-SERIES II PLAN D CUMULATIVE,AMC 15,MF,MF,1871,INF109K01YN2,Yes
3247,MULTIPLE YIELD PLAN-SERIES II PLAN E CUMULATIVE,AMC 15,MF,MF,1909,INF109K01A39,Yes
3248,MULTIPLE YIELD PLAN-SERIES II PLAN F GROWTH,AMC 15,MF,MF,1921,INF109K01B12,Yes
3249,Social Venture Fund,Impact AMC,SIF,SIF,SIF-SV-300,INF000000003,Yes
3250,Specialised investment fund,Impact Capital,SIF,SIF,SIF-301,INF003,Yes
3251,Super Growth Fund,Super AMC,OTHER,MUTUAL_FUND,MF-SG-100,INF123456789,Yes